{"type": "FeatureCollection", "features": [{"type": "Feature", "geometry": {"type": "Point", "coordinates": [77.59179163992653, 12.983527273416763]}, "properties": {"kind": "junction", "edge_id": ":10016225540_0", "from": null, "to": null, "type": null, "priority": null, "numLanes": null, "speed": null, "length": null, "function": "internal"}}, {"type": "Feature", "geometry": {"type": "Point", "coordinates": [77.59172333040887, 12.983469592751154]}, "properties": {"kind": "junction", "edge_id": ":10016225540_3", "from": null, "to": null, "type": null, "priority": null, "numLanes": null, "speed": null, "length": null, "function": "internal"}}, {"type": "Feature", "geometry": {"type": "Point", "coordinates": [77.60000499897764, 12.9765428377268]}, "properties": {"kind": "junction", "edge_id": ":10083741121_0", "from": null, "to": null, "type": null, "priority": null, "numLanes": null, "speed": null, "length": null, "function": "internal"}}, {"type": "Feature", "geometry": {"type": "Point", "coordinates": [77.58962585905655, 12.985995823870397]}, "properties": {"kind": "junction", "edge_id": ":10121158732_0", "from": null, "to": null, "type": null, "priority": null, "numLanes": null, "speed": null, "length": null, "function": "internal"}}, {"type": "Feature", "geometry": {"type": "Point", "coordinates": [77.58959448594348, 12.98599984065412]}, "properties": {"kind": "junction", "edge_id": ":10121158732_1", "from": null, "to": null, "type": null, "priority": null, "numLanes": null, "speed": null, "length": null, "function": "internal"}}, {"type": "Feature", "geometry": {"type": "Point", "coordinates": [77.58705043226469, 12.976136323778473]}, "properties": {"kind": "junction", "edge_id": ":10121158807_0", "from": null, "to": null, "type": null, "priority": null, "numLanes": null, "speed": null, "length": null, "function": "internal"}}, {"type": "Feature", "geometry": {"type": "Point", "coordinates": [77.58540899874131, 12.977329742979324]}, "properties": {"kind": "junction", "edge_id": ":1054230460-AddedOnRampNode_0", "from": null, "to": null, "type": null, "priority": null, "numLanes": null, "speed": null, "length": null, "function": "internal"}}, {"type": "Feature", "geometry": {"type": "Point", "coordinates": [77.59707393481376, 12.96511841003228]}, "properties": {"kind": "junction", "edge_id": ":1067769842_0", "from": null, "to": null, "type": null, "priority": null, "numLanes": null, "speed": null, "length": null, "function": "internal"}}, {"type": "Feature", "geometry": {"type": "Point", "coordinates": [77.59702052809153, 12.965129332546349]}, "properties": {"kind": "junction", "edge_id": ":1067769842_2", "from": null, "to": null, "type": null, "priority": null, "numLanes": null, "speed": null, "length": null, "function": "internal"}}, {"type": "Feature", "geometry": {"type": "Point", "coordinates": [77.5969869415541, 12.964804341429808]}, "properties": {"kind": "junction", "edge_id": ":1067781007_0", "from": null, "to": null, "type": null, "priority": null, "numLanes": null, "speed": null, "length": null, "function": "internal"}}, {"type": "Feature", "geometry": {"type": "Point", "coordinates": [77.59689866644976, 12.964819496660787]}, "properties": {"kind": "junction", "edge_id": ":1067781007_1", "from": null, "to": null, "type": null, "priority": null, "numLanes": null, "speed": null, "length": null, "function": "internal"}}, {"type": "Feature", "geometry": {"type": "Point", "coordinates": [77.59695576524877, 12.964764901506443]}, "properties": {"kind": "junction", "edge_id": ":1067781007_3", "from": null, "to": null, "type": null, "priority": null, "numLanes": null, "speed": null, "length": null, "function": "internal"}}, {"type": "Feature", "geometry": {"type": "Point", "coordinates": [77.59694882533891, 12.964859560234915]}, "properties": {"kind": "junction", "edge_id": ":1067781007_5", "from": null, "to": null, "type": null, "priority": null, "numLanes": null, "speed": null, "length": null, "function": "internal"}}, {"type": "Feature", "geometry": {"type": "Point", "coordinates": [77.60064814760148, 12.96754537442556]}, "properties": {"kind": "junction", "edge_id": ":1067781033_0", "from": null, "to": null, "type": null, "priority": null, "numLanes": null, "speed": null, "length": null, "function": "internal"}}, {"type": "Feature", "geometry": {"type": "Point", "coordinates": [77.60437058320939, 12.978724377479073]}, "properties": {"kind": "junction", "edge_id": ":107215079#0-AddedOnRampNode_0", "from": null, "to": null, "type": null, "priority": null, "numLanes": null, "speed": null, "length": null, "function": "internal"}}, {"type": "Feature", "geometry": {"type": "Point", "coordinates": [77.58705312619513, 12.975755587738394]}, "properties": {"kind": "junction", "edge_id": ":10978687879_0", "from": null, "to": null, "type": null, "priority": null, "numLanes": null, "speed": null, "length": null, "function": "internal"}}, {"type": "Feature", "geometry": {"type": "Point", "coordinates": [77.58740326816475, 12.97601256511064]}, "properties": {"kind": "junction", "edge_id": ":10980051591_0", "from": null, "to": null, "type": null, "priority": null, "numLanes": null, "speed": null, "length": null, "function": "internal"}}, {"type": "Feature", "geometry": {"type": "Point", "coordinates": [77.61815746003573, 12.972681050860775]}, "properties": {"kind": "junction", "edge_id": ":1112419802-AddedOnRampNode_0", "from": null, "to": null, "type": null, "priority": null, "numLanes": null, "speed": null, "length": null, "function": "internal"}}, {"type": "Feature", "geometry": {"type": "Point", "coordinates": [77.58535959706023, 12.96563284887727]}, "properties": {"kind": "junction", "edge_id": ":111867007-AddedOffRampNode_0", "from": null, "to": null, "type": null, "priority": null, "numLanes": null, "speed": null, "length": null, "function": "internal"}}, {"type": "Feature", "geometry": {"type": "Point", "coordinates": [77.60741426187133, 12.973174295403858]}, "properties": {"kind": "junction", "edge_id": ":1125542419-AddedOffRampNode_0", "from": null, "to": null, "type": null, "priority": null, "numLanes": null, "speed": null, "length": null, "function": "internal"}}, {"type": "Feature", "geometry": {"type": "Point", "coordinates": [77.61038688895766, 12.973538908952474]}, "properties": {"kind": "junction", "edge_id": ":11283487985_0", "from": null, "to": null, "type": null, "priority": null, "numLanes": null, "speed": null, "length": null, "function": "internal"}}, {"type": "Feature", "geometry": {"type": "Point", "coordinates": [77.61032353719025, 12.973479647848515]}, "properties": {"kind": "junction", "edge_id": ":11283487985_2", "from": null, "to": null, "type": null, "priority": null, "numLanes": null, "speed": null, "length": null, "function": "internal"}}, {"type": "Feature", "geometry": {"type": "Point", "coordinates": [77.59719384384283, 12.982742732635115]}, "properties": {"kind": "junction", "edge_id": ":11342970531_0", "from": null, "to": null, "type": null, "priority": null, "numLanes": null, "speed": null, "length": null, "function": "internal"}}, {"type": "Feature", "geometry": {"type": "Point", "coordinates": [77.59718663480979, 12.982651829060215]}, "properties": {"kind": "junction", "edge_id": ":11342970531_1", "from": null, "to": null, "type": null, "priority": null, "numLanes": null, "speed": null, "length": null, "function": "internal"}}, {"type": "Feature", "geometry": {"type": "Point", "coordinates": [77.59723795944998, 12.982706154463427]}, "properties": {"kind": "junction", "edge_id": ":11342970531_4", "from": null, "to": null, "type": null, "priority": null, "numLanes": null, "speed": null, "length": null, "function": "internal"}}, {"type": "Feature", "geometry": {"type": "Point", "coordinates": [77.59713209035453, 12.982704321507711]}, "properties": {"kind": "junction", "edge_id": ":11342970531_6", "from": null, "to": null, "type": null, "priority": null, "numLanes": null, "speed": null, "length": null, "function": "internal"}}, {"type": "Feature", "geometry": {"type": "Point", "coordinates": [77.59502505478638, 12.967276286899228]}, "properties": {"kind": "junction", "edge_id": ":11425338077_0", "from": null, "to": null, "type": null, "priority": null, "numLanes": null, "speed": null, "length": null, "function": "internal"}}, {"type": "Feature", "geometry": {"type": "Point", "coordinates": [77.5949623251212, 12.967276551206854]}, "properties": {"kind": "junction", "edge_id": ":11425338077_2", "from": null, "to": null, "type": null, "priority": null, "numLanes": null, "speed": null, "length": null, "function": "internal"}}, {"type": "Feature", "geometry": {"type": "Point", "coordinates": [77.60036187261215, 12.967973480877426]}, "properties": {"kind": "junction", "edge_id": ":11496183647_0", "from": null, "to": null, "type": null, "priority": null, "numLanes": null, "speed": null, "length": null, "function": "internal"}}, {"type": "Feature", "geometry": {"type": "Point", "coordinates": [77.60034050610209, 12.968062592048435]}, "properties": {"kind": "junction", "edge_id": ":11496183647_2", "from": null, "to": null, "type": null, "priority": null, "numLanes": null, "speed": null, "length": null, "function": "internal"}}, {"type": "Feature", "geometry": {"type": "Point", "coordinates": [77.60031055054334, 12.96803434304597]}, "properties": {"kind": "junction", "edge_id": ":11496183647_4", "from": null, "to": null, "type": null, "priority": null, "numLanes": null, "speed": null, "length": null, "function": "internal"}}, {"type": "Feature", "geometry": {"type": "Point", "coordinates": [77.5885714690391, 12.990439950026714]}, "properties": {"kind": "junction", "edge_id": ":11668359723_0", "from": null, "to": null, "type": null, "priority": null, "numLanes": null, "speed": null, "length": null, "function": "internal"}}, {"type": "Feature", "geometry": {"type": "Point", "coordinates": [77.58858834733697, 12.99045956709308]}, "properties": {"kind": "junction", "edge_id": ":11668359723_1", "from": null, "to": null, "type": null, "priority": null, "numLanes": null, "speed": null, "length": null, "function": "internal"}}, {"type": "Feature", "geometry": {"type": "Point", "coordinates": [77.58856978733682, 12.99046435959426]}, "properties": {"kind": "junction", "edge_id": ":11668359723_10", "from": null, "to": null, "type": null, "priority": null, "numLanes": null, "speed": null, "length": null, "function": "internal"}}, {"type": "Feature", "geometry": {"type": "Point", "coordinates": [77.588596003034, 12.990513787376962]}, "properties": {"kind": "junction", "edge_id": ":11668359723_11", "from": null, "to": null, "type": null, "priority": null, "numLanes": null, "speed": null, "length": null, "function": "internal"}}, {"type": "Feature", "geometry": {"type": "Point", "coordinates": [77.58863620032501, 12.990418887220393]}, "properties": {"kind": "junction", "edge_id": ":11668359723_2", "from": null, "to": null, "type": null, "priority": null, "numLanes": null, "speed": null, "length": null, "function": "internal"}}, {"type": "Feature", "geometry": {"type": "Point", "coordinates": [77.5886404785744, 12.990476122505203]}, "properties": {"kind": "junction", "edge_id": ":11668359723_3", "from": null, "to": null, "type": null, "priority": null, "numLanes": null, "speed": null, "length": null, "function": "internal"}}, {"type": "Feature", "geometry": {"type": "Point", "coordinates": [77.58861402979699, 12.990493099691482]}, "properties": {"kind": "junction", "edge_id": ":11668359723_4", "from": null, "to": null, "type": null, "priority": null, "numLanes": null, "speed": null, "length": null, "function": "internal"}}, {"type": "Feature", "geometry": {"type": "Point", "coordinates": [77.58861066283384, 12.990514906086169]}, "properties": {"kind": "junction", "edge_id": ":11668359723_5", "from": null, "to": null, "type": null, "priority": null, "numLanes": null, "speed": null, "length": null, "function": "internal"}}, {"type": "Feature", "geometry": {"type": "Point", "coordinates": [77.58857630278906, 12.990497450810114]}, "properties": {"kind": "junction", "edge_id": ":11668359723_6", "from": null, "to": null, "type": null, "priority": null, "numLanes": null, "speed": null, "length": null, "function": "internal"}}, {"type": "Feature", "geometry": {"type": "Point", "coordinates": [77.58860390228917, 12.990475944972331]}, "properties": {"kind": "junction", "edge_id": ":11668359723_7", "from": null, "to": null, "type": null, "priority": null, "numLanes": null, "speed": null, "length": null, "function": "internal"}}, {"type": "Feature", "geometry": {"type": "Point", "coordinates": [77.58854645370033, 12.990479679541314]}, "properties": {"kind": "junction", "edge_id": ":11668359723_9", "from": null, "to": null, "type": null, "priority": null, "numLanes": null, "speed": null, "length": null, "function": "internal"}}, {"type": "Feature", "geometry": {"type": "Point", "coordinates": [77.59231634829628, 12.98316897717728]}, "properties": {"kind": "junction", "edge_id": ":11675668171_0", "from": null, "to": null, "type": null, "priority": null, "numLanes": null, "speed": null, "length": null, "function": "internal"}}, {"type": "Feature", "geometry": {"type": "Point", "coordinates": [77.59231267734708, 12.983125919932009]}, "properties": {"kind": "junction", "edge_id": ":11675668171_2", "from": null, "to": null, "type": null, "priority": null, "numLanes": null, "speed": null, "length": null, "function": "internal"}}, {"type": "Feature", "geometry": {"type": "Point", "coordinates": [77.61947810248893, 12.972305842841028]}, "properties": {"kind": "junction", "edge_id": ":11707460711_0", "from": null, "to": null, "type": null, "priority": null, "numLanes": null, "speed": null, "length": null, "function": "internal"}}, {"type": "Feature", "geometry": {"type": "Point", "coordinates": [77.58186458427535, 12.979729455521818]}, "properties": {"kind": "junction", "edge_id": ":11731358824_0", "from": null, "to": null, "type": null, "priority": null, "numLanes": null, "speed": null, "length": null, "function": "internal"}}, {"type": "Feature", "geometry": {"type": "Point", "coordinates": [77.61034895767902, 12.97040720825433]}, "properties": {"kind": "junction", "edge_id": ":11854316021_0", "from": null, "to": null, "type": null, "priority": null, "numLanes": null, "speed": null, "length": null, "function": "internal"}}, {"type": "Feature", "geometry": {"type": "Point", "coordinates": [77.60971761504408, 12.970543094499737]}, "properties": {"kind": "junction", "edge_id": ":11854316023_0", "from": null, "to": null, "type": null, "priority": null, "numLanes": null, "speed": null, "length": null, "function": "internal"}}, {"type": "Feature", "geometry": {"type": "Point", "coordinates": [77.60972554181706, 12.970570027366941]}, "properties": {"kind": "junction", "edge_id": ":11854316023_1", "from": null, "to": null, "type": null, "priority": null, "numLanes": null, "speed": null, "length": null, "function": "internal"}}, {"type": "Feature", "geometry": {"type": "Point", "coordinates": [77.59050305937562, 12.954224034561161]}, "properties": {"kind": "junction", "edge_id": ":12058807535_0", "from": null, "to": null, "type": null, "priority": null, "numLanes": null, "speed": null, "length": null, "function": "internal"}}, {"type": "Feature", "geometry": {"type": "Point", "coordinates": [77.59045104635233, 12.954218137552472]}, "properties": {"kind": "junction", "edge_id": ":12058807535_2", "from": null, "to": null, "type": null, "priority": null, "numLanes": null, "speed": null, "length": null, "function": "internal"}}, {"type": "Feature", "geometry": {"type": "Point", "coordinates": [77.59640686936262, 12.965016383897623]}, "properties": {"kind": "junction", "edge_id": ":12111889674_0", "from": null, "to": null, "type": null, "priority": null, "numLanes": null, "speed": null, "length": null, "function": "internal"}}, {"type": "Feature", "geometry": {"type": "Point", "coordinates": [77.59640930901932, 12.96499404474326]}, "properties": {"kind": "junction", "edge_id": ":12111889674_2", "from": null, "to": null, "type": null, "priority": null, "numLanes": null, "speed": null, "length": null, "function": "internal"}}, {"type": "Feature", "geometry": {"type": "Point", "coordinates": [77.58625530589138, 12.965842218721466]}, "properties": {"kind": "junction", "edge_id": ":12111889684_0", "from": null, "to": null, "type": null, "priority": null, "numLanes": null, "speed": null, "length": null, "function": "internal"}}, {"type": "Feature", "geometry": {"type": "Point", "coordinates": [77.59680003055972, 12.964821565131011]}, "properties": {"kind": "junction", "edge_id": ":12119649210_0", "from": null, "to": null, "type": null, "priority": null, "numLanes": null, "speed": null, "length": null, "function": "internal"}}, {"type": "Feature", "geometry": {"type": "Point", "coordinates": [77.59675792363022, 12.964811776533557]}, "properties": {"kind": "junction", "edge_id": ":12119649210_2", "from": null, "to": null, "type": null, "priority": null, "numLanes": null, "speed": null, "length": null, "function": "internal"}}, {"type": "Feature", "geometry": {"type": "Point", "coordinates": [77.59681259796785, 12.964905278334626]}, "properties": {"kind": "junction", "edge_id": ":12119649210_3", "from": null, "to": null, "type": null, "priority": null, "numLanes": null, "speed": null, "length": null, "function": "internal"}}, {"type": "Feature", "geometry": {"type": "Point", "coordinates": [77.5892735068108, 12.96338899935154]}, "properties": {"kind": "junction", "edge_id": ":12128921373_0", "from": null, "to": null, "type": null, "priority": null, "numLanes": null, "speed": null, "length": null, "function": "internal"}}, {"type": "Feature", "geometry": {"type": "Point", "coordinates": [77.58922943308698, 12.963393864705587]}, "properties": {"kind": "junction", "edge_id": ":12128921373_3", "from": null, "to": null, "type": null, "priority": null, "numLanes": null, "speed": null, "length": null, "function": "internal"}}, {"type": "Feature", "geometry": {"type": "Point", "coordinates": [77.59282972105284, 12.989610856647078]}, "properties": {"kind": "junction", "edge_id": ":12135211599_0", "from": null, "to": null, "type": null, "priority": null, "numLanes": null, "speed": null, "length": null, "function": "internal"}}, {"type": "Feature", "geometry": {"type": "Point", "coordinates": [77.59281707926702, 12.989653263575915]}, "properties": {"kind": "junction", "edge_id": ":12135211599_2", "from": null, "to": null, "type": null, "priority": null, "numLanes": null, "speed": null, "length": null, "function": "internal"}}, {"type": "Feature", "geometry": {"type": "Point", "coordinates": [77.58747005432645, 12.975816486676278]}, "properties": {"kind": "junction", "edge_id": ":12141911042_0", "from": null, "to": null, "type": null, "priority": null, "numLanes": null, "speed": null, "length": null, "function": "internal"}}, {"type": "Feature", "geometry": {"type": "Point", "coordinates": [77.58746478794707, 12.975832800983074]}, "properties": {"kind": "junction", "edge_id": ":12141911042_2", "from": null, "to": null, "type": null, "priority": null, "numLanes": null, "speed": null, "length": null, "function": "internal"}}, {"type": "Feature", "geometry": {"type": "Point", "coordinates": [77.58719687295807, 12.975643395832934]}, "properties": {"kind": "junction", "edge_id": ":12141911045_0", "from": null, "to": null, "type": null, "priority": null, "numLanes": null, "speed": null, "length": null, "function": "internal"}}, {"type": "Feature", "geometry": {"type": "Point", "coordinates": [77.5871504225361, 12.975668070186703]}, "properties": {"kind": "junction", "edge_id": ":12141911045_4", "from": null, "to": null, "type": null, "priority": null, "numLanes": null, "speed": null, "length": null, "function": "internal"}}, {"type": "Feature", "geometry": {"type": "Point", "coordinates": [77.58714785437479, 12.976069855081171]}, "properties": {"kind": "junction", "edge_id": ":12141911057_0", "from": null, "to": null, "type": null, "priority": null, "numLanes": null, "speed": null, "length": null, "function": "internal"}}, {"type": "Feature", "geometry": {"type": "Point", "coordinates": [77.5871318017043, 12.976049777775444]}, "properties": {"kind": "junction", "edge_id": ":12141911057_2", "from": null, "to": null, "type": null, "priority": null, "numLanes": null, "speed": null, "length": null, "function": "internal"}}, {"type": "Feature", "geometry": {"type": "Point", "coordinates": [77.58701427093628, 12.97592672433016]}, "properties": {"kind": "junction", "edge_id": ":12141911062_0", "from": null, "to": null, "type": null, "priority": null, "numLanes": null, "speed": null, "length": null, "function": "internal"}}, {"type": "Feature", "geometry": {"type": "Point", "coordinates": [77.587031853986, 12.975943353350843]}, "properties": {"kind": "junction", "edge_id": ":12141911062_2", "from": null, "to": null, "type": null, "priority": null, "numLanes": null, "speed": null, "length": null, "function": "internal"}}, {"type": "Feature", "geometry": {"type": "Point", "coordinates": [77.5944127366536, 12.981927788339354]}, "properties": {"kind": "junction", "edge_id": ":12147813608_0", "from": null, "to": null, "type": null, "priority": null, "numLanes": null, "speed": null, "length": null, "function": "internal"}}, {"type": "Feature", "geometry": {"type": "Point", "coordinates": [77.59466541601432, 12.962192542129106]}, "properties": {"kind": "junction", "edge_id": ":12167359660_0", "from": null, "to": null, "type": null, "priority": null, "numLanes": null, "speed": null, "length": null, "function": "internal"}}, {"type": "Feature", "geometry": {"type": "Point", "coordinates": [77.58860117173852, 12.990541381045743]}, "properties": {"kind": "junction", "edge_id": ":12185484353_0", "from": null, "to": null, "type": null, "priority": null, "numLanes": null, "speed": null, "length": null, "function": "internal"}}, {"type": "Feature", "geometry": {"type": "Point", "coordinates": [77.61071447478948, 12.973522159421345]}, "properties": {"kind": "junction", "edge_id": ":1232953258_0", "from": null, "to": null, "type": null, "priority": null, "numLanes": null, "speed": null, "length": null, "function": "internal"}}, {"type": "Feature", "geometry": {"type": "Point", "coordinates": [77.61097844518429, 12.973438562454497]}, "properties": {"kind": "junction", "edge_id": ":1232953264_0", "from": null, "to": null, "type": null, "priority": null, "numLanes": null, "speed": null, "length": null, "function": "internal"}}, {"type": "Feature", "geometry": {"type": "Point", "coordinates": [77.61091210014295, 12.973445552530794]}, "properties": {"kind": "junction", "edge_id": ":1232953264_3", "from": null, "to": null, "type": null, "priority": null, "numLanes": null, "speed": null, "length": null, "function": "internal"}}, {"type": "Feature", "geometry": {"type": "Point", "coordinates": [77.61111903793204, 12.97377566367168]}, "properties": {"kind": "junction", "edge_id": ":1232953300_0", "from": null, "to": null, "type": null, "priority": null, "numLanes": null, "speed": null, "length": null, "function": "internal"}}, {"type": "Feature", "geometry": {"type": "Point", "coordinates": [77.6071401731927, 12.971403436851176]}, "properties": {"kind": "junction", "edge_id": ":1232963668_0", "from": null, "to": null, "type": null, "priority": null, "numLanes": null, "speed": null, "length": null, "function": "internal"}}, {"type": "Feature", "geometry": {"type": "Point", "coordinates": [77.60712932799963, 12.971414657706948]}, "properties": {"kind": "junction", "edge_id": ":1232963668_1", "from": null, "to": null, "type": null, "priority": null, "numLanes": null, "speed": null, "length": null, "function": "internal"}}, {"type": "Feature", "geometry": {"type": "Point", "coordinates": [77.60714700761919, 12.971431645587408]}, "properties": {"kind": "junction", "edge_id": ":1232963668_2", "from": null, "to": null, "type": null, "priority": null, "numLanes": null, "speed": null, "length": null, "function": "internal"}}, {"type": "Feature", "geometry": {"type": "Point", "coordinates": [77.60713416866805, 12.971428341264827]}, "properties": {"kind": "junction", "edge_id": ":1232963668_3", "from": null, "to": null, "type": null, "priority": null, "numLanes": null, "speed": null, "length": null, "function": "internal"}}, {"type": "Feature", "geometry": {"type": "Point", "coordinates": [77.59713680674204, 12.964812331757749]}, "properties": {"kind": "junction", "edge_id": ":12462400265_0", "from": null, "to": null, "type": null, "priority": null, "numLanes": null, "speed": null, "length": null, "function": "internal"}}, {"type": "Feature", "geometry": {"type": "Point", "coordinates": [77.59088779503611, 12.954034821622443]}, "properties": {"kind": "junction", "edge_id": ":12718284170_0", "from": null, "to": null, "type": null, "priority": null, "numLanes": null, "speed": null, "length": null, "function": "internal"}}, {"type": "Feature", "geometry": {"type": "Point", "coordinates": [77.59086180263904, 12.954024329308822]}, "properties": {"kind": "junction", "edge_id": ":12718284170_2", "from": null, "to": null, "type": null, "priority": null, "numLanes": null, "speed": null, "length": null, "function": "internal"}}, {"type": "Feature", "geometry": {"type": "Point", "coordinates": [77.61048991883519, 12.970320871708447]}, "properties": {"kind": "junction", "edge_id": ":1274338614_0", "from": null, "to": null, "type": null, "priority": null, "numLanes": null, "speed": null, "length": null, "function": "internal"}}, {"type": "Feature", "geometry": {"type": "Point", "coordinates": [77.61047106516948, 12.970270830537126]}, "properties": {"kind": "junction", "edge_id": ":1274338614_3", "from": null, "to": null, "type": null, "priority": null, "numLanes": null, "speed": null, "length": null, "function": "internal"}}, {"type": "Feature", "geometry": {"type": "Point", "coordinates": [77.59023399453919, 12.954295191601807]}, "properties": {"kind": "junction", "edge_id": ":1276378401_0", "from": null, "to": null, "type": null, "priority": null, "numLanes": null, "speed": null, "length": null, "function": "internal"}}, {"type": "Feature", "geometry": {"type": "Point", "coordinates": [77.59537724781677, 12.966008598234682]}, "properties": {"kind": "junction", "edge_id": ":1308725870#2-AddedOnRampNode_0", "from": null, "to": null, "type": null, "priority": null, "numLanes": null, "speed": null, "length": null, "function": "internal"}}, {"type": "Feature", "geometry": {"type": "Point", "coordinates": [77.58584028850112, 12.990068196078013]}, "properties": {"kind": "junction", "edge_id": ":1312448620#2-AddedOnRampNode_0", "from": null, "to": null, "type": null, "priority": null, "numLanes": null, "speed": null, "length": null, "function": "internal"}}, {"type": "Feature", "geometry": {"type": "Point", "coordinates": [77.58009860234169, 12.980410479076761]}, "properties": {"kind": "junction", "edge_id": ":1314308310-AddedOnRampNode_0", "from": null, "to": null, "type": null, "priority": null, "numLanes": null, "speed": null, "length": null, "function": "internal"}}, {"type": "Feature", "geometry": {"type": "Point", "coordinates": [77.59703768577376, 12.964918571013344]}, "properties": {"kind": "junction", "edge_id": ":13321896550_0", "from": null, "to": null, "type": null, "priority": null, "numLanes": null, "speed": null, "length": null, "function": "internal"}}, {"type": "Feature", "geometry": {"type": "Point", "coordinates": [77.59705654569997, 12.96496951710384]}, "properties": {"kind": "junction", "edge_id": ":13321896550_2", "from": null, "to": null, "type": null, "priority": null, "numLanes": null, "speed": null, "length": null, "function": "internal"}}, {"type": "Feature", "geometry": {"type": "Point", "coordinates": [77.5969998515053, 12.964974329072676]}, "properties": {"kind": "junction", "edge_id": ":13321896550_3", "from": null, "to": null, "type": null, "priority": null, "numLanes": null, "speed": null, "length": null, "function": "internal"}}, {"type": "Feature", "geometry": {"type": "Point", "coordinates": [77.59698081206069, 12.96492383648434]}, "properties": {"kind": "junction", "edge_id": ":13321896550_5", "from": null, "to": null, "type": null, "priority": null, "numLanes": null, "speed": null, "length": null, "function": "internal"}}, {"type": "Feature", "geometry": {"type": "Point", "coordinates": [77.59619572084739, 12.963620517157013]}, "properties": {"kind": "junction", "edge_id": ":1454651936_0", "from": null, "to": null, "type": null, "priority": null, "numLanes": null, "speed": null, "length": null, "function": "internal"}}, {"type": "Feature", "geometry": {"type": "Point", "coordinates": [77.59473731853734, 12.966791573061128]}, "properties": {"kind": "junction", "edge_id": ":1469034694_0", "from": null, "to": null, "type": null, "priority": null, "numLanes": null, "speed": null, "length": null, "function": "internal"}}, {"type": "Feature", "geometry": {"type": "Point", "coordinates": [77.59478720878793, 12.966832362466477]}, "properties": {"kind": "junction", "edge_id": ":1469034694_2", "from": null, "to": null, "type": null, "priority": null, "numLanes": null, "speed": null, "length": null, "function": "internal"}}, {"type": "Feature", "geometry": {"type": "Point", "coordinates": [77.59503455573582, 12.96687777754912]}, "properties": {"kind": "junction", "edge_id": ":1469034722_0", "from": null, "to": null, "type": null, "priority": null, "numLanes": null, "speed": null, "length": null, "function": "internal"}}, {"type": "Feature", "geometry": {"type": "Point", "coordinates": [77.59506707688016, 12.966895883239374]}, "properties": {"kind": "junction", "edge_id": ":1469034722_2", "from": null, "to": null, "type": null, "priority": null, "numLanes": null, "speed": null, "length": null, "function": "internal"}}, {"type": "Feature", "geometry": {"type": "Point", "coordinates": [77.59776870955736, 12.965760049130402]}, "properties": {"kind": "junction", "edge_id": ":1474402823-AddedOnRampNode_0", "from": null, "to": null, "type": null, "priority": null, "numLanes": null, "speed": null, "length": null, "function": "internal"}}, {"type": "Feature", "geometry": {"type": "Point", "coordinates": [77.58702565516118, 12.975833918206668]}, "properties": {"kind": "junction", "edge_id": ":1482644048_0", "from": null, "to": null, "type": null, "priority": null, "numLanes": null, "speed": null, "length": null, "function": "internal"}}, {"type": "Feature", "geometry": {"type": "Point", "coordinates": [77.5870145165226, 12.975843605487126]}, "properties": {"kind": "junction", "edge_id": ":1482644048_2", "from": null, "to": null, "type": null, "priority": null, "numLanes": null, "speed": null, "length": null, "function": "internal"}}, {"type": "Feature", "geometry": {"type": "Point", "coordinates": [77.60128482997246, 12.97221995228107]}, "properties": {"kind": "junction", "edge_id": ":1492519184_0", "from": null, "to": null, "type": null, "priority": null, "numLanes": null, "speed": null, "length": null, "function": "internal"}}, {"type": "Feature", "geometry": {"type": "Point", "coordinates": [77.5834970636076, 12.97867355552273]}, "properties": {"kind": "junction", "edge_id": ":150785556#1-AddedOffRampNode_0", "from": null, "to": null, "type": null, "priority": null, "numLanes": null, "speed": null, "length": null, "function": "internal"}}, {"type": "Feature", "geometry": {"type": "Point", "coordinates": [77.59296111620728, 12.982368967400426]}, "properties": {"kind": "junction", "edge_id": ":152051153#1-AddedOffRampNode_0", "from": null, "to": null, "type": null, "priority": null, "numLanes": null, "speed": null, "length": null, "function": "internal"}}, {"type": "Feature", "geometry": {"type": "Point", "coordinates": [77.59350371056658, 12.982225508449554]}, "properties": {"kind": "junction", "edge_id": ":152051153#1-AddedOnRampNode_0", "from": null, "to": null, "type": null, "priority": null, "numLanes": null, "speed": null, "length": null, "function": "internal"}}, {"type": "Feature", "geometry": {"type": "Point", "coordinates": [77.5893388949001, 12.984253875767187]}, "properties": {"kind": "junction", "edge_id": ":152051153#3-AddedOffRampNode_0", "from": null, "to": null, "type": null, "priority": null, "numLanes": null, "speed": null, "length": null, "function": "internal"}}, {"type": "Feature", "geometry": {"type": "Point", "coordinates": [77.59069106473834, 12.983628320315555]}, "properties": {"kind": "junction", "edge_id": ":152051153#3-AddedOnRampNode_0", "from": null, "to": null, "type": null, "priority": null, "numLanes": null, "speed": null, "length": null, "function": "internal"}}, {"type": "Feature", "geometry": {"type": "Point", "coordinates": [77.58497363953262, 12.963333270114173]}, "properties": {"kind": "junction", "edge_id": ":1568922443_0", "from": null, "to": null, "type": null, "priority": null, "numLanes": null, "speed": null, "length": null, "function": "internal"}}, {"type": "Feature", "geometry": {"type": "Point", "coordinates": [77.58500511939475, 12.963313081722298]}, "properties": {"kind": "junction", "edge_id": ":1568922443_1", "from": null, "to": null, "type": null, "priority": null, "numLanes": null, "speed": null, "length": null, "function": "internal"}}, {"type": "Feature", "geometry": {"type": "Point", "coordinates": [77.61085988350062, 12.96704739569577]}, "properties": {"kind": "junction", "edge_id": ":1598530796_0", "from": null, "to": null, "type": null, "priority": null, "numLanes": null, "speed": null, "length": null, "function": "internal"}}, {"type": "Feature", "geometry": {"type": "Point", "coordinates": [77.59708880851129, 12.982014351108942]}, "properties": {"kind": "junction", "edge_id": ":1650305476_0", "from": null, "to": null, "type": null, "priority": null, "numLanes": null, "speed": null, "length": null, "function": "internal"}}, {"type": "Feature", "geometry": {"type": "Point", "coordinates": [77.59702667767623, 12.98201939878497]}, "properties": {"kind": "junction", "edge_id": ":1650305476_2", "from": null, "to": null, "type": null, "priority": null, "numLanes": null, "speed": null, "length": null, "function": "internal"}}, {"type": "Feature", "geometry": {"type": "Point", "coordinates": [77.58419999460413, 12.963632403749516]}, "properties": {"kind": "junction", "edge_id": ":1739362364_0", "from": null, "to": null, "type": null, "priority": null, "numLanes": null, "speed": null, "length": null, "function": "internal"}}, {"type": "Feature", "geometry": {"type": "Point", "coordinates": [77.61204879424767, 12.981967056423851]}, "properties": {"kind": "junction", "edge_id": ":1837445472_0", "from": null, "to": null, "type": null, "priority": null, "numLanes": null, "speed": null, "length": null, "function": "internal"}}, {"type": "Feature", "geometry": {"type": "Point", "coordinates": [77.5916217222648, 12.983230201842293]}, "properties": {"kind": "junction", "edge_id": ":1837595282_0", "from": null, "to": null, "type": null, "priority": null, "numLanes": null, "speed": null, "length": null, "function": "internal"}}, {"type": "Feature", "geometry": {"type": "Point", "coordinates": [77.5916527036945, 12.983312828272444]}, "properties": {"kind": "junction", "edge_id": ":1837595282_3", "from": null, "to": null, "type": null, "priority": null, "numLanes": null, "speed": null, "length": null, "function": "internal"}}, {"type": "Feature", "geometry": {"type": "Point", "coordinates": [77.61065355258498, 12.983047295876272]}, "properties": {"kind": "junction", "edge_id": ":1837823368_0", "from": null, "to": null, "type": null, "priority": null, "numLanes": null, "speed": null, "length": null, "function": "internal"}}, {"type": "Feature", "geometry": {"type": "Point", "coordinates": [77.59599945157626, 12.981420295887421]}, "properties": {"kind": "junction", "edge_id": ":2014690200_0", "from": null, "to": null, "type": null, "priority": null, "numLanes": null, "speed": null, "length": null, "function": "internal"}}, {"type": "Feature", "geometry": {"type": "Point", "coordinates": [77.59601455812955, 12.981473357203097]}, "properties": {"kind": "junction", "edge_id": ":2014690200_2", "from": null, "to": null, "type": null, "priority": null, "numLanes": null, "speed": null, "length": null, "function": "internal"}}, {"type": "Feature", "geometry": {"type": "Point", "coordinates": [77.59967508398162, 12.967552027885931]}, "properties": {"kind": "junction", "edge_id": ":2189688559_0", "from": null, "to": null, "type": null, "priority": null, "numLanes": null, "speed": null, "length": null, "function": "internal"}}, {"type": "Feature", "geometry": {"type": "Point", "coordinates": [77.57914373797561, 12.98053550603658]}, "properties": {"kind": "junction", "edge_id": ":2190851942_0", "from": null, "to": null, "type": null, "priority": null, "numLanes": null, "speed": null, "length": null, "function": "internal"}}, {"type": "Feature", "geometry": {"type": "Point", "coordinates": [77.60675693924158, 12.97039372376865]}, "properties": {"kind": "junction", "edge_id": ":23029284-AddedOnRampNode_0", "from": null, "to": null, "type": null, "priority": null, "numLanes": null, "speed": null, "length": null, "function": "internal"}}, {"type": "Feature", "geometry": {"type": "Point", "coordinates": [77.60109735669424, 12.971855757393444]}, "properties": {"kind": "junction", "edge_id": ":23029701#0-AddedOnRampNode_0", "from": null, "to": null, "type": null, "priority": null, "numLanes": null, "speed": null, "length": null, "function": "internal"}}, {"type": "Feature", "geometry": {"type": "Point", "coordinates": [77.58345395928725, 12.976320609573065]}, "properties": {"kind": "junction", "edge_id": ":234946738#0-AddedOnRampNode_0", "from": null, "to": null, "type": null, "priority": null, "numLanes": null, "speed": null, "length": null, "function": "internal"}}, {"type": "Feature", "geometry": {"type": "Point", "coordinates": [77.59863940969221, 12.984032655899478]}, "properties": {"kind": "junction", "edge_id": ":238459130-AddedOffRampNode_0", "from": null, "to": null, "type": null, "priority": null, "numLanes": null, "speed": null, "length": null, "function": "internal"}}, {"type": "Feature", "geometry": {"type": "Point", "coordinates": [77.59502395482185, 12.967312344904258]}, "properties": {"kind": "junction", "edge_id": ":246167200_0", "from": null, "to": null, "type": null, "priority": null, "numLanes": null, "speed": null, "length": null, "function": "internal"}}, {"type": "Feature", "geometry": {"type": "Point", "coordinates": [77.59492413380805, 12.967306835810804]}, "properties": {"kind": "junction", "edge_id": ":246167200_4", "from": null, "to": null, "type": null, "priority": null, "numLanes": null, "speed": null, "length": null, "function": "internal"}}, {"type": "Feature", "geometry": {"type": "Point", "coordinates": [77.59354483520178, 12.959570557388426]}, "properties": {"kind": "junction", "edge_id": ":248455438_0", "from": null, "to": null, "type": null, "priority": null, "numLanes": null, "speed": null, "length": null, "function": "internal"}}, {"type": "Feature", "geometry": {"type": "Point", "coordinates": [77.5967145693008, 12.964681753381488]}, "properties": {"kind": "junction", "edge_id": ":248455447_0", "from": null, "to": null, "type": null, "priority": null, "numLanes": null, "speed": null, "length": null, "function": "internal"}}, {"type": "Feature", "geometry": {"type": "Point", "coordinates": [77.5994047739015, 12.965127388675167]}, "properties": {"kind": "junction", "edge_id": ":248455450_0", "from": null, "to": null, "type": null, "priority": null, "numLanes": null, "speed": null, "length": null, "function": "internal"}}, {"type": "Feature", "geometry": {"type": "Point", "coordinates": [77.59928827267026, 12.965147705213969]}, "properties": {"kind": "junction", "edge_id": ":248455450_2", "from": null, "to": null, "type": null, "priority": null, "numLanes": null, "speed": null, "length": null, "function": "internal"}}, {"type": "Feature", "geometry": {"type": "Point", "coordinates": [77.59928457781027, 12.965208814111408]}, "properties": {"kind": "junction", "edge_id": ":248455450_4", "from": null, "to": null, "type": null, "priority": null, "numLanes": null, "speed": null, "length": null, "function": "internal"}}, {"type": "Feature", "geometry": {"type": "Point", "coordinates": [77.59674519234606, 12.96515620206579]}, "properties": {"kind": "junction", "edge_id": ":248455457_0", "from": null, "to": null, "type": null, "priority": null, "numLanes": null, "speed": null, "length": null, "function": "internal"}}, {"type": "Feature", "geometry": {"type": "Point", "coordinates": [77.59793760972079, 12.965960008962906]}, "properties": {"kind": "junction", "edge_id": ":248455458_0", "from": null, "to": null, "type": null, "priority": null, "numLanes": null, "speed": null, "length": null, "function": "internal"}}, {"type": "Feature", "geometry": {"type": "Point", "coordinates": [77.60242713768223, 12.969495074093881]}, "properties": {"kind": "junction", "edge_id": ":248455468_0", "from": null, "to": null, "type": null, "priority": null, "numLanes": null, "speed": null, "length": null, "function": "internal"}}, {"type": "Feature", "geometry": {"type": "Point", "coordinates": [77.60244130775855, 12.96937838992375]}, "properties": {"kind": "junction", "edge_id": ":248455468_4", "from": null, "to": null, "type": null, "priority": null, "numLanes": null, "speed": null, "length": null, "function": "internal"}}, {"type": "Feature", "geometry": {"type": "Point", "coordinates": [77.60381967925589, 12.965731548236233]}, "properties": {"kind": "junction", "edge_id": ":248455472_0", "from": null, "to": null, "type": null, "priority": null, "numLanes": null, "speed": null, "length": null, "function": "internal"}}, {"type": "Feature", "geometry": {"type": "Point", "coordinates": [77.60386937302324, 12.965788780039253]}, "properties": {"kind": "junction", "edge_id": ":248455472_3", "from": null, "to": null, "type": null, "priority": null, "numLanes": null, "speed": null, "length": null, "function": "internal"}}, {"type": "Feature", "geometry": {"type": "Point", "coordinates": [77.60163919625786, 12.975804921060805]}, "properties": {"kind": "junction", "edge_id": ":248459808_0", "from": null, "to": null, "type": null, "priority": null, "numLanes": null, "speed": null, "length": null, "function": "internal"}}, {"type": "Feature", "geometry": {"type": "Point", "coordinates": [77.6032555269811, 12.972838235308199]}, "properties": {"kind": "junction", "edge_id": ":248459812_0", "from": null, "to": null, "type": null, "priority": null, "numLanes": null, "speed": null, "length": null, "function": "internal"}}, {"type": "Feature", "geometry": {"type": "Point", "coordinates": [77.60077122293761, 12.970328697946533]}, "properties": {"kind": "junction", "edge_id": ":248459829_0", "from": null, "to": null, "type": null, "priority": null, "numLanes": null, "speed": null, "length": null, "function": "internal"}}, {"type": "Feature", "geometry": {"type": "Point", "coordinates": [77.6061928618054, 12.971539772091631]}, "properties": {"kind": "junction", "edge_id": ":248459877_0", "from": null, "to": null, "type": null, "priority": null, "numLanes": null, "speed": null, "length": null, "function": "internal"}}, {"type": "Feature", "geometry": {"type": "Point", "coordinates": [77.60621471921405, 12.971489141847092]}, "properties": {"kind": "junction", "edge_id": ":248459877_2", "from": null, "to": null, "type": null, "priority": null, "numLanes": null, "speed": null, "length": null, "function": "internal"}}, {"type": "Feature", "geometry": {"type": "Point", "coordinates": [77.6103127677532, 12.970417238080074]}, "properties": {"kind": "junction", "edge_id": ":248459878_0", "from": null, "to": null, "type": null, "priority": null, "numLanes": null, "speed": null, "length": null, "function": "internal"}}, {"type": "Feature", "geometry": {"type": "Point", "coordinates": [77.61030030096055, 12.970378967655332]}, "properties": {"kind": "junction", "edge_id": ":248459878_1", "from": null, "to": null, "type": null, "priority": null, "numLanes": null, "speed": null, "length": null, "function": "internal"}}, {"type": "Feature", "geometry": {"type": "Point", "coordinates": [77.61025855230355, 12.970412451948423]}, "properties": {"kind": "junction", "edge_id": ":248459878_2", "from": null, "to": null, "type": null, "priority": null, "numLanes": null, "speed": null, "length": null, "function": "internal"}}, {"type": "Feature", "geometry": {"type": "Point", "coordinates": [77.61026735916849, 12.97041778411526]}, "properties": {"kind": "junction", "edge_id": ":248459878_3", "from": null, "to": null, "type": null, "priority": null, "numLanes": null, "speed": null, "length": null, "function": "internal"}}, {"type": "Feature", "geometry": {"type": "Point", "coordinates": [77.61027095585838, 12.9704093461748]}, "properties": {"kind": "junction", "edge_id": ":248459878_4", "from": null, "to": null, "type": null, "priority": null, "numLanes": null, "speed": null, "length": null, "function": "internal"}}, {"type": "Feature", "geometry": {"type": "Point", "coordinates": [77.61023740340191, 12.970424950753971]}, "properties": {"kind": "junction", "edge_id": ":248459878_5", "from": null, "to": null, "type": null, "priority": null, "numLanes": null, "speed": null, "length": null, "function": "internal"}}, {"type": "Feature", "geometry": {"type": "Point", "coordinates": [77.58574258714134, 12.955541223362532]}, "properties": {"kind": "junction", "edge_id": ":248525401_0", "from": null, "to": null, "type": null, "priority": null, "numLanes": null, "speed": null, "length": null, "function": "internal"}}, {"type": "Feature", "geometry": {"type": "Point", "coordinates": [77.59768971644587, 12.983909888955846]}, "properties": {"kind": "junction", "edge_id": ":249082069_0", "from": null, "to": null, "type": null, "priority": null, "numLanes": null, "speed": null, "length": null, "function": "internal"}}, {"type": "Feature", "geometry": {"type": "Point", "coordinates": [77.59769941794752, 12.983965804744491]}, "properties": {"kind": "junction", "edge_id": ":249082069_2", "from": null, "to": null, "type": null, "priority": null, "numLanes": null, "speed": null, "length": null, "function": "internal"}}, {"type": "Feature", "geometry": {"type": "Point", "coordinates": [77.58420897747975, 12.965260858311748]}, "properties": {"kind": "junction", "edge_id": ":249087934_0", "from": null, "to": null, "type": null, "priority": null, "numLanes": null, "speed": null, "length": null, "function": "internal"}}, {"type": "Feature", "geometry": {"type": "Point", "coordinates": [77.58422720938431, 12.965260135179609]}, "properties": {"kind": "junction", "edge_id": ":249087934_1", "from": null, "to": null, "type": null, "priority": null, "numLanes": null, "speed": null, "length": null, "function": "internal"}}, {"type": "Feature", "geometry": {"type": "Point", "coordinates": [77.58677015483791, 12.965984903579349]}, "properties": {"kind": "junction", "edge_id": ":249087938_0", "from": null, "to": null, "type": null, "priority": null, "numLanes": null, "speed": null, "length": null, "function": "internal"}}, {"type": "Feature", "geometry": {"type": "Point", "coordinates": [77.59233095317573, 12.956101436079559]}, "properties": {"kind": "junction", "edge_id": ":249791758_0", "from": null, "to": null, "type": null, "priority": null, "numLanes": null, "speed": null, "length": null, "function": "internal"}}, {"type": "Feature", "geometry": {"type": "Point", "coordinates": [77.59275473077288, 12.98427546747166]}, "properties": {"kind": "junction", "edge_id": ":254665655_0", "from": null, "to": null, "type": null, "priority": null, "numLanes": null, "speed": null, "length": null, "function": "internal"}}, {"type": "Feature", "geometry": {"type": "Point", "coordinates": [77.59273523158768, 12.984305114009551]}, "properties": {"kind": "junction", "edge_id": ":254665655_1", "from": null, "to": null, "type": null, "priority": null, "numLanes": null, "speed": null, "length": null, "function": "internal"}}, {"type": "Feature", "geometry": {"type": "Point", "coordinates": [77.59272556179072, 12.984323188847966]}, "properties": {"kind": "junction", "edge_id": ":254665655_2", "from": null, "to": null, "type": null, "priority": null, "numLanes": null, "speed": null, "length": null, "function": "internal"}}, {"type": "Feature", "geometry": {"type": "Point", "coordinates": [77.59273789502362, 12.98422441069176]}, "properties": {"kind": "junction", "edge_id": ":254665655_3", "from": null, "to": null, "type": null, "priority": null, "numLanes": null, "speed": null, "length": null, "function": "internal"}}, {"type": "Feature", "geometry": {"type": "Point", "coordinates": [77.60288881764458, 12.9807782568698]}, "properties": {"kind": "junction", "edge_id": ":254665681_0", "from": null, "to": null, "type": null, "priority": null, "numLanes": null, "speed": null, "length": null, "function": "internal"}}, {"type": "Feature", "geometry": {"type": "Point", "coordinates": [77.60291356149546, 12.980810080789926]}, "properties": {"kind": "junction", "edge_id": ":254665681_2", "from": null, "to": null, "type": null, "priority": null, "numLanes": null, "speed": null, "length": null, "function": "internal"}}, {"type": "Feature", "geometry": {"type": "Point", "coordinates": [77.6034682218194, 12.97904003984764]}, "properties": {"kind": "junction", "edge_id": ":254665688_0", "from": null, "to": null, "type": null, "priority": null, "numLanes": null, "speed": null, "length": null, "function": "internal"}}, {"type": "Feature", "geometry": {"type": "Point", "coordinates": [77.59337002994127, 12.985704613845849]}, "properties": {"kind": "junction", "edge_id": ":263156256_0", "from": null, "to": null, "type": null, "priority": null, "numLanes": null, "speed": null, "length": null, "function": "internal"}}, {"type": "Feature", "geometry": {"type": "Point", "coordinates": [77.59329787518097, 12.985711477379883]}, "properties": {"kind": "junction", "edge_id": ":263156256_2", "from": null, "to": null, "type": null, "priority": null, "numLanes": null, "speed": null, "length": null, "function": "internal"}}, {"type": "Feature", "geometry": {"type": "Point", "coordinates": [77.59325737647555, 12.9857416045871]}, "properties": {"kind": "junction", "edge_id": ":263156256_3", "from": null, "to": null, "type": null, "priority": null, "numLanes": null, "speed": null, "length": null, "function": "internal"}}, {"type": "Feature", "geometry": {"type": "Point", "coordinates": [77.59326900953202, 12.985699659460552]}, "properties": {"kind": "junction", "edge_id": ":263156256_4", "from": null, "to": null, "type": null, "priority": null, "numLanes": null, "speed": null, "length": null, "function": "internal"}}, {"type": "Feature", "geometry": {"type": "Point", "coordinates": [77.59327714172127, 12.98567545659254]}, "properties": {"kind": "junction", "edge_id": ":263156256_5", "from": null, "to": null, "type": null, "priority": null, "numLanes": null, "speed": null, "length": null, "function": "internal"}}, {"type": "Feature", "geometry": {"type": "Point", "coordinates": [77.59327613244047, 12.985666974381253]}, "properties": {"kind": "junction", "edge_id": ":263156256_6", "from": null, "to": null, "type": null, "priority": null, "numLanes": null, "speed": null, "length": null, "function": "internal"}}, {"type": "Feature", "geometry": {"type": "Point", "coordinates": [77.5932517107959, 12.985728290303442]}, "properties": {"kind": "junction", "edge_id": ":263156256_7", "from": null, "to": null, "type": null, "priority": null, "numLanes": null, "speed": null, "length": null, "function": "internal"}}, {"type": "Feature", "geometry": {"type": "Point", "coordinates": [77.59329909964657, 12.985687433800178]}, "properties": {"kind": "junction", "edge_id": ":263156256_8", "from": null, "to": null, "type": null, "priority": null, "numLanes": null, "speed": null, "length": null, "function": "internal"}}, {"type": "Feature", "geometry": {"type": "Point", "coordinates": [77.5932852668692, 12.985668328707577]}, "properties": {"kind": "junction", "edge_id": ":263156256_9", "from": null, "to": null, "type": null, "priority": null, "numLanes": null, "speed": null, "length": null, "function": "internal"}}, {"type": "Feature", "geometry": {"type": "Point", "coordinates": [77.59113497996353, 12.984193872170312]}, "properties": {"kind": "junction", "edge_id": ":26807972#0-AddedOffRampNode_0", "from": null, "to": null, "type": null, "priority": null, "numLanes": null, "speed": null, "length": null, "function": "internal"}}, {"type": "Feature", "geometry": {"type": "Point", "coordinates": [77.5879245619465, 12.966767185837085]}, "properties": {"kind": "junction", "edge_id": ":286679311_0", "from": null, "to": null, "type": null, "priority": null, "numLanes": null, "speed": null, "length": null, "function": "internal"}}, {"type": "Feature", "geometry": {"type": "Point", "coordinates": [77.5878789757101, 12.966795103812437]}, "properties": {"kind": "junction", "edge_id": ":286679311_5", "from": null, "to": null, "type": null, "priority": null, "numLanes": null, "speed": null, "length": null, "function": "internal"}}, {"type": "Feature", "geometry": {"type": "Point", "coordinates": [77.60766499112538, 12.980822080531487]}, "properties": {"kind": "junction", "edge_id": ":287904822_0", "from": null, "to": null, "type": null, "priority": null, "numLanes": null, "speed": null, "length": null, "function": "internal"}}, {"type": "Feature", "geometry": {"type": "Point", "coordinates": [77.60767649059844, 12.98083822681838]}, "properties": {"kind": "junction", "edge_id": ":287904822_2", "from": null, "to": null, "type": null, "priority": null, "numLanes": null, "speed": null, "length": null, "function": "internal"}}, {"type": "Feature", "geometry": {"type": "Point", "coordinates": [77.60711357184731, 12.979331629281479]}, "properties": {"kind": "junction", "edge_id": ":287905080_0", "from": null, "to": null, "type": null, "priority": null, "numLanes": null, "speed": null, "length": null, "function": "internal"}}, {"type": "Feature", "geometry": {"type": "Point", "coordinates": [77.60436569369222, 12.981853899871588]}, "properties": {"kind": "junction", "edge_id": ":287905127_0", "from": null, "to": null, "type": null, "priority": null, "numLanes": null, "speed": null, "length": null, "function": "internal"}}, {"type": "Feature", "geometry": {"type": "Point", "coordinates": [77.60434139594852, 12.981882601322]}, "properties": {"kind": "junction", "edge_id": ":287905127_1", "from": null, "to": null, "type": null, "priority": null, "numLanes": null, "speed": null, "length": null, "function": "internal"}}, {"type": "Feature", "geometry": {"type": "Point", "coordinates": [77.60433692261903, 12.981868823705813]}, "properties": {"kind": "junction", "edge_id": ":287905127_2", "from": null, "to": null, "type": null, "priority": null, "numLanes": null, "speed": null, "length": null, "function": "internal"}}, {"type": "Feature", "geometry": {"type": "Point", "coordinates": [77.61380243336363, 12.979623476625603]}, "properties": {"kind": "junction", "edge_id": ":287905533_0", "from": null, "to": null, "type": null, "priority": null, "numLanes": null, "speed": null, "length": null, "function": "internal"}}, {"type": "Feature", "geometry": {"type": "Point", "coordinates": [77.60664557080685, 12.964407107144496]}, "properties": {"kind": "junction", "edge_id": ":2890442001_0", "from": null, "to": null, "type": null, "priority": null, "numLanes": null, "speed": null, "length": null, "function": "internal"}}, {"type": "Feature", "geometry": {"type": "Point", "coordinates": [77.5887649288465, 12.97652065638565]}, "properties": {"kind": "junction", "edge_id": ":294081916_0", "from": null, "to": null, "type": null, "priority": null, "numLanes": null, "speed": null, "length": null, "function": "internal"}}, {"type": "Feature", "geometry": {"type": "Point", "coordinates": [77.6118062499456, 12.955988571628355]}, "properties": {"kind": "junction", "edge_id": ":308924488_0", "from": null, "to": null, "type": null, "priority": null, "numLanes": null, "speed": null, "length": null, "function": "internal"}}, {"type": "Feature", "geometry": {"type": "Point", "coordinates": [77.61179837313661, 12.955984043175993]}, "properties": {"kind": "junction", "edge_id": ":308924488_1", "from": null, "to": null, "type": null, "priority": null, "numLanes": null, "speed": null, "length": null, "function": "internal"}}, {"type": "Feature", "geometry": {"type": "Point", "coordinates": [77.61177768216264, 12.955996175921294]}, "properties": {"kind": "junction", "edge_id": ":308924488_2", "from": null, "to": null, "type": null, "priority": null, "numLanes": null, "speed": null, "length": null, "function": "internal"}}, {"type": "Feature", "geometry": {"type": "Point", "coordinates": [77.61178805800284, 12.95600185375849]}, "properties": {"kind": "junction", "edge_id": ":308924488_3", "from": null, "to": null, "type": null, "priority": null, "numLanes": null, "speed": null, "length": null, "function": "internal"}}, {"type": "Feature", "geometry": {"type": "Point", "coordinates": [77.61178374851602, 12.955986087062998]}, "properties": {"kind": "junction", "edge_id": ":308924488_4", "from": null, "to": null, "type": null, "priority": null, "numLanes": null, "speed": null, "length": null, "function": "internal"}}, {"type": "Feature", "geometry": {"type": "Point", "coordinates": [77.61180172579758, 12.955996386457048]}, "properties": {"kind": "junction", "edge_id": ":308924488_5", "from": null, "to": null, "type": null, "priority": null, "numLanes": null, "speed": null, "length": null, "function": "internal"}}, {"type": "Feature", "geometry": {"type": "Point", "coordinates": [77.59503024417117, 12.9869494113331]}, "properties": {"kind": "junction", "edge_id": ":316662057_0", "from": null, "to": null, "type": null, "priority": null, "numLanes": null, "speed": null, "length": null, "function": "internal"}}, {"type": "Feature", "geometry": {"type": "Point", "coordinates": [77.59503998847342, 12.986911911862277]}, "properties": {"kind": "junction", "edge_id": ":316662057_2", "from": null, "to": null, "type": null, "priority": null, "numLanes": null, "speed": null, "length": null, "function": "internal"}}, {"type": "Feature", "geometry": {"type": "Point", "coordinates": [77.59743216352867, 12.991391161808853]}, "properties": {"kind": "junction", "edge_id": ":316662161_0", "from": null, "to": null, "type": null, "priority": null, "numLanes": null, "speed": null, "length": null, "function": "internal"}}, {"type": "Feature", "geometry": {"type": "Point", "coordinates": [77.59739700474991, 12.991403258036263]}, "properties": {"kind": "junction", "edge_id": ":316662161_1", "from": null, "to": null, "type": null, "priority": null, "numLanes": null, "speed": null, "length": null, "function": "internal"}}, {"type": "Feature", "geometry": {"type": "Point", "coordinates": [77.59740600598889, 12.991391784779127]}, "properties": {"kind": "junction", "edge_id": ":316662161_2", "from": null, "to": null, "type": null, "priority": null, "numLanes": null, "speed": null, "length": null, "function": "internal"}}, {"type": "Feature", "geometry": {"type": "Point", "coordinates": [77.59360674478131, 12.988788472764789]}, "properties": {"kind": "junction", "edge_id": ":319889847_0", "from": null, "to": null, "type": null, "priority": null, "numLanes": null, "speed": null, "length": null, "function": "internal"}}, {"type": "Feature", "geometry": {"type": "Point", "coordinates": [77.59366199710294, 12.988777350924407]}, "properties": {"kind": "junction", "edge_id": ":319889847_2", "from": null, "to": null, "type": null, "priority": null, "numLanes": null, "speed": null, "length": null, "function": "internal"}}, {"type": "Feature", "geometry": {"type": "Point", "coordinates": [77.5936622678253, 12.988776806160907]}, "properties": {"kind": "junction", "edge_id": ":319889847_3", "from": null, "to": null, "type": null, "priority": null, "numLanes": null, "speed": null, "length": null, "function": "internal"}}, {"type": "Feature", "geometry": {"type": "Point", "coordinates": [77.59366756348766, 12.988781089770102]}, "properties": {"kind": "junction", "edge_id": ":319889847_4", "from": null, "to": null, "type": null, "priority": null, "numLanes": null, "speed": null, "length": null, "function": "internal"}}, {"type": "Feature", "geometry": {"type": "Point", "coordinates": [77.58398484701718, 12.963868170135493]}, "properties": {"kind": "junction", "edge_id": ":320644590_0", "from": null, "to": null, "type": null, "priority": null, "numLanes": null, "speed": null, "length": null, "function": "internal"}}, {"type": "Feature", "geometry": {"type": "Point", "coordinates": [77.57864732728831, 12.968004234004018]}, "properties": {"kind": "junction", "edge_id": ":320647357_0", "from": null, "to": null, "type": null, "priority": null, "numLanes": null, "speed": null, "length": null, "function": "internal"}}, {"type": "Feature", "geometry": {"type": "Point", "coordinates": [77.61909179625944, 12.972467831717417]}, "properties": {"kind": "junction", "edge_id": ":334473774_0", "from": null, "to": null, "type": null, "priority": null, "numLanes": null, "speed": null, "length": null, "function": "internal"}}, {"type": "Feature", "geometry": {"type": "Point", "coordinates": [77.6121214363158, 12.974062461448721]}, "properties": {"kind": "junction", "edge_id": ":334473824_0", "from": null, "to": null, "type": null, "priority": null, "numLanes": null, "speed": null, "length": null, "function": "internal"}}, {"type": "Feature", "geometry": {"type": "Point", "coordinates": [77.60049915033495, 12.976526422088725]}, "properties": {"kind": "junction", "edge_id": ":334473846_0", "from": null, "to": null, "type": null, "priority": null, "numLanes": null, "speed": null, "length": null, "function": "internal"}}, {"type": "Feature", "geometry": {"type": "Point", "coordinates": [77.60711841865324, 12.97232126504345]}, "properties": {"kind": "junction", "edge_id": ":3355740080_0", "from": null, "to": null, "type": null, "priority": null, "numLanes": null, "speed": null, "length": null, "function": "internal"}}, {"type": "Feature", "geometry": {"type": "Point", "coordinates": [77.58815315793697, 12.964393655730799]}, "properties": {"kind": "junction", "edge_id": ":3356616807_0", "from": null, "to": null, "type": null, "priority": null, "numLanes": null, "speed": null, "length": null, "function": "internal"}}, {"type": "Feature", "geometry": {"type": "Point", "coordinates": [77.60540602491116, 12.981552298359105]}, "properties": {"kind": "junction", "edge_id": ":343594553_0", "from": null, "to": null, "type": null, "priority": null, "numLanes": null, "speed": null, "length": null, "function": "internal"}}, {"type": "Feature", "geometry": {"type": "Point", "coordinates": [77.58755625699617, 12.983530903844512]}, "properties": {"kind": "junction", "edge_id": ":3632570060_0", "from": null, "to": null, "type": null, "priority": null, "numLanes": null, "speed": null, "length": null, "function": "internal"}}, {"type": "Feature", "geometry": {"type": "Point", "coordinates": [77.58759973770994, 12.983575191091028]}, "properties": {"kind": "junction", "edge_id": ":3632570060_1", "from": null, "to": null, "type": null, "priority": null, "numLanes": null, "speed": null, "length": null, "function": "internal"}}, {"type": "Feature", "geometry": {"type": "Point", "coordinates": [77.59628046555605, 12.981335276511365]}, "properties": {"kind": "junction", "edge_id": ":3641907747_0", "from": null, "to": null, "type": null, "priority": null, "numLanes": null, "speed": null, "length": null, "function": "internal"}}, {"type": "Feature", "geometry": {"type": "Point", "coordinates": [77.59630923030994, 12.981390640632716]}, "properties": {"kind": "junction", "edge_id": ":3641907747_2", "from": null, "to": null, "type": null, "priority": null, "numLanes": null, "speed": null, "length": null, "function": "internal"}}, {"type": "Feature", "geometry": {"type": "Point", "coordinates": [77.59707138993596, 12.980994008022554]}, "properties": {"kind": "junction", "edge_id": ":3641907748_0", "from": null, "to": null, "type": null, "priority": null, "numLanes": null, "speed": null, "length": null, "function": "internal"}}, {"type": "Feature", "geometry": {"type": "Point", "coordinates": [77.5977575568384, 12.965919164638779]}, "properties": {"kind": "junction", "edge_id": ":36853150-AddedOnRampNode_0", "from": null, "to": null, "type": null, "priority": null, "numLanes": null, "speed": null, "length": null, "function": "internal"}}, {"type": "Feature", "geometry": {"type": "Point", "coordinates": [77.59711419284305, 12.98211672735024]}, "properties": {"kind": "junction", "edge_id": ":3691984721_0", "from": null, "to": null, "type": null, "priority": null, "numLanes": null, "speed": null, "length": null, "function": "internal"}}, {"type": "Feature", "geometry": {"type": "Point", "coordinates": [77.60918388171883, 12.981287910969364]}, "properties": {"kind": "junction", "edge_id": ":36967993#1-AddedOnRampNode_0", "from": null, "to": null, "type": null, "priority": null, "numLanes": null, "speed": null, "length": null, "function": "internal"}}, {"type": "Feature", "geometry": {"type": "Point", "coordinates": [77.58969118281651, 12.954439087334658]}, "properties": {"kind": "junction", "edge_id": ":37339420-AddedOffRampNode_0", "from": null, "to": null, "type": null, "priority": null, "numLanes": null, "speed": null, "length": null, "function": "internal"}}, {"type": "Feature", "geometry": {"type": "Point", "coordinates": [77.59051791321511, 12.986938159339683]}, "properties": {"kind": "junction", "edge_id": ":3751686654_0", "from": null, "to": null, "type": null, "priority": null, "numLanes": null, "speed": null, "length": null, "function": "internal"}}, {"type": "Feature", "geometry": {"type": "Point", "coordinates": [77.59056359404846, 12.986945744431612]}, "properties": {"kind": "junction", "edge_id": ":3751686654_1", "from": null, "to": null, "type": null, "priority": null, "numLanes": null, "speed": null, "length": null, "function": "internal"}}, {"type": "Feature", "geometry": {"type": "Point", "coordinates": [77.59055382281463, 12.986980714501302]}, "properties": {"kind": "junction", "edge_id": ":3751686654_2", "from": null, "to": null, "type": null, "priority": null, "numLanes": null, "speed": null, "length": null, "function": "internal"}}, {"type": "Feature", "geometry": {"type": "Point", "coordinates": [77.5904787467316, 12.986919125988159]}, "properties": {"kind": "junction", "edge_id": ":3751686654_3", "from": null, "to": null, "type": null, "priority": null, "numLanes": null, "speed": null, "length": null, "function": "internal"}}, {"type": "Feature", "geometry": {"type": "Point", "coordinates": [77.60442770506191, 12.971798940044959]}, "properties": {"kind": "junction", "edge_id": ":423784673_0", "from": null, "to": null, "type": null, "priority": null, "numLanes": null, "speed": null, "length": null, "function": "internal"}}, {"type": "Feature", "geometry": {"type": "Point", "coordinates": [77.58937890084285, 12.968242575641243]}, "properties": {"kind": "junction", "edge_id": ":428420786_0", "from": null, "to": null, "type": null, "priority": null, "numLanes": null, "speed": null, "length": null, "function": "internal"}}, {"type": "Feature", "geometry": {"type": "Point", "coordinates": [77.5895397257518, 12.96833908820584]}, "properties": {"kind": "junction", "edge_id": ":428420786_3", "from": null, "to": null, "type": null, "priority": null, "numLanes": null, "speed": null, "length": null, "function": "internal"}}, {"type": "Feature", "geometry": {"type": "Point", "coordinates": [77.5900482643571, 12.967595646153116]}, "properties": {"kind": "junction", "edge_id": ":428420790_0", "from": null, "to": null, "type": null, "priority": null, "numLanes": null, "speed": null, "length": null, "function": "internal"}}, {"type": "Feature", "geometry": {"type": "Point", "coordinates": [77.59005531496089, 12.96774283629254]}, "properties": {"kind": "junction", "edge_id": ":428420790_7", "from": null, "to": null, "type": null, "priority": null, "numLanes": null, "speed": null, "length": null, "function": "internal"}}, {"type": "Feature", "geometry": {"type": "Point", "coordinates": [77.59220910290779, 12.962420743324525]}, "properties": {"kind": "junction", "edge_id": ":428435122_0", "from": null, "to": null, "type": null, "priority": null, "numLanes": null, "speed": null, "length": null, "function": "internal"}}, {"type": "Feature", "geometry": {"type": "Point", "coordinates": [77.59699293850784, 12.965382298186933]}, "properties": {"kind": "junction", "edge_id": ":428435126_0", "from": null, "to": null, "type": null, "priority": null, "numLanes": null, "speed": null, "length": null, "function": "internal"}}, {"type": "Feature", "geometry": {"type": "Point", "coordinates": [77.59701322549601, 12.965322198085888]}, "properties": {"kind": "junction", "edge_id": ":428435126_2", "from": null, "to": null, "type": null, "priority": null, "numLanes": null, "speed": null, "length": null, "function": "internal"}}, {"type": "Feature", "geometry": {"type": "Point", "coordinates": [77.59683164035671, 12.964982693227157]}, "properties": {"kind": "junction", "edge_id": ":428435131_0", "from": null, "to": null, "type": null, "priority": null, "numLanes": null, "speed": null, "length": null, "function": "internal"}}, {"type": "Feature", "geometry": {"type": "Point", "coordinates": [77.59684994616245, 12.964953600672478]}, "properties": {"kind": "junction", "edge_id": ":428435131_2", "from": null, "to": null, "type": null, "priority": null, "numLanes": null, "speed": null, "length": null, "function": "internal"}}, {"type": "Feature", "geometry": {"type": "Point", "coordinates": [77.59686409681275, 12.965021216954515]}, "properties": {"kind": "junction", "edge_id": ":428435131_4", "from": null, "to": null, "type": null, "priority": null, "numLanes": null, "speed": null, "length": null, "function": "internal"}}, {"type": "Feature", "geometry": {"type": "Point", "coordinates": [77.59686855734203, 12.964927305713077]}, "properties": {"kind": "junction", "edge_id": ":428435131_6", "from": null, "to": null, "type": null, "priority": null, "numLanes": null, "speed": null, "length": null, "function": "internal"}}, {"type": "Feature", "geometry": {"type": "Point", "coordinates": [77.59715391116009, 12.964924909503457]}, "properties": {"kind": "junction", "edge_id": ":428435133_0", "from": null, "to": null, "type": null, "priority": null, "numLanes": null, "speed": null, "length": null, "function": "internal"}}, {"type": "Feature", "geometry": {"type": "Point", "coordinates": [77.59715606520756, 12.964963825974]}, "properties": {"kind": "junction", "edge_id": ":428435133_2", "from": null, "to": null, "type": null, "priority": null, "numLanes": null, "speed": null, "length": null, "function": "internal"}}, {"type": "Feature", "geometry": {"type": "Point", "coordinates": [77.59848129745131, 12.965029465207847]}, "properties": {"kind": "junction", "edge_id": ":428435147_0", "from": null, "to": null, "type": null, "priority": null, "numLanes": null, "speed": null, "length": null, "function": "internal"}}, {"type": "Feature", "geometry": {"type": "Point", "coordinates": [77.59360379865214, 12.959473663665976]}, "properties": {"kind": "junction", "edge_id": ":428457180_0", "from": null, "to": null, "type": null, "priority": null, "numLanes": null, "speed": null, "length": null, "function": "internal"}}, {"type": "Feature", "geometry": {"type": "Point", "coordinates": [77.59353258932379, 12.959419895957616]}, "properties": {"kind": "junction", "edge_id": ":428457180_2", "from": null, "to": null, "type": null, "priority": null, "numLanes": null, "speed": null, "length": null, "function": "internal"}}, {"type": "Feature", "geometry": {"type": "Point", "coordinates": [77.59348268797098, 12.959475683394723]}, "properties": {"kind": "junction", "edge_id": ":428457182_0", "from": null, "to": null, "type": null, "priority": null, "numLanes": null, "speed": null, "length": null, "function": "internal"}}, {"type": "Feature", "geometry": {"type": "Point", "coordinates": [77.59350535389224, 12.959467326653868]}, "properties": {"kind": "junction", "edge_id": ":428457182_2", "from": null, "to": null, "type": null, "priority": null, "numLanes": null, "speed": null, "length": null, "function": "internal"}}, {"type": "Feature", "geometry": {"type": "Point", "coordinates": [77.57791363707278, 12.980672565074853]}, "properties": {"kind": "junction", "edge_id": ":428853834_0", "from": null, "to": null, "type": null, "priority": null, "numLanes": null, "speed": null, "length": null, "function": "internal"}}, {"type": "Feature", "geometry": {"type": "Point", "coordinates": [77.58070076444776, 12.971898493309013]}, "properties": {"kind": "junction", "edge_id": ":429001094_0", "from": null, "to": null, "type": null, "priority": null, "numLanes": null, "speed": null, "length": null, "function": "internal"}}, {"type": "Feature", "geometry": {"type": "Point", "coordinates": [77.58070672372303, 12.97189572384766]}, "properties": {"kind": "junction", "edge_id": ":429001094_1", "from": null, "to": null, "type": null, "priority": null, "numLanes": null, "speed": null, "length": null, "function": "internal"}}, {"type": "Feature", "geometry": {"type": "Point", "coordinates": [77.58071463766687, 12.971939552670369]}, "properties": {"kind": "junction", "edge_id": ":429001094_2", "from": null, "to": null, "type": null, "priority": null, "numLanes": null, "speed": null, "length": null, "function": "internal"}}, {"type": "Feature", "geometry": {"type": "Point", "coordinates": [77.5807010463733, 12.971899032577648]}, "properties": {"kind": "junction", "edge_id": ":429001094_3", "from": null, "to": null, "type": null, "priority": null, "numLanes": null, "speed": null, "length": null, "function": "internal"}}, {"type": "Feature", "geometry": {"type": "Point", "coordinates": [77.58479974185292, 12.963718779196011]}, "properties": {"kind": "junction", "edge_id": ":429230952_0", "from": null, "to": null, "type": null, "priority": null, "numLanes": null, "speed": null, "length": null, "function": "internal"}}, {"type": "Feature", "geometry": {"type": "Point", "coordinates": [77.58472423289483, 12.963721426402882]}, "properties": {"kind": "junction", "edge_id": ":429230952_1", "from": null, "to": null, "type": null, "priority": null, "numLanes": null, "speed": null, "length": null, "function": "internal"}}, {"type": "Feature", "geometry": {"type": "Point", "coordinates": [77.58102368409237, 12.972491290400788]}, "properties": {"kind": "junction", "edge_id": ":429230970_0", "from": null, "to": null, "type": null, "priority": null, "numLanes": null, "speed": null, "length": null, "function": "internal"}}, {"type": "Feature", "geometry": {"type": "Point", "coordinates": [77.5810048793681, 12.97249012185701]}, "properties": {"kind": "junction", "edge_id": ":429230970_1", "from": null, "to": null, "type": null, "priority": null, "numLanes": null, "speed": null, "length": null, "function": "internal"}}, {"type": "Feature", "geometry": {"type": "Point", "coordinates": [77.58100777413911, 12.972502831677794]}, "properties": {"kind": "junction", "edge_id": ":429230970_2", "from": null, "to": null, "type": null, "priority": null, "numLanes": null, "speed": null, "length": null, "function": "internal"}}, {"type": "Feature", "geometry": {"type": "Point", "coordinates": [77.59755747325173, 12.985199504694735]}, "properties": {"kind": "junction", "edge_id": ":429303180_0", "from": null, "to": null, "type": null, "priority": null, "numLanes": null, "speed": null, "length": null, "function": "internal"}}, {"type": "Feature", "geometry": {"type": "Point", "coordinates": [77.60683877697319, 12.964870707606762]}, "properties": {"kind": "junction", "edge_id": ":4294218111_0", "from": null, "to": null, "type": null, "priority": null, "numLanes": null, "speed": null, "length": null, "function": "internal"}}, {"type": "Feature", "geometry": {"type": "Point", "coordinates": [77.60524877057955, 12.951927585252896]}, "properties": {"kind": "junction", "edge_id": ":4294218134_0", "from": null, "to": null, "type": null, "priority": null, "numLanes": null, "speed": null, "length": null, "function": "internal"}}, {"type": "Feature", "geometry": {"type": "Point", "coordinates": [77.60523277471205, 12.951957197028253]}, "properties": {"kind": "junction", "edge_id": ":4294218134_1", "from": null, "to": null, "type": null, "priority": null, "numLanes": null, "speed": null, "length": null, "function": "internal"}}, {"type": "Feature", "geometry": {"type": "Point", "coordinates": [77.5868825185838, 12.959208077244439]}, "properties": {"kind": "junction", "edge_id": ":4579649700_0", "from": null, "to": null, "type": null, "priority": null, "numLanes": null, "speed": null, "length": null, "function": "internal"}}, {"type": "Feature", "geometry": {"type": "Point", "coordinates": [77.58684086333082, 12.959090321208016]}, "properties": {"kind": "junction", "edge_id": ":4579649701_0", "from": null, "to": null, "type": null, "priority": null, "numLanes": null, "speed": null, "length": null, "function": "internal"}}, {"type": "Feature", "geometry": {"type": "Point", "coordinates": [77.60101536844554, 12.960572638751765]}, "properties": {"kind": "junction", "edge_id": ":459752716_0", "from": null, "to": null, "type": null, "priority": null, "numLanes": null, "speed": null, "length": null, "function": "internal"}}, {"type": "Feature", "geometry": {"type": "Point", "coordinates": [77.60100648327663, 12.960559718132481]}, "properties": {"kind": "junction", "edge_id": ":459752716_1", "from": null, "to": null, "type": null, "priority": null, "numLanes": null, "speed": null, "length": null, "function": "internal"}}, {"type": "Feature", "geometry": {"type": "Point", "coordinates": [77.61211417371388, 12.95846050279155]}, "properties": {"kind": "junction", "edge_id": ":459781797_0", "from": null, "to": null, "type": null, "priority": null, "numLanes": null, "speed": null, "length": null, "function": "internal"}}, {"type": "Feature", "geometry": {"type": "Point", "coordinates": [77.61210590107247, 12.958453358406851]}, "properties": {"kind": "junction", "edge_id": ":459781797_1", "from": null, "to": null, "type": null, "priority": null, "numLanes": null, "speed": null, "length": null, "function": "internal"}}, {"type": "Feature", "geometry": {"type": "Point", "coordinates": [77.61208531429115, 12.958466664614548]}, "properties": {"kind": "junction", "edge_id": ":459781797_2", "from": null, "to": null, "type": null, "priority": null, "numLanes": null, "speed": null, "length": null, "function": "internal"}}, {"type": "Feature", "geometry": {"type": "Point", "coordinates": [77.61209358787488, 12.958473899332844]}, "properties": {"kind": "junction", "edge_id": ":459781797_3", "from": null, "to": null, "type": null, "priority": null, "numLanes": null, "speed": null, "length": null, "function": "internal"}}, {"type": "Feature", "geometry": {"type": "Point", "coordinates": [77.61209127254837, 12.958455041006093]}, "properties": {"kind": "junction", "edge_id": ":459781797_4", "from": null, "to": null, "type": null, "priority": null, "numLanes": null, "speed": null, "length": null, "function": "internal"}}, {"type": "Feature", "geometry": {"type": "Point", "coordinates": [77.61210821545774, 12.958472126400345]}, "properties": {"kind": "junction", "edge_id": ":459781797_5", "from": null, "to": null, "type": null, "priority": null, "numLanes": null, "speed": null, "length": null, "function": "internal"}}, {"type": "Feature", "geometry": {"type": "Point", "coordinates": [77.59522812145275, 12.966027521983797]}, "properties": {"kind": "junction", "edge_id": ":498553874#0-AddedOffRampNode_0", "from": null, "to": null, "type": null, "priority": null, "numLanes": null, "speed": null, "length": null, "function": "internal"}}, {"type": "Feature", "geometry": {"type": "Point", "coordinates": [77.58934673823987, 12.966327245628491]}, "properties": {"kind": "junction", "edge_id": ":52033011#4-AddedOnRampNode_0", "from": null, "to": null, "type": null, "priority": null, "numLanes": null, "speed": null, "length": null, "function": "internal"}}, {"type": "Feature", "geometry": {"type": "Point", "coordinates": [77.5846345993605, 12.977862703204265]}, "properties": {"kind": "junction", "edge_id": ":597083726_0", "from": null, "to": null, "type": null, "priority": null, "numLanes": null, "speed": null, "length": null, "function": "internal"}}, {"type": "Feature", "geometry": {"type": "Point", "coordinates": [77.58464209048117, 12.977892261577878]}, "properties": {"kind": "junction", "edge_id": ":597083726_4", "from": null, "to": null, "type": null, "priority": null, "numLanes": null, "speed": null, "length": null, "function": "internal"}}, {"type": "Feature", "geometry": {"type": "Point", "coordinates": [77.58482168466949, 12.978868088853503]}, "properties": {"kind": "junction", "edge_id": ":597084032_0", "from": null, "to": null, "type": null, "priority": null, "numLanes": null, "speed": null, "length": null, "function": "internal"}}, {"type": "Feature", "geometry": {"type": "Point", "coordinates": [77.58486176760391, 12.978904641001632]}, "properties": {"kind": "junction", "edge_id": ":597084032_2", "from": null, "to": null, "type": null, "priority": null, "numLanes": null, "speed": null, "length": null, "function": "internal"}}, {"type": "Feature", "geometry": {"type": "Point", "coordinates": [77.58455732048736, 12.97774801178421]}, "properties": {"kind": "junction", "edge_id": ":597084145_0", "from": null, "to": null, "type": null, "priority": null, "numLanes": null, "speed": null, "length": null, "function": "internal"}}, {"type": "Feature", "geometry": {"type": "Point", "coordinates": [77.58399896109961, 12.977079053099493]}, "properties": {"kind": "junction", "edge_id": ":597084147_0", "from": null, "to": null, "type": null, "priority": null, "numLanes": null, "speed": null, "length": null, "function": "internal"}}, {"type": "Feature", "geometry": {"type": "Point", "coordinates": [77.58397378313315, 12.977094119772639]}, "properties": {"kind": "junction", "edge_id": ":597084147_1", "from": null, "to": null, "type": null, "priority": null, "numLanes": null, "speed": null, "length": null, "function": "internal"}}, {"type": "Feature", "geometry": {"type": "Point", "coordinates": [77.58429359014576, 12.978186363017148]}, "properties": {"kind": "junction", "edge_id": ":597084152_0", "from": null, "to": null, "type": null, "priority": null, "numLanes": null, "speed": null, "length": null, "function": "internal"}}, {"type": "Feature", "geometry": {"type": "Point", "coordinates": [77.58427422199543, 12.978130722912754]}, "properties": {"kind": "junction", "edge_id": ":597084152_2", "from": null, "to": null, "type": null, "priority": null, "numLanes": null, "speed": null, "length": null, "function": "internal"}}, {"type": "Feature", "geometry": {"type": "Point", "coordinates": [77.6047871252545, 12.970893809954195]}, "properties": {"kind": "junction", "edge_id": ":60952254_0", "from": null, "to": null, "type": null, "priority": null, "numLanes": null, "speed": null, "length": null, "function": "internal"}}, {"type": "Feature", "geometry": {"type": "Point", "coordinates": [77.60485395894419, 12.97089838051828]}, "properties": {"kind": "junction", "edge_id": ":60952254_2", "from": null, "to": null, "type": null, "priority": null, "numLanes": null, "speed": null, "length": null, "function": "internal"}}, {"type": "Feature", "geometry": {"type": "Point", "coordinates": [77.60475749276812, 12.970940904274503]}, "properties": {"kind": "junction", "edge_id": ":60952254_4", "from": null, "to": null, "type": null, "priority": null, "numLanes": null, "speed": null, "length": null, "function": "internal"}}, {"type": "Feature", "geometry": {"type": "Point", "coordinates": [77.60479652999373, 12.97092117997782]}, "properties": {"kind": "junction", "edge_id": ":60952254_5", "from": null, "to": null, "type": null, "priority": null, "numLanes": null, "speed": null, "length": null, "function": "internal"}}, {"type": "Feature", "geometry": {"type": "Point", "coordinates": [77.59838887024566, 12.966392583449451]}, "properties": {"kind": "junction", "edge_id": ":60952268_0", "from": null, "to": null, "type": null, "priority": null, "numLanes": null, "speed": null, "length": null, "function": "internal"}}, {"type": "Feature", "geometry": {"type": "Point", "coordinates": [77.6019204575033, 12.959939954999756]}, "properties": {"kind": "junction", "edge_id": ":60952294_0", "from": null, "to": null, "type": null, "priority": null, "numLanes": null, "speed": null, "length": null, "function": "internal"}}, {"type": "Feature", "geometry": {"type": "Point", "coordinates": [77.60191780721205, 12.959933115420357]}, "properties": {"kind": "junction", "edge_id": ":60952294_1", "from": null, "to": null, "type": null, "priority": null, "numLanes": null, "speed": null, "length": null, "function": "internal"}}, {"type": "Feature", "geometry": {"type": "Point", "coordinates": [77.5870035743694, 12.975195496765597]}, "properties": {"kind": "junction", "edge_id": ":663311696_0", "from": null, "to": null, "type": null, "priority": null, "numLanes": null, "speed": null, "length": null, "function": "internal"}}, {"type": "Feature", "geometry": {"type": "Point", "coordinates": [77.58696350470895, 12.975133467772778]}, "properties": {"kind": "junction", "edge_id": ":663311696_2", "from": null, "to": null, "type": null, "priority": null, "numLanes": null, "speed": null, "length": null, "function": "internal"}}, {"type": "Feature", "geometry": {"type": "Point", "coordinates": [77.58785130212837, 12.976079297179329]}, "properties": {"kind": "junction", "edge_id": ":663311718_0", "from": null, "to": null, "type": null, "priority": null, "numLanes": null, "speed": null, "length": null, "function": "internal"}}, {"type": "Feature", "geometry": {"type": "Point", "coordinates": [77.58810228682214, 12.976190451549636]}, "properties": {"kind": "junction", "edge_id": ":663311721_0", "from": null, "to": null, "type": null, "priority": null, "numLanes": null, "speed": null, "length": null, "function": "internal"}}, {"type": "Feature", "geometry": {"type": "Point", "coordinates": [77.58809203470959, 12.976214585061623]}, "properties": {"kind": "junction", "edge_id": ":663311721_1", "from": null, "to": null, "type": null, "priority": null, "numLanes": null, "speed": null, "length": null, "function": "internal"}}, {"type": "Feature", "geometry": {"type": "Point", "coordinates": [77.58895448406324, 12.967144966273771]}, "properties": {"kind": "junction", "edge_id": ":663313886_0", "from": null, "to": null, "type": null, "priority": null, "numLanes": null, "speed": null, "length": null, "function": "internal"}}, {"type": "Feature", "geometry": {"type": "Point", "coordinates": [77.58936386025418, 12.967536869196103]}, "properties": {"kind": "junction", "edge_id": ":663313892_0", "from": null, "to": null, "type": null, "priority": null, "numLanes": null, "speed": null, "length": null, "function": "internal"}}, {"type": "Feature", "geometry": {"type": "Point", "coordinates": [77.59710852986119, 12.9817845015516]}, "properties": {"kind": "junction", "edge_id": ":663596583_0", "from": null, "to": null, "type": null, "priority": null, "numLanes": null, "speed": null, "length": null, "function": "internal"}}, {"type": "Feature", "geometry": {"type": "Point", "coordinates": [77.59705582886993, 12.981766146440156]}, "properties": {"kind": "junction", "edge_id": ":663596583_2", "from": null, "to": null, "type": null, "priority": null, "numLanes": null, "speed": null, "length": null, "function": "internal"}}, {"type": "Feature", "geometry": {"type": "Point", "coordinates": [77.59716745185158, 12.983686992656354]}, "properties": {"kind": "junction", "edge_id": ":663596611_0", "from": null, "to": null, "type": null, "priority": null, "numLanes": null, "speed": null, "length": null, "function": "internal"}}, {"type": "Feature", "geometry": {"type": "Point", "coordinates": [77.59713281765022, 12.9836962827793]}, "properties": {"kind": "junction", "edge_id": ":663596611_2", "from": null, "to": null, "type": null, "priority": null, "numLanes": null, "speed": null, "length": null, "function": "internal"}}, {"type": "Feature", "geometry": {"type": "Point", "coordinates": [77.59221298938643, 12.982965109050202]}, "properties": {"kind": "junction", "edge_id": ":665045355_0", "from": null, "to": null, "type": null, "priority": null, "numLanes": null, "speed": null, "length": null, "function": "internal"}}, {"type": "Feature", "geometry": {"type": "Point", "coordinates": [77.59227955509736, 12.982970136707436]}, "properties": {"kind": "junction", "edge_id": ":665045355_3", "from": null, "to": null, "type": null, "priority": null, "numLanes": null, "speed": null, "length": null, "function": "internal"}}, {"type": "Feature", "geometry": {"type": "Point", "coordinates": [77.59473023152657, 12.96236698163445]}, "properties": {"kind": "junction", "edge_id": ":6991440387_0", "from": null, "to": null, "type": null, "priority": null, "numLanes": null, "speed": null, "length": null, "function": "internal"}}, {"type": "Feature", "geometry": {"type": "Point", "coordinates": [77.59474861939292, 12.96231024328858]}, "properties": {"kind": "junction", "edge_id": ":6991440387_2", "from": null, "to": null, "type": null, "priority": null, "numLanes": null, "speed": null, "length": null, "function": "internal"}}, {"type": "Feature", "geometry": {"type": "Point", "coordinates": [77.58879575548187, 12.961515232157687]}, "properties": {"kind": "junction", "edge_id": ":763175325#0-AddedOnRampNode_0", "from": null, "to": null, "type": null, "priority": null, "numLanes": null, "speed": null, "length": null, "function": "internal"}}, {"type": "Feature", "geometry": {"type": "Point", "coordinates": [77.61030051243272, 12.970443379688806]}, "properties": {"kind": "junction", "edge_id": ":9363518171_0", "from": null, "to": null, "type": null, "priority": null, "numLanes": null, "speed": null, "length": null, "function": "internal"}}, {"type": "Feature", "geometry": {"type": "Point", "coordinates": [77.59802372931546, 12.966092134347504]}, "properties": {"kind": "junction", "edge_id": ":9910066830_0", "from": null, "to": null, "type": null, "priority": null, "numLanes": null, "speed": null, "length": null, "function": "internal"}}, {"type": "Feature", "geometry": {"type": "Point", "coordinates": [77.59804252296296, 12.966056803165268]}, "properties": {"kind": "junction", "edge_id": ":9910066830_2", "from": null, "to": null, "type": null, "priority": null, "numLanes": null, "speed": null, "length": null, "function": "internal"}}, {"type": "Feature", "geometry": {"type": "Point", "coordinates": [77.59807467089611, 12.966038955571687]}, "properties": {"kind": "junction", "edge_id": ":9910066830_4", "from": null, "to": null, "type": null, "priority": null, "numLanes": null, "speed": null, "length": null, "function": "internal"}}, {"type": "Feature", "geometry": {"type": "Point", "coordinates": [77.59051643304825, 12.967784681865838]}, "properties": {"kind": "junction", "edge_id": ":9999163252_0", "from": null, "to": null, "type": null, "priority": null, "numLanes": null, "speed": null, "length": null, "function": "internal"}}, {"type": "Feature", "geometry": {"type": "Point", "coordinates": [77.60662610877459, 12.977984088726574]}, "properties": {"kind": "junction", "edge_id": ":cluster10001402819_cluster_11432437464_11432459015_0", "from": null, "to": null, "type": null, "priority": null, "numLanes": null, "speed": null, "length": null, "function": "internal"}}, {"type": "Feature", "geometry": {"type": "Point", "coordinates": [77.60685364142759, 12.977895078308753]}, "properties": {"kind": "junction", "edge_id": ":cluster10001402819_cluster_11432437464_11432459015_1", "from": null, "to": null, "type": null, "priority": null, "numLanes": null, "speed": null, "length": null, "function": "internal"}}, {"type": "Feature", "geometry": {"type": "Point", "coordinates": [77.60806607753308, 12.981668360018501]}, "properties": {"kind": "junction", "edge_id": ":cluster10080463679_10080463681_1567429298_0", "from": null, "to": null, "type": null, "priority": null, "numLanes": null, "speed": null, "length": null, "function": "internal"}}, {"type": "Feature", "geometry": {"type": "Point", "coordinates": [77.58155901039979, 12.972778060232821]}, "properties": {"kind": "junction", "edge_id": ":cluster1087824452_cluster_1087824504_1285102586_0", "from": null, "to": null, "type": null, "priority": null, "numLanes": null, "speed": null, "length": null, "function": "internal"}}, {"type": "Feature", "geometry": {"type": "Point", "coordinates": [77.58156254998487, 12.972790763640853]}, "properties": {"kind": "junction", "edge_id": ":cluster1087824452_cluster_1087824504_1285102586_1", "from": null, "to": null, "type": null, "priority": null, "numLanes": null, "speed": null, "length": null, "function": "internal"}}, {"type": "Feature", "geometry": {"type": "Point", "coordinates": [77.58159506539927, 12.972879701022336]}, "properties": {"kind": "junction", "edge_id": ":cluster1087824452_cluster_1087824504_1285102586_4", "from": null, "to": null, "type": null, "priority": null, "numLanes": null, "speed": null, "length": null, "function": "internal"}}, {"type": "Feature", "geometry": {"type": "Point", "coordinates": [77.58740016649091, 12.966913066812475]}, "properties": {"kind": "junction", "edge_id": ":cluster12128943145_287793596_37898955#0-AddedOnRampNode_0", "from": null, "to": null, "type": null, "priority": null, "numLanes": null, "speed": null, "length": null, "function": "internal"}}, {"type": "Feature", "geometry": {"type": "Point", "coordinates": [77.5874422764463, 12.966967667491451]}, "properties": {"kind": "junction", "edge_id": ":cluster12128943145_287793596_37898955#0-AddedOnRampNode_1", "from": null, "to": null, "type": null, "priority": null, "numLanes": null, "speed": null, "length": null, "function": "internal"}}, {"type": "Feature", "geometry": {"type": "Point", "coordinates": [77.58740765031035, 12.966906306936238]}, "properties": {"kind": "junction", "edge_id": ":cluster12128943145_287793596_37898955#0-AddedOnRampNode_3", "from": null, "to": null, "type": null, "priority": null, "numLanes": null, "speed": null, "length": null, "function": "internal"}}, {"type": "Feature", "geometry": {"type": "Point", "coordinates": [77.58733300337455, 12.966823119751654]}, "properties": {"kind": "junction", "edge_id": ":cluster12128943145_287793596_37898955#0-AddedOnRampNode_4", "from": null, "to": null, "type": null, "priority": null, "numLanes": null, "speed": null, "length": null, "function": "internal"}}, {"type": "Feature", "geometry": {"type": "Point", "coordinates": [77.58739501537032, 12.966878154935282]}, "properties": {"kind": "junction", "edge_id": ":cluster12128943145_287793596_37898955#0-AddedOnRampNode_5", "from": null, "to": null, "type": null, "priority": null, "numLanes": null, "speed": null, "length": null, "function": "internal"}}, {"type": "Feature", "geometry": {"type": "Point", "coordinates": [77.58724646573788, 12.967674749237355]}, "properties": {"kind": "junction", "edge_id": ":cluster12128943147_287793735_cluster_10044013422_665062617_665062618_0", "from": null, "to": null, "type": null, "priority": null, "numLanes": null, "speed": null, "length": null, "function": "internal"}}, {"type": "Feature", "geometry": {"type": "Point", "coordinates": [77.58740858517058, 12.96778073657828]}, "properties": {"kind": "junction", "edge_id": ":cluster12128943147_287793735_cluster_10044013422_665062617_665062618_3", "from": null, "to": null, "type": null, "priority": null, "numLanes": null, "speed": null, "length": null, "function": "internal"}}, {"type": "Feature", "geometry": {"type": "Point", "coordinates": [77.58748104740168, 12.967919868299772]}, "properties": {"kind": "junction", "edge_id": ":cluster12128943147_287793735_cluster_10044013422_665062617_665062618_6", "from": null, "to": null, "type": null, "priority": null, "numLanes": null, "speed": null, "length": null, "function": "internal"}}, {"type": "Feature", "geometry": {"type": "Point", "coordinates": [77.58725618422136, 12.967919755702962]}, "properties": {"kind": "junction", "edge_id": ":cluster12128943147_287793735_cluster_10044013422_665062617_665062618_9", "from": null, "to": null, "type": null, "priority": null, "numLanes": null, "speed": null, "length": null, "function": "internal"}}, {"type": "Feature", "geometry": {"type": "Point", "coordinates": [77.60709401568805, 12.97137634502406]}, "properties": {"kind": "junction", "edge_id": ":cluster1232963659_5372824878_0", "from": null, "to": null, "type": null, "priority": null, "numLanes": null, "speed": null, "length": null, "function": "internal"}}, {"type": "Feature", "geometry": {"type": "Point", "coordinates": [77.60712894653547, 12.971422250312061]}, "properties": {"kind": "junction", "edge_id": ":cluster1232963659_5372824878_1", "from": null, "to": null, "type": null, "priority": null, "numLanes": null, "speed": null, "length": null, "function": "internal"}}, {"type": "Feature", "geometry": {"type": "Point", "coordinates": [77.60709104146653, 12.971462200342591]}, "properties": {"kind": "junction", "edge_id": ":cluster1232963659_5372824878_2", "from": null, "to": null, "type": null, "priority": null, "numLanes": null, "speed": null, "length": null, "function": "internal"}}, {"type": "Feature", "geometry": {"type": "Point", "coordinates": [77.60706884744258, 12.971383282658898]}, "properties": {"kind": "junction", "edge_id": ":cluster1232963659_5372824878_3", "from": null, "to": null, "type": null, "priority": null, "numLanes": null, "speed": null, "length": null, "function": "internal"}}, {"type": "Feature", "geometry": {"type": "Point", "coordinates": [77.607040021188, 12.971392786551842]}, "properties": {"kind": "junction", "edge_id": ":cluster1232963659_5372824878_7", "from": null, "to": null, "type": null, "priority": null, "numLanes": null, "speed": null, "length": null, "function": "internal"}}, {"type": "Feature", "geometry": {"type": "Point", "coordinates": [77.60696529702696, 12.971329392265769]}, "properties": {"kind": "junction", "edge_id": ":cluster1232963659_5372824878_8", "from": null, "to": null, "type": null, "priority": null, "numLanes": null, "speed": null, "length": null, "function": "internal"}}, {"type": "Feature", "geometry": {"type": "Point", "coordinates": [77.60177613127279, 12.984554167484628]}, "properties": {"kind": "junction", "edge_id": ":cluster1517317434_294079186_0", "from": null, "to": null, "type": null, "priority": null, "numLanes": null, "speed": null, "length": null, "function": "internal"}}, {"type": "Feature", "geometry": {"type": "Point", "coordinates": [77.58970713980497, 12.96233308262189]}, "properties": {"kind": "junction", "edge_id": ":cluster1650296797_2406092355_287793996_328804269_0", "from": null, "to": null, "type": null, "priority": null, "numLanes": null, "speed": null, "length": null, "function": "internal"}}, {"type": "Feature", "geometry": {"type": "Point", "coordinates": [77.58989877824197, 12.962808461971637]}, "properties": {"kind": "junction", "edge_id": ":cluster1650296797_2406092355_287793996_328804269_3", "from": null, "to": null, "type": null, "priority": null, "numLanes": null, "speed": null, "length": null, "function": "internal"}}, {"type": "Feature", "geometry": {"type": "Point", "coordinates": [77.58975968064011, 12.96291518703647]}, "properties": {"kind": "junction", "edge_id": ":cluster1650296797_2406092355_287793996_328804269_4", "from": null, "to": null, "type": null, "priority": null, "numLanes": null, "speed": null, "length": null, "function": "internal"}}, {"type": "Feature", "geometry": {"type": "Point", "coordinates": [77.58970843861869, 12.962618917521239]}, "properties": {"kind": "junction", "edge_id": ":cluster1650296797_2406092355_287793996_328804269_6", "from": null, "to": null, "type": null, "priority": null, "numLanes": null, "speed": null, "length": null, "function": "internal"}}, {"type": "Feature", "geometry": {"type": "Point", "coordinates": [77.58820235507115, 12.984894623621827]}, "properties": {"kind": "junction", "edge_id": ":cluster1726148405_665045241_cluster_12143506753_1436067879_1436067882_1436067886_#5more_0", "from": null, "to": null, "type": null, "priority": null, "numLanes": null, "speed": null, "length": null, "function": "internal"}}, {"type": "Feature", "geometry": {"type": "Point", "coordinates": [77.58801100356773, 12.984555843074606]}, "properties": {"kind": "junction", "edge_id": ":cluster1726148405_665045241_cluster_12143506753_1436067879_1436067882_1436067886_#5more_1", "from": null, "to": null, "type": null, "priority": null, "numLanes": null, "speed": null, "length": null, "function": "internal"}}, {"type": "Feature", "geometry": {"type": "Point", "coordinates": [77.58824600775012, 12.984653061248059]}, "properties": {"kind": "junction", "edge_id": ":cluster1726148405_665045241_cluster_12143506753_1436067879_1436067882_1436067886_#5more_6", "from": null, "to": null, "type": null, "priority": null, "numLanes": null, "speed": null, "length": null, "function": "internal"}}, {"type": "Feature", "geometry": {"type": "Point", "coordinates": [77.58785789172023, 12.984520236671681]}, "properties": {"kind": "junction", "edge_id": ":cluster1726148405_665045241_cluster_12143506753_1436067879_1436067882_1436067886_#5more_9", "from": null, "to": null, "type": null, "priority": null, "numLanes": null, "speed": null, "length": null, "function": "internal"}}, {"type": "Feature", "geometry": {"type": "Point", "coordinates": [77.61084981109565, 12.980722532421929]}, "properties": {"kind": "junction", "edge_id": ":cluster1837445453_1837445458_0", "from": null, "to": null, "type": null, "priority": null, "numLanes": null, "speed": null, "length": null, "function": "internal"}}, {"type": "Feature", "geometry": {"type": "Point", "coordinates": [77.61099621248427, 12.980724404451067]}, "properties": {"kind": "junction", "edge_id": ":cluster1837445453_1837445458_1", "from": null, "to": null, "type": null, "priority": null, "numLanes": null, "speed": null, "length": null, "function": "internal"}}, {"type": "Feature", "geometry": {"type": "Point", "coordinates": [77.58883387788123, 12.967445475537529]}, "properties": {"kind": "junction", "edge_id": ":cluster245615180_249081348_cluster_12759084951_663313887_0", "from": null, "to": null, "type": null, "priority": null, "numLanes": null, "speed": null, "length": null, "function": "internal"}}, {"type": "Feature", "geometry": {"type": "Point", "coordinates": [77.58858294033796, 12.967409214896245]}, "properties": {"kind": "junction", "edge_id": ":cluster245615180_249081348_cluster_12759084951_663313887_1", "from": null, "to": null, "type": null, "priority": null, "numLanes": null, "speed": null, "length": null, "function": "internal"}}, {"type": "Feature", "geometry": {"type": "Point", "coordinates": [77.58852611159415, 12.967632658622696]}, "properties": {"kind": "junction", "edge_id": ":cluster245615180_249081348_cluster_12759084951_663313887_11", "from": null, "to": null, "type": null, "priority": null, "numLanes": null, "speed": null, "length": null, "function": "internal"}}, {"type": "Feature", "geometry": {"type": "Point", "coordinates": [77.5884278643309, 12.967877293533281]}, "properties": {"kind": "junction", "edge_id": ":cluster245615180_249081348_cluster_12759084951_663313887_3", "from": null, "to": null, "type": null, "priority": null, "numLanes": null, "speed": null, "length": null, "function": "internal"}}, {"type": "Feature", "geometry": {"type": "Point", "coordinates": [77.58832714234352, 12.967855980701511]}, "properties": {"kind": "junction", "edge_id": ":cluster245615180_249081348_cluster_12759084951_663313887_6", "from": null, "to": null, "type": null, "priority": null, "numLanes": null, "speed": null, "length": null, "function": "internal"}}, {"type": "Feature", "geometry": {"type": "Point", "coordinates": [77.58858595998488, 12.967647692634788]}, "properties": {"kind": "junction", "edge_id": ":cluster245615180_249081348_cluster_12759084951_663313887_9", "from": null, "to": null, "type": null, "priority": null, "numLanes": null, "speed": null, "length": null, "function": "internal"}}, {"type": "Feature", "geometry": {"type": "Point", "coordinates": [77.60104194922337, 12.965364892665127]}, "properties": {"kind": "junction", "edge_id": ":cluster248455467_6421171406_cluster_248455257_248455459_0", "from": null, "to": null, "type": null, "priority": null, "numLanes": null, "speed": null, "length": null, "function": "internal"}}, {"type": "Feature", "geometry": {"type": "Point", "coordinates": [77.60141519673765, 12.965523417453396]}, "properties": {"kind": "junction", "edge_id": ":cluster248455467_6421171406_cluster_248455257_248455459_3", "from": null, "to": null, "type": null, "priority": null, "numLanes": null, "speed": null, "length": null, "function": "internal"}}, {"type": "Feature", "geometry": {"type": "Point", "coordinates": [77.59405859730673, 12.972025163814072]}, "properties": {"kind": "junction", "edge_id": ":cluster429303166_cluster248459848_4058224805_cluster_248459849_4058224799_cluster_4058224827_cluster_10595455538_246397920_4058224836_4058224852_0", "from": null, "to": null, "type": null, "priority": null, "numLanes": null, "speed": null, "length": null, "function": "internal"}}, {"type": "Feature", "geometry": {"type": "Point", "coordinates": [77.59383109470716, 12.97195732628511]}, "properties": {"kind": "junction", "edge_id": ":cluster429303166_cluster248459848_4058224805_cluster_248459849_4058224799_cluster_4058224827_cluster_10595455538_246397920_4058224836_4058224852_2", "from": null, "to": null, "type": null, "priority": null, "numLanes": null, "speed": null, "length": null, "function": "internal"}}, {"type": "Feature", "geometry": {"type": "Point", "coordinates": [77.58588783010998, 12.991056356127727]}, "properties": {"kind": "junction", "edge_id": ":cluster9573433549_cluster11565016463_11565045271_12099921826_0", "from": null, "to": null, "type": null, "priority": null, "numLanes": null, "speed": null, "length": null, "function": "internal"}}, {"type": "Feature", "geometry": {"type": "Point", "coordinates": [77.58630300417755, 12.99098979464256]}, "properties": {"kind": "junction", "edge_id": ":cluster9573433549_cluster11565016463_11565045271_12099921826_5", "from": null, "to": null, "type": null, "priority": null, "numLanes": null, "speed": null, "length": null, "function": "internal"}}, {"type": "Feature", "geometry": {"type": "Point", "coordinates": [77.60173622559556, 12.976462640688034]}, "properties": {"kind": "junction", "edge_id": ":cluster_10016346056_12429489160_7676373070_0", "from": null, "to": null, "type": null, "priority": null, "numLanes": null, "speed": null, "length": null, "function": "internal"}}, {"type": "Feature", "geometry": {"type": "Point", "coordinates": [77.60176838092254, 12.976578228925662]}, "properties": {"kind": "junction", "edge_id": ":cluster_10016346056_12429489160_7676373070_1", "from": null, "to": null, "type": null, "priority": null, "numLanes": null, "speed": null, "length": null, "function": "internal"}}, {"type": "Feature", "geometry": {"type": "Point", "coordinates": [77.60184530057472, 12.976569237971049]}, "properties": {"kind": "junction", "edge_id": ":cluster_10016346056_12429489160_7676373070_3", "from": null, "to": null, "type": null, "priority": null, "numLanes": null, "speed": null, "length": null, "function": "internal"}}, {"type": "Feature", "geometry": {"type": "Point", "coordinates": [77.5866237808217, 12.981689130861213]}, "properties": {"kind": "junction", "edge_id": ":cluster_10036422031_cluster_12704069722_12704069723_0", "from": null, "to": null, "type": null, "priority": null, "numLanes": null, "speed": null, "length": null, "function": "internal"}}, {"type": "Feature", "geometry": {"type": "Point", "coordinates": [77.60529206741629, 12.95276950898175]}, "properties": {"kind": "junction", "edge_id": ":cluster_10043357420_4294224252_0", "from": null, "to": null, "type": null, "priority": null, "numLanes": null, "speed": null, "length": null, "function": "internal"}}, {"type": "Feature", "geometry": {"type": "Point", "coordinates": [77.6066838879308, 12.966158016511493]}, "properties": {"kind": "junction", "edge_id": ":cluster_10043357422_10120806056_12460929706_13507201648_#3more_0", "from": null, "to": null, "type": null, "priority": null, "numLanes": null, "speed": null, "length": null, "function": "internal"}}, {"type": "Feature", "geometry": {"type": "Point", "coordinates": [77.60672534057825, 12.966211084089686]}, "properties": {"kind": "junction", "edge_id": ":cluster_10043357422_10120806056_12460929706_13507201648_#3more_1", "from": null, "to": null, "type": null, "priority": null, "numLanes": null, "speed": null, "length": null, "function": "internal"}}, {"type": "Feature", "geometry": {"type": "Point", "coordinates": [77.60687386069718, 12.966204898258235]}, "properties": {"kind": "junction", "edge_id": ":cluster_10043357422_10120806056_12460929706_13507201648_#3more_4", "from": null, "to": null, "type": null, "priority": null, "numLanes": null, "speed": null, "length": null, "function": "internal"}}, {"type": "Feature", "geometry": {"type": "Point", "coordinates": [77.60674850436335, 12.966188627717669]}, "properties": {"kind": "junction", "edge_id": ":cluster_10043357422_10120806056_12460929706_13507201648_#3more_5", "from": null, "to": null, "type": null, "priority": null, "numLanes": null, "speed": null, "length": null, "function": "internal"}}, {"type": "Feature", "geometry": {"type": "Point", "coordinates": [77.60676998228948, 12.96626963061107]}, "properties": {"kind": "junction", "edge_id": ":cluster_10043357422_10120806056_12460929706_13507201648_#3more_8", "from": null, "to": null, "type": null, "priority": null, "numLanes": null, "speed": null, "length": null, "function": "internal"}}, {"type": "Feature", "geometry": {"type": "Point", "coordinates": [77.6137697193046, 12.973682542834442]}, "properties": {"kind": "junction", "edge_id": ":cluster_10075533183_11432437448_11432458994_11432458996_0", "from": null, "to": null, "type": null, "priority": null, "numLanes": null, "speed": null, "length": null, "function": "internal"}}, {"type": "Feature", "geometry": {"type": "Point", "coordinates": [77.61387765670308, 12.973724099429049]}, "properties": {"kind": "junction", "edge_id": ":cluster_10075533183_11432437448_11432458994_11432458996_2", "from": null, "to": null, "type": null, "priority": null, "numLanes": null, "speed": null, "length": null, "function": "internal"}}, {"type": "Feature", "geometry": {"type": "Point", "coordinates": [77.61384197703309, 12.97381823325213]}, "properties": {"kind": "junction", "edge_id": ":cluster_10075533183_11432437448_11432458994_11432458996_3", "from": null, "to": null, "type": null, "priority": null, "numLanes": null, "speed": null, "length": null, "function": "internal"}}, {"type": "Feature", "geometry": {"type": "Point", "coordinates": [77.61382567753243, 12.97373943801538]}, "properties": {"kind": "junction", "edge_id": ":cluster_10075533183_11432437448_11432458994_11432458996_4", "from": null, "to": null, "type": null, "priority": null, "numLanes": null, "speed": null, "length": null, "function": "internal"}}, {"type": "Feature", "geometry": {"type": "Point", "coordinates": [77.61377682899898, 12.973710567794923]}, "properties": {"kind": "junction", "edge_id": ":cluster_10075533183_11432437448_11432458994_11432458996_5", "from": null, "to": null, "type": null, "priority": null, "numLanes": null, "speed": null, "length": null, "function": "internal"}}, {"type": "Feature", "geometry": {"type": "Point", "coordinates": [77.60880367982269, 12.977066861273745]}, "properties": {"kind": "junction", "edge_id": ":cluster_10075533187_10075533188_10075533189_10075533190_0", "from": null, "to": null, "type": null, "priority": null, "numLanes": null, "speed": null, "length": null, "function": "internal"}}, {"type": "Feature", "geometry": {"type": "Point", "coordinates": [77.60876931224844, 12.97720750802895]}, "properties": {"kind": "junction", "edge_id": ":cluster_10075533187_10075533188_10075533189_10075533190_2", "from": null, "to": null, "type": null, "priority": null, "numLanes": null, "speed": null, "length": null, "function": "internal"}}, {"type": "Feature", "geometry": {"type": "Point", "coordinates": [77.60869997977028, 12.977307941851572]}, "properties": {"kind": "junction", "edge_id": ":cluster_10075533187_10075533188_10075533189_10075533190_3", "from": null, "to": null, "type": null, "priority": null, "numLanes": null, "speed": null, "length": null, "function": "internal"}}, {"type": "Feature", "geometry": {"type": "Point", "coordinates": [77.60873963850095, 12.97717998029639]}, "properties": {"kind": "junction", "edge_id": ":cluster_10075533187_10075533188_10075533189_10075533190_4", "from": null, "to": null, "type": null, "priority": null, "numLanes": null, "speed": null, "length": null, "function": "internal"}}, {"type": "Feature", "geometry": {"type": "Point", "coordinates": [77.60875016721747, 12.977041289255508]}, "properties": {"kind": "junction", "edge_id": ":cluster_10075533187_10075533188_10075533189_10075533190_6", "from": null, "to": null, "type": null, "priority": null, "numLanes": null, "speed": null, "length": null, "function": "internal"}}, {"type": "Feature", "geometry": {"type": "Point", "coordinates": [77.60235591946012, 12.979188318050266]}, "properties": {"kind": "junction", "edge_id": ":cluster_10075533192_10075533193_10684915913_10684915914_#1more_0", "from": null, "to": null, "type": null, "priority": null, "numLanes": null, "speed": null, "length": null, "function": "internal"}}, {"type": "Feature", "geometry": {"type": "Point", "coordinates": [77.60241563873852, 12.979270293594643]}, "properties": {"kind": "junction", "edge_id": ":cluster_10075533192_10075533193_10684915913_10684915914_#1more_1", "from": null, "to": null, "type": null, "priority": null, "numLanes": null, "speed": null, "length": null, "function": "internal"}}, {"type": "Feature", "geometry": {"type": "Point", "coordinates": [77.60244373486319, 12.97926133939293]}, "properties": {"kind": "junction", "edge_id": ":cluster_10075533192_10075533193_10684915913_10684915914_#1more_3", "from": null, "to": null, "type": null, "priority": null, "numLanes": null, "speed": null, "length": null, "function": "internal"}}, {"type": "Feature", "geometry": {"type": "Point", "coordinates": [77.61431013026343, 12.975246173008113]}, "properties": {"kind": "junction", "edge_id": ":cluster_10076140416_11432437452_12632082427_7697940571_0", "from": null, "to": null, "type": null, "priority": null, "numLanes": null, "speed": null, "length": null, "function": "internal"}}, {"type": "Feature", "geometry": {"type": "Point", "coordinates": [77.61437483955594, 12.975399917111398]}, "properties": {"kind": "junction", "edge_id": ":cluster_10076140416_11432437452_12632082427_7697940571_1", "from": null, "to": null, "type": null, "priority": null, "numLanes": null, "speed": null, "length": null, "function": "internal"}}, {"type": "Feature", "geometry": {"type": "Point", "coordinates": [77.59593222937198, 12.983196935924681]}, "properties": {"kind": "junction", "edge_id": ":cluster_10121033916_10121050217_0", "from": null, "to": null, "type": null, "priority": null, "numLanes": null, "speed": null, "length": null, "function": "internal"}}, {"type": "Feature", "geometry": {"type": "Point", "coordinates": [77.59588000992578, 12.983198360985819]}, "properties": {"kind": "junction", "edge_id": ":cluster_10121033916_10121050217_1", "from": null, "to": null, "type": null, "priority": null, "numLanes": null, "speed": null, "length": null, "function": "internal"}}, {"type": "Feature", "geometry": {"type": "Point", "coordinates": [77.59596458075184, 12.983171858693845]}, "properties": {"kind": "junction", "edge_id": ":cluster_10121033916_10121050217_3", "from": null, "to": null, "type": null, "priority": null, "numLanes": null, "speed": null, "length": null, "function": "internal"}}, {"type": "Feature", "geometry": {"type": "Point", "coordinates": [77.5958121019528, 12.983197142104054]}, "properties": {"kind": "junction", "edge_id": ":cluster_10121033916_10121050217_5", "from": null, "to": null, "type": null, "priority": null, "numLanes": null, "speed": null, "length": null, "function": "internal"}}, {"type": "Feature", "geometry": {"type": "Point", "coordinates": [77.61008911576808, 12.980974187260236]}, "properties": {"kind": "junction", "edge_id": ":cluster_10123663917_12691279976_1837445457_0", "from": null, "to": null, "type": null, "priority": null, "numLanes": null, "speed": null, "length": null, "function": "internal"}}, {"type": "Feature", "geometry": {"type": "Point", "coordinates": [77.61005496217045, 12.980985280980251]}, "properties": {"kind": "junction", "edge_id": ":cluster_10123663917_12691279976_1837445457_1", "from": null, "to": null, "type": null, "priority": null, "numLanes": null, "speed": null, "length": null, "function": "internal"}}, {"type": "Feature", "geometry": {"type": "Point", "coordinates": [77.61005705151756, 12.980982459384686]}, "properties": {"kind": "junction", "edge_id": ":cluster_10123663917_12691279976_1837445457_2", "from": null, "to": null, "type": null, "priority": null, "numLanes": null, "speed": null, "length": null, "function": "internal"}}, {"type": "Feature", "geometry": {"type": "Point", "coordinates": [77.60813274566658, 12.975183807527404]}, "properties": {"kind": "junction", "edge_id": ":cluster_10123752378_10123752379_11464483504_11464483505_#1more_0", "from": null, "to": null, "type": null, "priority": null, "numLanes": null, "speed": null, "length": null, "function": "internal"}}, {"type": "Feature", "geometry": {"type": "Point", "coordinates": [77.60802987623389, 12.975071730459558]}, "properties": {"kind": "junction", "edge_id": ":cluster_10123752378_10123752379_11464483504_11464483505_#1more_1", "from": null, "to": null, "type": null, "priority": null, "numLanes": null, "speed": null, "length": null, "function": "internal"}}, {"type": "Feature", "geometry": {"type": "Point", "coordinates": [77.60816725275136, 12.975162501930605]}, "properties": {"kind": "junction", "edge_id": ":cluster_10123752378_10123752379_11464483504_11464483505_#1more_3", "from": null, "to": null, "type": null, "priority": null, "numLanes": null, "speed": null, "length": null, "function": "internal"}}, {"type": "Feature", "geometry": {"type": "Point", "coordinates": [77.60794635192724, 12.975118642904109]}, "properties": {"kind": "junction", "edge_id": ":cluster_10123752378_10123752379_11464483504_11464483505_#1more_6", "from": null, "to": null, "type": null, "priority": null, "numLanes": null, "speed": null, "length": null, "function": "internal"}}, {"type": "Feature", "geometry": {"type": "Point", "coordinates": [77.61467568585019, 12.976367437405905]}, "properties": {"kind": "junction", "edge_id": ":cluster_10123938477_1837783518_4772576249_4772576254_0", "from": null, "to": null, "type": null, "priority": null, "numLanes": null, "speed": null, "length": null, "function": "internal"}}, {"type": "Feature", "geometry": {"type": "Point", "coordinates": [77.5819740233735, 12.979666663386537]}, "properties": {"kind": "junction", "edge_id": ":cluster_10129524861_11731358826_0", "from": null, "to": null, "type": null, "priority": null, "numLanes": null, "speed": null, "length": null, "function": "internal"}}, {"type": "Feature", "geometry": {"type": "Point", "coordinates": [77.60155176149465, 12.960156578686036]}, "properties": {"kind": "junction", "edge_id": ":cluster_1067769810_1067769827_11885833150_11885833158_#2more_0", "from": null, "to": null, "type": null, "priority": null, "numLanes": null, "speed": null, "length": null, "function": "internal"}}, {"type": "Feature", "geometry": {"type": "Point", "coordinates": [77.60138617798052, 12.960319947632915]}, "properties": {"kind": "junction", "edge_id": ":cluster_1067769810_1067769827_11885833150_11885833158_#2more_1", "from": null, "to": null, "type": null, "priority": null, "numLanes": null, "speed": null, "length": null, "function": "internal"}}, {"type": "Feature", "geometry": {"type": "Point", "coordinates": [77.60156054048524, 12.960168145199793]}, "properties": {"kind": "junction", "edge_id": ":cluster_1067769810_1067769827_11885833150_11885833158_#2more_2", "from": null, "to": null, "type": null, "priority": null, "numLanes": null, "speed": null, "length": null, "function": "internal"}}, {"type": "Feature", "geometry": {"type": "Point", "coordinates": [77.59462216615371, 12.962125757736917]}, "properties": {"kind": "junction", "edge_id": ":cluster_1067789550_248455441_428457189_6894860920_0", "from": null, "to": null, "type": null, "priority": null, "numLanes": null, "speed": null, "length": null, "function": "internal"}}, {"type": "Feature", "geometry": {"type": "Point", "coordinates": [77.59454340450729, 12.96215220046515]}, "properties": {"kind": "junction", "edge_id": ":cluster_1067789550_248455441_428457189_6894860920_1", "from": null, "to": null, "type": null, "priority": null, "numLanes": null, "speed": null, "length": null, "function": "internal"}}, {"type": "Feature", "geometry": {"type": "Point", "coordinates": [77.59453190045143, 12.962108769578782]}, "properties": {"kind": "junction", "edge_id": ":cluster_1067789550_248455441_428457189_6894860920_10", "from": null, "to": null, "type": null, "priority": null, "numLanes": null, "speed": null, "length": null, "function": "internal"}}, {"type": "Feature", "geometry": {"type": "Point", "coordinates": [77.59460529766096, 12.962355759758152]}, "properties": {"kind": "junction", "edge_id": ":cluster_1067789550_248455441_428457189_6894860920_11", "from": null, "to": null, "type": null, "priority": null, "numLanes": null, "speed": null, "length": null, "function": "internal"}}, {"type": "Feature", "geometry": {"type": "Point", "coordinates": [77.59458744367629, 12.962152935906955]}, "properties": {"kind": "junction", "edge_id": ":cluster_1067789550_248455441_428457189_6894860920_12", "from": null, "to": null, "type": null, "priority": null, "numLanes": null, "speed": null, "length": null, "function": "internal"}}, {"type": "Feature", "geometry": {"type": "Point", "coordinates": [77.59438821840035, 12.9621639562631]}, "properties": {"kind": "junction", "edge_id": ":cluster_1067789550_248455441_428457189_6894860920_13", "from": null, "to": null, "type": null, "priority": null, "numLanes": null, "speed": null, "length": null, "function": "internal"}}, {"type": "Feature", "geometry": {"type": "Point", "coordinates": [77.59457137351512, 12.962255545639058]}, "properties": {"kind": "junction", "edge_id": ":cluster_1067789550_248455441_428457189_6894860920_3", "from": null, "to": null, "type": null, "priority": null, "numLanes": null, "speed": null, "length": null, "function": "internal"}}, {"type": "Feature", "geometry": {"type": "Point", "coordinates": [77.59448471153708, 12.96234630134819]}, "properties": {"kind": "junction", "edge_id": ":cluster_1067789550_248455441_428457189_6894860920_4", "from": null, "to": null, "type": null, "priority": null, "numLanes": null, "speed": null, "length": null, "function": "internal"}}, {"type": "Feature", "geometry": {"type": "Point", "coordinates": [77.59456029578593, 12.962244363135545]}, "properties": {"kind": "junction", "edge_id": ":cluster_1067789550_248455441_428457189_6894860920_6", "from": null, "to": null, "type": null, "priority": null, "numLanes": null, "speed": null, "length": null, "function": "internal"}}, {"type": "Feature", "geometry": {"type": "Point", "coordinates": [77.59444921917586, 12.962236978142977]}, "properties": {"kind": "junction", "edge_id": ":cluster_1067789550_248455441_428457189_6894860920_7", "from": null, "to": null, "type": null, "priority": null, "numLanes": null, "speed": null, "length": null, "function": "internal"}}, {"type": "Feature", "geometry": {"type": "Point", "coordinates": [77.5944310251249, 12.962125765964013]}, "properties": {"kind": "junction", "edge_id": ":cluster_1067789550_248455441_428457189_6894860920_8", "from": null, "to": null, "type": null, "priority": null, "numLanes": null, "speed": null, "length": null, "function": "internal"}}, {"type": "Feature", "geometry": {"type": "Point", "coordinates": [77.59451291302956, 12.962232097055137]}, "properties": {"kind": "junction", "edge_id": ":cluster_1067789550_248455441_428457189_6894860920_9", "from": null, "to": null, "type": null, "priority": null, "numLanes": null, "speed": null, "length": null, "function": "internal"}}, {"type": "Feature", "geometry": {"type": "Point", "coordinates": [77.61948034374547, 12.971824930721969]}, "properties": {"kind": "junction", "edge_id": ":cluster_10784153212_11707402967_11707460669_2999494951_0", "from": null, "to": null, "type": null, "priority": null, "numLanes": null, "speed": null, "length": null, "function": "internal"}}, {"type": "Feature", "geometry": {"type": "Point", "coordinates": [77.59462603042412, 12.967039410922068]}, "properties": {"kind": "junction", "edge_id": ":cluster_11425338076_458263319_0", "from": null, "to": null, "type": null, "priority": null, "numLanes": null, "speed": null, "length": null, "function": "internal"}}, {"type": "Feature", "geometry": {"type": "Point", "coordinates": [77.5946498025223, 12.967048840600876]}, "properties": {"kind": "junction", "edge_id": ":cluster_11425338076_458263319_2", "from": null, "to": null, "type": null, "priority": null, "numLanes": null, "speed": null, "length": null, "function": "internal"}}, {"type": "Feature", "geometry": {"type": "Point", "coordinates": [77.59464887047274, 12.967092214760651]}, "properties": {"kind": "junction", "edge_id": ":cluster_11425338076_458263319_4", "from": null, "to": null, "type": null, "priority": null, "numLanes": null, "speed": null, "length": null, "function": "internal"}}, {"type": "Feature", "geometry": {"type": "Point", "coordinates": [77.61114047335569, 12.974364119253009]}, "properties": {"kind": "junction", "edge_id": ":cluster_11854316017_11854316018_11854316019_4044263600_0", "from": null, "to": null, "type": null, "priority": null, "numLanes": null, "speed": null, "length": null, "function": "internal"}}, {"type": "Feature", "geometry": {"type": "Point", "coordinates": [77.61112723686632, 12.974234520539083]}, "properties": {"kind": "junction", "edge_id": ":cluster_11854316017_11854316018_11854316019_4044263600_1", "from": null, "to": null, "type": null, "priority": null, "numLanes": null, "speed": null, "length": null, "function": "internal"}}, {"type": "Feature", "geometry": {"type": "Point", "coordinates": [77.61119812221332, 12.974265338226116]}, "properties": {"kind": "junction", "edge_id": ":cluster_11854316017_11854316018_11854316019_4044263600_2", "from": null, "to": null, "type": null, "priority": null, "numLanes": null, "speed": null, "length": null, "function": "internal"}}, {"type": "Feature", "geometry": {"type": "Point", "coordinates": [77.61122276433352, 12.974366816266686]}, "properties": {"kind": "junction", "edge_id": ":cluster_11854316017_11854316018_11854316019_4044263600_3", "from": null, "to": null, "type": null, "priority": null, "numLanes": null, "speed": null, "length": null, "function": "internal"}}, {"type": "Feature", "geometry": {"type": "Point", "coordinates": [77.61127041445569, 12.974422078997877]}, "properties": {"kind": "junction", "edge_id": ":cluster_11854316017_11854316018_11854316019_4044263600_4", "from": null, "to": null, "type": null, "priority": null, "numLanes": null, "speed": null, "length": null, "function": "internal"}}, {"type": "Feature", "geometry": {"type": "Point", "coordinates": [77.61111491394085, 12.974368893024664]}, "properties": {"kind": "junction", "edge_id": ":cluster_11854316017_11854316018_11854316019_4044263600_6", "from": null, "to": null, "type": null, "priority": null, "numLanes": null, "speed": null, "length": null, "function": "internal"}}, {"type": "Feature", "geometry": {"type": "Point", "coordinates": [77.61114789589473, 12.974236842679588]}, "properties": {"kind": "junction", "edge_id": ":cluster_11854316017_11854316018_11854316019_4044263600_7", "from": null, "to": null, "type": null, "priority": null, "numLanes": null, "speed": null, "length": null, "function": "internal"}}, {"type": "Feature", "geometry": {"type": "Point", "coordinates": [77.61126449864982, 12.974393680564443]}, "properties": {"kind": "junction", "edge_id": ":cluster_11854316017_11854316018_11854316019_4044263600_8", "from": null, "to": null, "type": null, "priority": null, "numLanes": null, "speed": null, "length": null, "function": "internal"}}, {"type": "Feature", "geometry": {"type": "Point", "coordinates": [77.60880001912223, 12.966628632434617]}, "properties": {"kind": "junction", "edge_id": ":cluster_11919132703_12462507904_0", "from": null, "to": null, "type": null, "priority": null, "numLanes": null, "speed": null, "length": null, "function": "internal"}}, {"type": "Feature", "geometry": {"type": "Point", "coordinates": [77.6087245568823, 12.966626859486368]}, "properties": {"kind": "junction", "edge_id": ":cluster_11919132703_12462507904_1", "from": null, "to": null, "type": null, "priority": null, "numLanes": null, "speed": null, "length": null, "function": "internal"}}, {"type": "Feature", "geometry": {"type": "Point", "coordinates": [77.58522188319613, 12.963822637481156]}, "properties": {"kind": "junction", "edge_id": ":cluster_12077162815_3309317524_0", "from": null, "to": null, "type": null, "priority": null, "numLanes": null, "speed": null, "length": null, "function": "internal"}}, {"type": "Feature", "geometry": {"type": "Point", "coordinates": [77.5851918125638, 12.963800892246857]}, "properties": {"kind": "junction", "edge_id": ":cluster_12077162815_3309317524_2", "from": null, "to": null, "type": null, "priority": null, "numLanes": null, "speed": null, "length": null, "function": "internal"}}, {"type": "Feature", "geometry": {"type": "Point", "coordinates": [77.58688079651708, 12.965468752578282]}, "properties": {"kind": "junction", "edge_id": ":cluster_12128921370_12128921371_0", "from": null, "to": null, "type": null, "priority": null, "numLanes": null, "speed": null, "length": null, "function": "internal"}}, {"type": "Feature", "geometry": {"type": "Point", "coordinates": [77.58682625181972, 12.965476612704045]}, "properties": {"kind": "junction", "edge_id": ":cluster_12128921370_12128921371_1", "from": null, "to": null, "type": null, "priority": null, "numLanes": null, "speed": null, "length": null, "function": "internal"}}, {"type": "Feature", "geometry": {"type": "Point", "coordinates": [77.58664082049208, 12.96565507861653]}, "properties": {"kind": "junction", "edge_id": ":cluster_12128921370_12128921371_3", "from": null, "to": null, "type": null, "priority": null, "numLanes": null, "speed": null, "length": null, "function": "internal"}}, {"type": "Feature", "geometry": {"type": "Point", "coordinates": [77.58673963759742, 12.965563481243578]}, "properties": {"kind": "junction", "edge_id": ":cluster_12128921370_12128921371_4", "from": null, "to": null, "type": null, "priority": null, "numLanes": null, "speed": null, "length": null, "function": "internal"}}, {"type": "Feature", "geometry": {"type": "Point", "coordinates": [77.58674665928206, 12.965538747530706]}, "properties": {"kind": "junction", "edge_id": ":cluster_12128921370_12128921371_6", "from": null, "to": null, "type": null, "priority": null, "numLanes": null, "speed": null, "length": null, "function": "internal"}}, {"type": "Feature", "geometry": {"type": "Point", "coordinates": [77.57684483099688, 12.982774368273061]}, "properties": {"kind": "junction", "edge_id": ":cluster_12139190015_428853828_0", "from": null, "to": null, "type": null, "priority": null, "numLanes": null, "speed": null, "length": null, "function": "internal"}}, {"type": "Feature", "geometry": {"type": "Point", "coordinates": [77.57691595475656, 12.981166253186448]}, "properties": {"kind": "junction", "edge_id": ":cluster_12139205846_428853832_0", "from": null, "to": null, "type": null, "priority": null, "numLanes": null, "speed": null, "length": null, "function": "internal"}}, {"type": "Feature", "geometry": {"type": "Point", "coordinates": [77.59931396407514, 12.976592750605098]}, "properties": {"kind": "junction", "edge_id": ":cluster_1232686162_246397923_429303163_7697830173_0", "from": null, "to": null, "type": null, "priority": null, "numLanes": null, "speed": null, "length": null, "function": "internal"}}, {"type": "Feature", "geometry": {"type": "Point", "coordinates": [77.5993368335356, 12.976648173322424]}, "properties": {"kind": "junction", "edge_id": ":cluster_1232686162_246397923_429303163_7697830173_2", "from": null, "to": null, "type": null, "priority": null, "numLanes": null, "speed": null, "length": null, "function": "internal"}}, {"type": "Feature", "geometry": {"type": "Point", "coordinates": [77.60598508736028, 12.968422319969221]}, "properties": {"kind": "junction", "edge_id": ":cluster_12460929618_263155275_9933265930_0", "from": null, "to": null, "type": null, "priority": null, "numLanes": null, "speed": null, "length": null, "function": "internal"}}, {"type": "Feature", "geometry": {"type": "Point", "coordinates": [77.60612838928735, 12.968374899977103]}, "properties": {"kind": "junction", "edge_id": ":cluster_12460929618_263155275_9933265930_3", "from": null, "to": null, "type": null, "priority": null, "numLanes": null, "speed": null, "length": null, "function": "internal"}}, {"type": "Feature", "geometry": {"type": "Point", "coordinates": [77.6060626015947, 12.968382244384529]}, "properties": {"kind": "junction", "edge_id": ":cluster_12460929618_263155275_9933265930_5", "from": null, "to": null, "type": null, "priority": null, "numLanes": null, "speed": null, "length": null, "function": "internal"}}, {"type": "Feature", "geometry": {"type": "Point", "coordinates": [77.6111732399846, 12.967106767863955]}, "properties": {"kind": "junction", "edge_id": ":cluster_12462507949_13462280316_4903183637_6017833824_0", "from": null, "to": null, "type": null, "priority": null, "numLanes": null, "speed": null, "length": null, "function": "internal"}}, {"type": "Feature", "geometry": {"type": "Point", "coordinates": [77.61122179815011, 12.96722273185357]}, "properties": {"kind": "junction", "edge_id": ":cluster_12462507949_13462280316_4903183637_6017833824_1", "from": null, "to": null, "type": null, "priority": null, "numLanes": null, "speed": null, "length": null, "function": "internal"}}, {"type": "Feature", "geometry": {"type": "Point", "coordinates": [77.61113229960071, 12.967182343630238]}, "properties": {"kind": "junction", "edge_id": ":cluster_12462507949_13462280316_4903183637_6017833824_2", "from": null, "to": null, "type": null, "priority": null, "numLanes": null, "speed": null, "length": null, "function": "internal"}}, {"type": "Feature", "geometry": {"type": "Point", "coordinates": [77.61121688952191, 12.967326132816174]}, "properties": {"kind": "junction", "edge_id": ":cluster_12462507949_13462280316_4903183637_6017833824_4", "from": null, "to": null, "type": null, "priority": null, "numLanes": null, "speed": null, "length": null, "function": "internal"}}, {"type": "Feature", "geometry": {"type": "Point", "coordinates": [77.61112175721487, 12.967187237583712]}, "properties": {"kind": "junction", "edge_id": ":cluster_12462507949_13462280316_4903183637_6017833824_5", "from": null, "to": null, "type": null, "priority": null, "numLanes": null, "speed": null, "length": null, "function": "internal"}}, {"type": "Feature", "geometry": {"type": "Point", "coordinates": [77.58831802972273, 12.961024175942647]}, "properties": {"kind": "junction", "edge_id": ":cluster_12466406368_12466406369_0", "from": null, "to": null, "type": null, "priority": null, "numLanes": null, "speed": null, "length": null, "function": "internal"}}, {"type": "Feature", "geometry": {"type": "Point", "coordinates": [77.58828229452423, 12.96103365602956]}, "properties": {"kind": "junction", "edge_id": ":cluster_12466406368_12466406369_3", "from": null, "to": null, "type": null, "priority": null, "numLanes": null, "speed": null, "length": null, "function": "internal"}}, {"type": "Feature", "geometry": {"type": "Point", "coordinates": [77.60608329789211, 12.957947539970856]}, "properties": {"kind": "junction", "edge_id": ":cluster_12864985109_4294218124_0", "from": null, "to": null, "type": null, "priority": null, "numLanes": null, "speed": null, "length": null, "function": "internal"}}, {"type": "Feature", "geometry": {"type": "Point", "coordinates": [77.60591323972872, 12.958069940201273]}, "properties": {"kind": "junction", "edge_id": ":cluster_12864985109_4294218124_3", "from": null, "to": null, "type": null, "priority": null, "numLanes": null, "speed": null, "length": null, "function": "internal"}}, {"type": "Feature", "geometry": {"type": "Point", "coordinates": [77.60601173296546, 12.958001377898016]}, "properties": {"kind": "junction", "edge_id": ":cluster_12864985109_4294218124_7", "from": null, "to": null, "type": null, "priority": null, "numLanes": null, "speed": null, "length": null, "function": "internal"}}, {"type": "Feature", "geometry": {"type": "Point", "coordinates": [77.58876628948765, 12.986845580314244]}, "properties": {"kind": "junction", "edge_id": ":cluster_1363295017_cluster_12099941385_665045371_cluster_12099941393_1307598719_0", "from": null, "to": null, "type": null, "priority": null, "numLanes": null, "speed": null, "length": null, "function": "internal"}}, {"type": "Feature", "geometry": {"type": "Point", "coordinates": [77.58890227328509, 12.986659472373166]}, "properties": {"kind": "junction", "edge_id": ":cluster_1363295017_cluster_12099941385_665045371_cluster_12099941393_1307598719_1", "from": null, "to": null, "type": null, "priority": null, "numLanes": null, "speed": null, "length": null, "function": "internal"}}, {"type": "Feature", "geometry": {"type": "Point", "coordinates": [77.58883587908473, 12.986662211864699]}, "properties": {"kind": "junction", "edge_id": ":cluster_1363295017_cluster_12099941385_665045371_cluster_12099941393_1307598719_3", "from": null, "to": null, "type": null, "priority": null, "numLanes": null, "speed": null, "length": null, "function": "internal"}}, {"type": "Feature", "geometry": {"type": "Point", "coordinates": [77.58891869493853, 12.986475007526003]}, "properties": {"kind": "junction", "edge_id": ":cluster_1363295017_cluster_12099941385_665045371_cluster_12099941393_1307598719_4", "from": null, "to": null, "type": null, "priority": null, "numLanes": null, "speed": null, "length": null, "function": "internal"}}, {"type": "Feature", "geometry": {"type": "Point", "coordinates": [77.59219280625771, 12.962483784821634]}, "properties": {"kind": "junction", "edge_id": ":cluster_1454651965_428435162_0", "from": null, "to": null, "type": null, "priority": null, "numLanes": null, "speed": null, "length": null, "function": "internal"}}, {"type": "Feature", "geometry": {"type": "Point", "coordinates": [77.59208972209098, 12.962456533958958]}, "properties": {"kind": "junction", "edge_id": ":cluster_1454651965_428435162_2", "from": null, "to": null, "type": null, "priority": null, "numLanes": null, "speed": null, "length": null, "function": "internal"}}, {"type": "Feature", "geometry": {"type": "Point", "coordinates": [77.60343008293493, 12.98217125240958]}, "properties": {"kind": "junction", "edge_id": ":cluster_1523537066_294079537_0", "from": null, "to": null, "type": null, "priority": null, "numLanes": null, "speed": null, "length": null, "function": "internal"}}, {"type": "Feature", "geometry": {"type": "Point", "coordinates": [77.60348184566784, 12.982143721374767]}, "properties": {"kind": "junction", "edge_id": ":cluster_1523537066_294079537_1", "from": null, "to": null, "type": null, "priority": null, "numLanes": null, "speed": null, "length": null, "function": "internal"}}, {"type": "Feature", "geometry": {"type": "Point", "coordinates": [77.60339267106447, 12.982196832823366]}, "properties": {"kind": "junction", "edge_id": ":cluster_1523537066_294079537_2", "from": null, "to": null, "type": null, "priority": null, "numLanes": null, "speed": null, "length": null, "function": "internal"}}, {"type": "Feature", "geometry": {"type": "Point", "coordinates": [77.6034303656681, 12.982154174785068]}, "properties": {"kind": "junction", "edge_id": ":cluster_1523537066_294079537_3", "from": null, "to": null, "type": null, "priority": null, "numLanes": null, "speed": null, "length": null, "function": "internal"}}, {"type": "Feature", "geometry": {"type": "Point", "coordinates": [77.60356015722668, 12.984081061012597]}, "properties": {"kind": "junction", "edge_id": ":cluster_1523537380_287905341_0", "from": null, "to": null, "type": null, "priority": null, "numLanes": null, "speed": null, "length": null, "function": "internal"}}, {"type": "Feature", "geometry": {"type": "Point", "coordinates": [77.60357602192164, 12.984038711973367]}, "properties": {"kind": "junction", "edge_id": ":cluster_1523537380_287905341_1", "from": null, "to": null, "type": null, "priority": null, "numLanes": null, "speed": null, "length": null, "function": "internal"}}, {"type": "Feature", "geometry": {"type": "Point", "coordinates": [77.60355614350372, 12.984067188436384]}, "properties": {"kind": "junction", "edge_id": ":cluster_1523537380_287905341_2", "from": null, "to": null, "type": null, "priority": null, "numLanes": null, "speed": null, "length": null, "function": "internal"}}, {"type": "Feature", "geometry": {"type": "Point", "coordinates": [77.60147429035806, 12.972908006686438]}, "properties": {"kind": "junction", "edge_id": ":cluster_1536595785_248459811_248459827_248459838_0", "from": null, "to": null, "type": null, "priority": null, "numLanes": null, "speed": null, "length": null, "function": "internal"}}, {"type": "Feature", "geometry": {"type": "Point", "coordinates": [77.60131812532302, 12.973065320133117]}, "properties": {"kind": "junction", "edge_id": ":cluster_1536595785_248459811_248459827_248459838_4", "from": null, "to": null, "type": null, "priority": null, "numLanes": null, "speed": null, "length": null, "function": "internal"}}, {"type": "Feature", "geometry": {"type": "Point", "coordinates": [77.5825175244958, 12.975070514368236]}, "properties": {"kind": "junction", "edge_id": ":cluster_2190851847_254665556_0", "from": null, "to": null, "type": null, "priority": null, "numLanes": null, "speed": null, "length": null, "function": "internal"}}, {"type": "Feature", "geometry": {"type": "Point", "coordinates": [77.59479085316227, 12.981807560905649]}, "properties": {"kind": "junction", "edge_id": ":cluster_2382044454_263155937_0", "from": null, "to": null, "type": null, "priority": null, "numLanes": null, "speed": null, "length": null, "function": "internal"}}, {"type": "Feature", "geometry": {"type": "Point", "coordinates": [77.59463273049789, 12.981874819175601]}, "properties": {"kind": "junction", "edge_id": ":cluster_2382044454_263155937_1", "from": null, "to": null, "type": null, "priority": null, "numLanes": null, "speed": null, "length": null, "function": "internal"}}, {"type": "Feature", "geometry": {"type": "Point", "coordinates": [77.59473796938225, 12.981771590158687]}, "properties": {"kind": "junction", "edge_id": ":cluster_2382044454_263155937_4", "from": null, "to": null, "type": null, "priority": null, "numLanes": null, "speed": null, "length": null, "function": "internal"}}, {"type": "Feature", "geometry": {"type": "Point", "coordinates": [77.59475126570638, 12.98188989758413]}, "properties": {"kind": "junction", "edge_id": ":cluster_2382044454_263155937_7", "from": null, "to": null, "type": null, "priority": null, "numLanes": null, "speed": null, "length": null, "function": "internal"}}, {"type": "Feature", "geometry": {"type": "Point", "coordinates": [77.60713982331117, 12.971979736013262]}, "properties": {"kind": "junction", "edge_id": ":cluster_248455485_248459797_0", "from": null, "to": null, "type": null, "priority": null, "numLanes": null, "speed": null, "length": null, "function": "internal"}}, {"type": "Feature", "geometry": {"type": "Point", "coordinates": [77.60708348627317, 12.971930521959248]}, "properties": {"kind": "junction", "edge_id": ":cluster_248455485_248459797_2", "from": null, "to": null, "type": null, "priority": null, "numLanes": null, "speed": null, "length": null, "function": "internal"}}, {"type": "Feature", "geometry": {"type": "Point", "coordinates": [77.60734454332626, 12.972097658737281]}, "properties": {"kind": "junction", "edge_id": ":cluster_248455485_248459797_5", "from": null, "to": null, "type": null, "priority": null, "numLanes": null, "speed": null, "length": null, "function": "internal"}}, {"type": "Feature", "geometry": {"type": "Point", "coordinates": [77.60704797083106, 12.971890404466574]}, "properties": {"kind": "junction", "edge_id": ":cluster_248455485_248459797_8", "from": null, "to": null, "type": null, "priority": null, "numLanes": null, "speed": null, "length": null, "function": "internal"}}, {"type": "Feature", "geometry": {"type": "Point", "coordinates": [77.59132463628183, 12.953878336244383]}, "properties": {"kind": "junction", "edge_id": ":cluster_248525409_428457171_0", "from": null, "to": null, "type": null, "priority": null, "numLanes": null, "speed": null, "length": null, "function": "internal"}}, {"type": "Feature", "geometry": {"type": "Point", "coordinates": [77.61249529097756, 12.961775223924322]}, "properties": {"kind": "junction", "edge_id": ":cluster_253890170_4044110245_0", "from": null, "to": null, "type": null, "priority": null, "numLanes": null, "speed": null, "length": null, "function": "internal"}}, {"type": "Feature", "geometry": {"type": "Point", "coordinates": [77.61247648289472, 12.961720665254497]}, "properties": {"kind": "junction", "edge_id": ":cluster_253890170_4044110245_1", "from": null, "to": null, "type": null, "priority": null, "numLanes": null, "speed": null, "length": null, "function": "internal"}}, {"type": "Feature", "geometry": {"type": "Point", "coordinates": [77.6124912046465, 12.961719072006458]}, "properties": {"kind": "junction", "edge_id": ":cluster_253890170_4044110245_2", "from": null, "to": null, "type": null, "priority": null, "numLanes": null, "speed": null, "length": null, "function": "internal"}}, {"type": "Feature", "geometry": {"type": "Point", "coordinates": [77.60994766292434, 12.965087805024716]}, "properties": {"kind": "junction", "edge_id": ":cluster_3268824710_4044110261_0", "from": null, "to": null, "type": null, "priority": null, "numLanes": null, "speed": null, "length": null, "function": "internal"}}, {"type": "Feature", "geometry": {"type": "Point", "coordinates": [77.60997421925819, 12.965028545014443]}, "properties": {"kind": "junction", "edge_id": ":cluster_3268824710_4044110261_1", "from": null, "to": null, "type": null, "priority": null, "numLanes": null, "speed": null, "length": null, "function": "internal"}}, {"type": "Feature", "geometry": {"type": "Point", "coordinates": [77.5784595771706, 12.983879707364643]}, "properties": {"kind": "junction", "edge_id": ":cluster_3676198941_3676198945_0", "from": null, "to": null, "type": null, "priority": null, "numLanes": null, "speed": null, "length": null, "function": "internal"}}, {"type": "Feature", "geometry": {"type": "Point", "coordinates": [77.60591153414487, 12.978223704292525]}, "properties": {"kind": "junction", "edge_id": ":cluster_3740962448_3740962455_0", "from": null, "to": null, "type": null, "priority": null, "numLanes": null, "speed": null, "length": null, "function": "internal"}}, {"type": "Feature", "geometry": {"type": "Point", "coordinates": [77.57706165464947, 12.983226289814361]}, "properties": {"kind": "junction", "edge_id": ":cluster_6133990649_6574657775_0", "from": null, "to": null, "type": null, "priority": null, "numLanes": null, "speed": null, "length": null, "function": "internal"}}, {"type": "Feature", "geometry": {"type": "Point", "coordinates": [77.60205497468748, 12.977941978362276]}, "properties": {"kind": "junction", "edge_id": ":cluster_6182615269_6182615270_0", "from": null, "to": null, "type": null, "priority": null, "numLanes": null, "speed": null, "length": null, "function": "internal"}}, {"type": "Feature", "geometry": {"type": "Point", "coordinates": [77.59514851847214, 12.962383499745535]}, "properties": {"kind": "junction", "edge_id": ":cluster_cluster_1067789502_6894860921_cluster_1067789545_13343865545_13343865547_0", "from": null, "to": null, "type": null, "priority": null, "numLanes": null, "speed": null, "length": null, "function": "internal"}}, {"type": "Feature", "geometry": {"type": "Point", "coordinates": [77.59506619737321, 12.96243979147321]}, "properties": {"kind": "junction", "edge_id": ":cluster_cluster_1067789502_6894860921_cluster_1067789545_13343865545_13343865547_1", "from": null, "to": null, "type": null, "priority": null, "numLanes": null, "speed": null, "length": null, "function": "internal"}}, {"type": "Feature", "geometry": {"type": "Point", "coordinates": [77.59499979921358, 12.96247704263104]}, "properties": {"kind": "junction", "edge_id": ":cluster_cluster_1067789502_6894860921_cluster_1067789545_13343865545_13343865547_10", "from": null, "to": null, "type": null, "priority": null, "numLanes": null, "speed": null, "length": null, "function": "internal"}}, {"type": "Feature", "geometry": {"type": "Point", "coordinates": [77.59527138791086, 12.96238218419943]}, "properties": {"kind": "junction", "edge_id": ":cluster_cluster_1067789502_6894860921_cluster_1067789545_13343865545_13343865547_11", "from": null, "to": null, "type": null, "priority": null, "numLanes": null, "speed": null, "length": null, "function": "internal"}}, {"type": "Feature", "geometry": {"type": "Point", "coordinates": [77.59507745711109, 12.962584048059055]}, "properties": {"kind": "junction", "edge_id": ":cluster_cluster_1067789502_6894860921_cluster_1067789545_13343865545_13343865547_12", "from": null, "to": null, "type": null, "priority": null, "numLanes": null, "speed": null, "length": null, "function": "internal"}}, {"type": "Feature", "geometry": {"type": "Point", "coordinates": [77.59521819136891, 12.962413341092109]}, "properties": {"kind": "junction", "edge_id": ":cluster_cluster_1067789502_6894860921_cluster_1067789545_13343865545_13343865547_13", "from": null, "to": null, "type": null, "priority": null, "numLanes": null, "speed": null, "length": null, "function": "internal"}}, {"type": "Feature", "geometry": {"type": "Point", "coordinates": [77.59497720427822, 12.962394513299923]}, "properties": {"kind": "junction", "edge_id": ":cluster_cluster_1067789502_6894860921_cluster_1067789545_13343865545_13343865547_14", "from": null, "to": null, "type": null, "priority": null, "numLanes": null, "speed": null, "length": null, "function": "internal"}}, {"type": "Feature", "geometry": {"type": "Point", "coordinates": [77.59526958108741, 12.962367837607594]}, "properties": {"kind": "junction", "edge_id": ":cluster_cluster_1067789502_6894860921_cluster_1067789545_13343865545_13343865547_2", "from": null, "to": null, "type": null, "priority": null, "numLanes": null, "speed": null, "length": null, "function": "internal"}}, {"type": "Feature", "geometry": {"type": "Point", "coordinates": [77.59513572178804, 12.962419764730281]}, "properties": {"kind": "junction", "edge_id": ":cluster_cluster_1067789502_6894860921_cluster_1067789545_13343865545_13343865547_3", "from": null, "to": null, "type": null, "priority": null, "numLanes": null, "speed": null, "length": null, "function": "internal"}}, {"type": "Feature", "geometry": {"type": "Point", "coordinates": [77.59506166642572, 12.962411468802955]}, "properties": {"kind": "junction", "edge_id": ":cluster_cluster_1067789502_6894860921_cluster_1067789545_13343865545_13343865547_4", "from": null, "to": null, "type": null, "priority": null, "numLanes": null, "speed": null, "length": null, "function": "internal"}}, {"type": "Feature", "geometry": {"type": "Point", "coordinates": [77.59504823445397, 12.962519743863881]}, "properties": {"kind": "junction", "edge_id": ":cluster_cluster_1067789502_6894860921_cluster_1067789545_13343865545_13343865547_6", "from": null, "to": null, "type": null, "priority": null, "numLanes": null, "speed": null, "length": null, "function": "internal"}}, {"type": "Feature", "geometry": {"type": "Point", "coordinates": [77.59498796588713, 12.96256181245145]}, "properties": {"kind": "junction", "edge_id": ":cluster_cluster_1067789502_6894860921_cluster_1067789545_13343865545_13343865547_7", "from": null, "to": null, "type": null, "priority": null, "numLanes": null, "speed": null, "length": null, "function": "internal"}}, {"type": "Feature", "geometry": {"type": "Point", "coordinates": [77.59500150421405, 12.962499340467946]}, "properties": {"kind": "junction", "edge_id": ":cluster_cluster_1067789502_6894860921_cluster_1067789545_13343865545_13343865547_9", "from": null, "to": null, "type": null, "priority": null, "numLanes": null, "speed": null, "length": null, "function": "internal"}}, {"type": "Feature", "geometry": {"type": "Point", "coordinates": [77.59764647676752, 12.98075996381814]}, "properties": {"kind": "junction", "edge_id": ":cluster_cluster_11434604018_1650305517_4960830631_4960830659_cluster_2016244606_663596568_0", "from": null, "to": null, "type": null, "priority": null, "numLanes": null, "speed": null, "length": null, "function": "internal"}}, {"type": "Feature", "geometry": {"type": "Point", "coordinates": [77.59767351818545, 12.980791313680577]}, "properties": {"kind": "junction", "edge_id": ":cluster_cluster_11434604018_1650305517_4960830631_4960830659_cluster_2016244606_663596568_1", "from": null, "to": null, "type": null, "priority": null, "numLanes": null, "speed": null, "length": null, "function": "internal"}}, {"type": "Feature", "geometry": {"type": "Point", "coordinates": [77.59749623826866, 12.980814496739058]}, "properties": {"kind": "junction", "edge_id": ":cluster_cluster_11434604018_1650305517_4960830631_4960830659_cluster_2016244606_663596568_3", "from": null, "to": null, "type": null, "priority": null, "numLanes": null, "speed": null, "length": null, "function": "internal"}}, {"type": "Feature", "geometry": {"type": "Point", "coordinates": [77.5973411209669, 12.98096692004313]}, "properties": {"kind": "junction", "edge_id": ":cluster_cluster_11434604018_1650305517_4960830631_4960830659_cluster_2016244606_663596568_6", "from": null, "to": null, "type": null, "priority": null, "numLanes": null, "speed": null, "length": null, "function": "internal"}}, {"type": "Feature", "geometry": {"type": "Point", "coordinates": [77.59710954692268, 12.984320335255346]}, "properties": {"kind": "junction", "edge_id": ":clustercluster12484332871_1523537403_cluster_12803586900_12803624101_12827961143_9642156101_cluster_10601663791_12433045764_0", "from": null, "to": null, "type": null, "priority": null, "numLanes": null, "speed": null, "length": null, "function": "internal"}}, {"type": "Feature", "geometry": {"type": "Point", "coordinates": [77.59720300496456, 12.984227070404467]}, "properties": {"kind": "junction", "edge_id": ":clustercluster12484332871_1523537403_cluster_12803586900_12803624101_12827961143_9642156101_cluster_10601663791_12433045764_1", "from": null, "to": null, "type": null, "priority": null, "numLanes": null, "speed": null, "length": null, "function": "internal"}}, {"type": "Feature", "geometry": {"type": "Point", "coordinates": [77.5971408391175, 12.984432680485442]}, "properties": {"kind": "junction", "edge_id": ":clustercluster12484332871_1523537403_cluster_12803586900_12803624101_12827961143_9642156101_cluster_10601663791_12433045764_2", "from": null, "to": null, "type": null, "priority": null, "numLanes": null, "speed": null, "length": null, "function": "internal"}}, {"type": "Feature", "geometry": {"type": "Point", "coordinates": [77.59715358181847, 12.984293695609386]}, "properties": {"kind": "junction", "edge_id": ":clustercluster12484332871_1523537403_cluster_12803586900_12803624101_12827961143_9642156101_cluster_10601663791_12433045764_4", "from": null, "to": null, "type": null, "priority": null, "numLanes": null, "speed": null, "length": null, "function": "internal"}}, {"type": "Feature", "geometry": {"type": "Point", "coordinates": [77.59716382791603, 12.984313378365128]}, "properties": {"kind": "junction", "edge_id": ":clustercluster12484332871_1523537403_cluster_12803586900_12803624101_12827961143_9642156101_cluster_10601663791_12433045764_5", "from": null, "to": null, "type": null, "priority": null, "numLanes": null, "speed": null, "length": null, "function": "internal"}}, {"type": "Feature", "geometry": {"type": "Point", "coordinates": [77.59717301339205, 12.984514661571454]}, "properties": {"kind": "junction", "edge_id": ":clustercluster12484332871_1523537403_cluster_12803586900_12803624101_12827961143_9642156101_cluster_10601663791_12433045764_7", "from": null, "to": null, "type": null, "priority": null, "numLanes": null, "speed": null, "length": null, "function": "internal"}}, {"type": "Feature", "geometry": {"type": "Point", "coordinates": [77.61407626247842, 12.9685402560297]}, "properties": {"kind": "junction", "edge_id": ":clustercluster_12460840938_12460840939_cluster_9870839712_9870882717_0", "from": null, "to": null, "type": null, "priority": null, "numLanes": null, "speed": null, "length": null, "function": "internal"}}, {"type": "Feature", "geometry": {"type": "Point", "coordinates": [77.61393808429231, 12.96847831460419]}, "properties": {"kind": "junction", "edge_id": ":clustercluster_12460840938_12460840939_cluster_9870839712_9870882717_2", "from": null, "to": null, "type": null, "priority": null, "numLanes": null, "speed": null, "length": null, "function": "internal"}}]}