{"type": "FeatureCollection", "features": [{"type": "Feature", "geometry": {"type": "LineString", "coordinates": [[77.58861706444875, 12.990528122813991], [77.58861722996004, 12.990526314289887]]}, "properties": {"kind": "edge", "edge_id": "-1316590794", "from": "12185484353", "to": "11668359723", "type": "highway.tertiary", "priority": "10", "numLanes": null, "speed": null, "length": null, "function": null, "in_flow_component": true}}, {"type": "Feature", "geometry": {"type": "LineString", "coordinates": [[77.60098246796453, 12.96057116064985], [77.60094772790181, 12.960587679201524], [77.60078816738876, 12.960683591743063], [77.6005366730202, 12.960832460366477], [77.60035622258594, 12.960948095524918], [77.60032456131519, 12.960968377662951], [77.60005321162305, 12.961130182661305], [77.59992294525969, 12.961199692986042], [77.59965792535763, 12.961341287904016], [77.59956256468249, 12.961383617521204], [77.59918811456228, 12.961534435852636], [77.59893346509135, 12.96163689833138], [77.5984889190443, 12.961761583774905], [77.59838505085817, 12.961783038324214], [77.59804074629079, 12.961856401112728], [77.59802291141135, 12.961859831499625], [77.59796526854554, 12.961870796363518], [77.5977921636383, 12.961922213018578], [77.5975739623021, 12.962004163975479], [77.59722419260704, 12.962110194262639], [77.5971748788252, 12.962116016623513], [77.59716172259216, 12.962117593401906], [77.59696424478565, 12.962137180890963], [77.59674127468116, 12.96216795412759], [77.59649968490491, 12.962197557789917], [77.59641900488145, 12.962207758386084], [77.59634375913505, 12.962217904746984], [77.59596727734693, 12.962270897349741], [77.59586298485134, 12.962287024935987], [77.59569559614583, 12.962312364399207], [77.59533387251145, 12.962367286841861], [77.59528143255608, 12.962373682094743]]}, "properties": {"kind": "edge", "edge_id": "-1379232589#1", "from": "459752716", "to": "cluster_cluster_1067789502_6894860921_cluster_1067789545_13343865545_13343865547", "type": "highway.tertiary", "priority": "10", "numLanes": null, "speed": null, "length": null, "function": null, "in_flow_component": false}}, {"type": "Feature", "geometry": {"type": "LineString", "coordinates": [[77.60436785383855, 12.981866706896703], [77.6034958947925, 12.982139334523824]]}, "properties": {"kind": "edge", "edge_id": "-138980161", "from": "287905127", "to": "cluster_1523537066_294079537", "type": "highway.tertiary", "priority": "10", "numLanes": null, "speed": null, "length": null, "function": null, "in_flow_component": false}}, {"type": "Feature", "geometry": {"type": "LineString", "coordinates": [[77.58631724597316, 12.990986129415479], [77.5863551924507, 12.990976265444372], [77.58662237064573, 12.99092373496643], [77.58663920202031, 12.990921037716188], [77.58666440395773, 12.99091708263214], [77.58668059144144, 12.990914482135754], [77.58692291497624, 12.99087276912826], [77.58709379292033, 12.990844325353644], [77.58737436611679, 12.990795364825408], [77.58746671571868, 12.990781254655285], [77.58782662810505, 12.990716235174265], [77.58796330799731, 12.990677109648344], [77.58807016230702, 12.990640268812385], [77.58838965984327, 12.990533641471163], [77.58842509179189, 12.990521182313069], [77.58852678547815, 12.990484212053142], [77.58860720578582, 12.990465793551286]]}, "properties": {"kind": "edge", "edge_id": "-143364227", "from": "cluster9573433549_cluster11565016463_11565045271_12099921826", "to": "11668359723", "type": "highway.tertiary", "priority": "10", "numLanes": null, "speed": null, "length": null, "function": null, "in_flow_component": false}}, {"type": "Feature", "geometry": {"type": "LineString", "coordinates": [[77.60703887738595, 12.971450978677552], [77.60710131110957, 12.971431109876931], [77.60714097423802, 12.971418425698817]]}, "properties": {"kind": "edge", "edge_id": "-1466165198", "from": "cluster1232963659_5372824878", "to": "1232963668", "type": "highway.tertiary", "priority": "10", "numLanes": null, "speed": null, "length": null, "function": null, "in_flow_component": true}}, {"type": "Feature", "geometry": {"type": "LineString", "coordinates": [[77.59272056415507, 12.984258823798855], [77.59276846877884, 12.984409761516302], [77.59277886948135, 12.984435495977712], [77.59290312891292, 12.984753529962683], [77.5931308963802, 12.985298467422325], [77.59328233066418, 12.985660588476254], [77.59330380244596, 12.985714489897747]]}, "properties": {"kind": "edge", "edge_id": "-172920274", "from": "254665655", "to": "263156256", "type": "highway.tertiary", "priority": "10", "numLanes": null, "speed": null, "length": null, "function": null, "in_flow_component": false}}, {"type": "Feature", "geometry": {"type": "LineString", "coordinates": [[77.59330380244596, 12.985714489897747], [77.59323142710087, 12.985744483540714], [77.59298999038506, 12.985853227395246], [77.5928057720238, 12.985936194243552], [77.59229612059974, 12.986165602588992], [77.59215224800661, 12.986230368828936], [77.59207256397613, 12.986266307445648], [77.59188293443604, 12.986351676661629], [77.59183800290955, 12.986371910126426], [77.59182709079211, 12.986376807190556], [77.59157483170044, 12.986490355766561], [77.59119227049044, 12.986662571903645], [77.59090975107688, 12.98678979258686], [77.59069866379963, 12.986884861141375], [77.59055479117691, 12.98694971698284], [77.59050738256695, 12.986970968733887]]}, "properties": {"kind": "edge", "edge_id": "-172920275", "from": "263156256", "to": "3751686654", "type": "highway.tertiary", "priority": "10", "numLanes": null, "speed": null, "length": null, "function": null, "in_flow_component": true}}, {"type": "Feature", "geometry": {"type": "LineString", "coordinates": [[77.60714097423802, 12.971418425698817], [77.6075636013299, 12.971275693731913], [77.6078661332657, 12.971162171534369], [77.6080846535666, 12.971075239093985], [77.60820800066784, 12.971031089498467], [77.60858276503642, 12.970918739424938], [77.60891505455972, 12.970805640458753], [77.60902856661322, 12.970772430272927], [77.60914538323809, 12.970738102783828], [77.60920212556893, 12.970720187822556], [77.60923876108066, 12.970708708186175], [77.60972181011545, 12.970556694122557]]}, "properties": {"kind": "edge", "edge_id": "-172955372", "from": "1232963668", "to": "11854316023", "type": "highway.tertiary", "priority": "10", "numLanes": null, "speed": null, "length": null, "function": null, "in_flow_component": true}}, {"type": "Feature", "geometry": {"type": "LineString", "coordinates": [[77.60360095412884, 12.984062041637978], [77.60354712772983, 12.984077216475383], [77.60330940099045, 12.984161087423269], [77.60321726926966, 12.984186854692243], [77.60311341936264, 12.984219695718403], [77.60301549474303, 12.984246514725513], [77.60196590091886, 12.984535915235229], [77.60176077565878, 12.984592355601684]]}, "properties": {"kind": "edge", "edge_id": "-238459129", "from": "cluster_1523537380_287905341", "to": "cluster1517317434_294079186", "type": "highway.tertiary", "priority": "10", "numLanes": null, "speed": null, "length": null, "function": null, "in_flow_component": false}}, {"type": "Feature", "geometry": {"type": "LineString", "coordinates": [[77.61179210373817, 12.955992327222893], [77.61170035065085, 12.955770643832064], [77.61153356733685, 12.95536740186474], [77.61136631096956, 12.954962899633102], [77.61134580482347, 12.954913236243188], [77.61131997149617, 12.954670654790673], [77.61137146299075, 12.95451167776839], [77.61156028993284, 12.95436117081103], [77.61233282576227, 12.954059990037146], [77.6124615844546, 12.953926166089477], [77.61248322197501, 12.953889992755485], [77.61252160826089, 12.95382582594364], [77.61253876081537, 12.9536334052834], [77.61220582101606, 12.952763134054852], [77.61197231145165, 12.952152864085791], [77.61189509499802, 12.952044233771973], [77.611620390027, 12.951935415535761], [77.61144020361405, 12.951651017318543], [77.61144467483066, 12.951629290297667], [77.6113542989827, 12.9515925236083], [77.61129031380555, 12.95159560435818], [77.61122062020819, 12.951598923006905], [77.61115689908767, 12.951600826624952], [77.61112679598745, 12.9516024835494], [77.61108555424094, 12.951604794189473], [77.61094507590916, 12.951612797435907], [77.61079069303162, 12.951621211011995], [77.61067749085375, 12.951630295842778], [77.61044441371357, 12.951644557167336], [77.61029548920865, 12.951655264654992], [77.61020415822075, 12.951659432281046], [77.61017171878736, 12.951666713748661], [77.61002202012459, 12.95170037585108], [77.60986947283827, 12.951734698816466], [77.60954611643227, 12.951792234645886], [77.60925620960556, 12.951842207593435], [77.60906459298671, 12.95187520500673], [77.60895223453225, 12.951894579724291], [77.60869354518353, 12.951943787666906], [77.60832447376728, 12.951910262830035], [77.60808661373892, 12.951872171252608], [77.60801342242286, 12.951804966449503], [77.60792268079877, 12.951688790923255], [77.60771845082905, 12.951527676832416], [77.60747410744531, 12.95151268691536], [77.6071066587822, 12.951590807590591], [77.60686739593167, 12.951630333280452], [77.60665806139838, 12.951669107530646], [77.60641377030252, 12.95171229686249], [77.60619355342862, 12.95174982452079], [77.60590865633377, 12.951803357426142], [77.60518864754822, 12.951938937439737]]}, "properties": {"kind": "edge", "edge_id": "-28126584", "from": "308924488", "to": "4294218134", "type": "highway.tertiary", "priority": "10", "numLanes": null, "speed": null, "length": null, "function": null, "in_flow_component": false}}, {"type": "Feature", "geometry": {"type": "LineString", "coordinates": [[77.6120997444739, 12.958463628869879], [77.61190602163649, 12.956926138075326], [77.61185219733419, 12.956499268095127], [77.61182787019568, 12.95624221693967], [77.6118264168419, 12.956226511938585], [77.61179210373817, 12.955992327222893]]}, "properties": {"kind": "edge", "edge_id": "-28449770#0", "from": "459781797", "to": "308924488", "type": "highway.tertiary", "priority": "10", "numLanes": null, "speed": null, "length": null, "function": null, "in_flow_component": false}}, {"type": "Feature", "geometry": {"type": "LineString", "coordinates": [[77.61248262633266, 12.961709130112233], [77.61231122887474, 12.960193369925296], [77.61219330007862, 12.95922879347597], [77.61215221038502, 12.95889259010061], [77.6120997444739, 12.958463628869879]]}, "properties": {"kind": "edge", "edge_id": "-28449770#1", "from": "cluster_253890170_4044110245", "to": "459781797", "type": "highway.tertiary", "priority": "10", "numLanes": null, "speed": null, "length": null, "function": null, "in_flow_component": false}}, {"type": "Feature", "geometry": {"type": "LineString", "coordinates": [[77.58069462840533, 12.971901987278963], [77.58106280305788, 12.971711411409], [77.581445087609, 12.97151346752818], [77.58173385885785, 12.971341296103658], [77.58199409875327, 12.971135980281494], [77.58203642797318, 12.971095808603266], [77.582269889941, 12.970884434315508], [77.58241412429395, 12.970721286155031], [77.58246512836145, 12.970673710421092], [77.5826217197059, 12.970529682822749], [77.58277246873251, 12.970381918714551], [77.5828187927422, 12.97033610594466], [77.5829901234803, 12.970165370644343], [77.58309031016495, 12.970063370948143], [77.5831787108221, 12.969979737797628], [77.58333318978451, 12.969782879544184], [77.58354435943937, 12.96956287216098], [77.58373201359173, 12.969340478254322], [77.5838743268042, 12.969214480122542], [77.5839210645515, 12.969173089980705], [77.58429056925989, 12.968790877545645], [77.58430150675198, 12.96877956621922], [77.58441949049127, 12.968661579176002], [77.58449772107546, 12.968583377073184], [77.58472165183566, 12.968359357504886], [77.58474895880475, 12.968318612038585], [77.58503279934527, 12.967972935973885], [77.58511531164194, 12.96790797178907], [77.58523296665022, 12.967776074790647], [77.58544501930251, 12.967659682294714], [77.58551900745321, 12.967634554112214], [77.58593967868788, 12.967479588943219], [77.58607193172863, 12.96742325486628], [77.58615163297426, 12.967389396712992], [77.58616025576595, 12.967385877927178], [77.58630996742397, 12.967325304721738], [77.58652247218514, 12.967234926074598], [77.58680302943715, 12.96711559300438], [77.58682457702257, 12.967105892647062], [77.58720205642999, 12.966952258602218], [77.58727548456704, 12.966917559096963], [77.58740033420563, 12.966849101637006]]}, "properties": {"kind": "edge", "edge_id": "-36897656#1", "from": "429001094", "to": "cluster12128943145_287793596_37898955#0-AddedOnRampNode", "type": "highway.tertiary", "priority": "10", "numLanes": null, "speed": null, "length": null, "function": null, "in_flow_component": false}}, {"type": "Feature", "geometry": {"type": "LineString", "coordinates": [[77.59741928767792, 12.991410985386404], [77.59734379418683, 12.991353830410228], [77.59680753403913, 12.99097378867142], [77.59655464559539, 12.99084080215578], [77.5963284984735, 12.990719021624914], [77.59615473277033, 12.990637823462476], [77.59610263144337, 12.990615306705468], [77.59581038608592, 12.990489307760482], [77.59541406079873, 12.990312310724232], [77.59503439384237, 12.990151408347014], [77.59486705869607, 12.990041777120947], [77.59473905698027, 12.989913955205175], [77.5946888007425, 12.989856185778844], [77.59457607841252, 12.989727036655912], [77.59448808428215, 12.989628176525127], [77.59434871766132, 12.98946162020873], [77.59406286988046, 12.989153061351297], [77.59369977178704, 12.988804257470234], [77.59364445108106, 12.988764426317047]]}, "properties": {"kind": "edge", "edge_id": "-46728021", "from": "316662161", "to": "319889847", "type": "highway.tertiary", "priority": "10", "numLanes": null, "speed": null, "length": null, "function": null, "in_flow_component": false}}, {"type": "Feature", "geometry": {"type": "LineString", "coordinates": [[77.60191679968561, 12.959933667549441], [77.60188767539937, 12.959949859038167], [77.60178085408631, 12.960006126352443], [77.60170289468014, 12.960056413548791], [77.60168825355738, 12.960065774876039], [77.60156501904694, 12.960155904126255]]}, "properties": {"kind": "edge", "edge_id": "-763175327#1", "from": "60952294", "to": "cluster_1067769810_1067769827_11885833150_11885833158_#2more", "type": "highway.tertiary", "priority": "10", "numLanes": null, "speed": null, "length": null, "function": null, "in_flow_component": false}}, {"type": "Feature", "geometry": {"type": "LineString", "coordinates": [[77.610287877703, 12.970415500328784], [77.61029194341761, 12.970407870763239], [77.61030246615688, 12.970401079823118]]}, "properties": {"kind": "edge", "edge_id": "1015024215", "from": "248459878", "to": "11854316021", "type": "highway.primary", "priority": "12", "numLanes": null, "speed": null, "length": null, "function": null, "in_flow_component": true}}, {"type": "Feature", "geometry": {"type": "LineString", "coordinates": [[77.6102884637695, 12.970401039657762], [77.61015968492725, 12.970410101419324], [77.6101466158757, 12.970411226332253], [77.60975797794711, 12.970526879592466], [77.60971229818414, 12.970545587091934]]}, "properties": {"kind": "edge", "edge_id": "1015024216#0", "from": "248459878", "to": "11854316023", "type": "highway.tertiary", "priority": "10", "numLanes": null, "speed": null, "length": null, "function": null, "in_flow_component": true}}, {"type": "Feature", "geometry": {"type": "LineString", "coordinates": [[77.61030051243272, 12.970443379688806], [77.6103005856909, 12.970441572104944]]}, "properties": {"kind": "edge", "edge_id": "1015024219", "from": "9363518171", "to": "248459878", "type": "highway.primary", "priority": "12", "numLanes": null, "speed": null, "length": null, "function": null, "in_flow_component": true}}, {"type": "Feature", "geometry": {"type": "LineString", "coordinates": [[77.5853534800753, 12.977314936598146], [77.58553834940317, 12.97718824272818], [77.58554758835206, 12.977181917111398], [77.58558829368118, 12.977153957376432], [77.58578862052087, 12.97701653939747], [77.58595819249618, 12.976898309092071], [77.58601471644988, 12.97685889897216], [77.58605434434168, 12.976833660217942], [77.58642738689312, 12.976597042732022], [77.58666683470125, 12.976421109920643], [77.58693443317065, 12.97622366603902], [77.58699565879543, 12.976175716650756], [77.58702016735556, 12.976158307451], [77.58704988893594, 12.97613723262368]]}, "properties": {"kind": "edge", "edge_id": "1054230460", "from": "1054230460-AddedOnRampNode", "to": "10121158807", "type": "highway.primary", "priority": "12", "numLanes": null, "speed": null, "length": null, "function": null, "in_flow_component": true}}, {"type": "Feature", "geometry": {"type": "LineString", "coordinates": [[77.58460798451665, 12.977845712090746], [77.58533106722855, 12.97734795435399], [77.58536198564549, 12.977326777425532]]}, "properties": {"kind": "edge", "edge_id": "1054230460-AddedOnRampEdge", "from": "597083726", "to": "1054230460-AddedOnRampNode", "type": "highway.primary", "priority": "12", "numLanes": null, "speed": null, "length": null, "function": null, "in_flow_component": true}}, {"type": "Feature", "geometry": {"type": "LineString", "coordinates": [[77.60682281486845, 12.966239017170247], [77.60684649740018, 12.966133711353729], [77.60685090536437, 12.966052810489373], [77.6068603590451, 12.9658549556407], [77.6068605574891, 12.965705978567524], [77.60686868247252, 12.965283274086866], [77.60680952182526, 12.96487434336612]]}, "properties": {"kind": "edge", "edge_id": "1056563196#0", "from": "cluster_10043357422_10120806056_12460929706_13507201648_#3more", "to": "4294218111", "type": "highway.primary", "priority": "12", "numLanes": null, "speed": null, "length": null, "function": null, "in_flow_component": true}}, {"type": "Feature", "geometry": {"type": "LineString", "coordinates": [[77.60143837838672, 12.965644426043951], [77.60145560826221, 12.965724568739017], [77.6015428183953, 12.965988040497272], [77.60156407062627, 12.966109520060995], [77.60156241273529, 12.966207016762052], [77.60153637778456, 12.96625461682409], [77.60150104643769, 12.966311795854248], [77.60135673299233, 12.966545510696026], [77.60113514839563, 12.966860493691971], [77.60103331493252, 12.967006964080484], [77.60081373426483, 12.967328702635161]]}, "properties": {"kind": "edge", "edge_id": "1066870622", "from": "cluster248455467_6421171406_cluster_248455257_248455459", "to": "1067781033", "type": "highway.tertiary", "priority": "10", "numLanes": null, "speed": null, "length": null, "function": null, "in_flow_component": false}}, {"type": "Feature", "geometry": {"type": "LineString", "coordinates": [[77.6008259770368, 12.967336711123677], [77.6007836875326, 12.967389171485372], [77.60050847137556, 12.967755643834177], [77.60045740483714, 12.9678322231612], [77.60042269070651, 12.967877922381316], [77.60039596945097, 12.967912700535255], [77.60033506591385, 12.968000038660655]]}, "properties": {"kind": "edge", "edge_id": "1066870623#0", "from": "1067781033", "to": "11496183647", "type": "highway.tertiary", "priority": "10", "numLanes": null, "speed": null, "length": null, "function": null, "in_flow_component": false}}, {"type": "Feature", "geometry": {"type": "LineString", "coordinates": [[77.60432628932782, 12.978708288508088], [77.60494288739432, 12.97850760254985], [77.6054380005683, 12.97834463134878], [77.60548472923054, 12.978329166122363], [77.60590487259653, 12.978203263280983]]}, "properties": {"kind": "edge", "edge_id": "107215079#0", "from": "107215079#0-AddedOnRampNode", "to": "cluster_3740962448_3740962455", "type": "highway.primary", "priority": "12", "numLanes": null, "speed": null, "length": null, "function": null, "in_flow_component": false}}, {"type": "Feature", "geometry": {"type": "LineString", "coordinates": [[77.60345900095976, 12.979012667976464], [77.60375826606152, 12.978911648635878], [77.60431919408427, 12.978725795746882], [77.60433094584897, 12.978721973959308]]}, "properties": {"kind": "edge", "edge_id": "107215079#0-AddedOnRampEdge", "from": "254665688", "to": "107215079#0-AddedOnRampNode", "type": "highway.primary", "priority": "12", "numLanes": null, "speed": null, "length": null, "function": null, "in_flow_component": false}}, {"type": "Feature", "geometry": {"type": "LineString", "coordinates": [[77.60238842956849, 12.979205157736217], [77.60231719200756, 12.979229089031444], [77.60220582259545, 12.979265076292169], [77.6018827638544, 12.979372565850387], [77.60095205199644, 12.979682270538328], [77.59874361476263, 12.980401175533316], [77.59864499705864, 12.98043215542408], [77.59849278713807, 12.980483094833657], [77.59844968081822, 12.980501504058159], [77.59831513295792, 12.980558861858936], [77.59804149425977, 12.980679675685813]]}, "properties": {"kind": "edge", "edge_id": "107215088#0", "from": "cluster_10075533192_10075533193_10684915913_10684915914_#1more", "to": "cluster_cluster_11434604018_1650305517_4960830631_4960830659_cluster_2016244606_663596568", "type": "highway.primary", "priority": "12", "numLanes": null, "speed": null, "length": null, "function": null, "in_flow_component": false}}, {"type": "Feature", "geometry": {"type": "LineString", "coordinates": [[77.59808334770331, 12.966085034333108], [77.59809370390614, 12.966097669321533], [77.5981532730464, 12.966147937744447], [77.59840390486181, 12.966376713581225]]}, "properties": {"kind": "edge", "edge_id": "1086212781", "from": "9910066830", "to": "60952268", "type": "highway.primary", "priority": "12", "numLanes": null, "speed": null, "length": null, "function": null, "in_flow_component": false}}, {"type": "Feature", "geometry": {"type": "LineString", "coordinates": [[77.60480710360216, 12.970901560044798], [77.60489867832327, 12.970946627418462], [77.6049263534722, 12.9709592692677], [77.60527410562437, 12.971118854931017], [77.60551569514516, 12.971230176429243], [77.60602737578994, 12.971438620278686], [77.60610837888254, 12.971476927028172]]}, "properties": {"kind": "edge", "edge_id": "1096797091#0", "from": "60952254", "to": "248459877", "type": "highway.primary", "priority": "12", "numLanes": null, "speed": null, "length": null, "function": null, "in_flow_component": true}}, {"type": "Feature", "geometry": {"type": "LineString", "coordinates": [[77.60526291133108, 12.952773685385022], [77.60525654999394, 12.95271114141828], [77.60523773311886, 12.952487189009663], [77.6051950501913, 12.951996602489666], [77.60518864754822, 12.951938937439737]]}, "properties": {"kind": "edge", "edge_id": "1096873562", "from": "cluster_10043357420_4294224252", "to": "4294218134", "type": "highway.primary", "priority": "12", "numLanes": null, "speed": null, "length": null, "function": null, "in_flow_component": true}}, {"type": "Feature", "geometry": {"type": "LineString", "coordinates": [[77.61118395053627, 12.974425567186335], [77.61124526528286, 12.974413206968338], [77.61283109308845, 12.974033017398142], [77.6137724103047, 12.973807820404366], [77.6137903291883, 12.97380357489831], [77.61385979880536, 12.973787066746628]]}, "properties": {"kind": "edge", "edge_id": "1101271052#0", "from": "cluster_11854316017_11854316018_11854316019_4044263600", "to": "cluster_10075533183_11432437448_11432458994_11432458996", "type": "highway.primary", "priority": "12", "numLanes": null, "speed": null, "length": null, "function": null, "in_flow_component": true}}, {"type": "Feature", "geometry": {"type": "LineString", "coordinates": [[77.60053659173009, 12.976539147334528], [77.60003293965804, 12.976563246875855], [77.60000605340504, 12.976564509518905]]}, "properties": {"kind": "edge", "edge_id": "1101945532", "from": "334473846", "to": "10083741121", "type": "highway.secondary", "priority": "11", "numLanes": null, "speed": null, "length": null, "function": null, "in_flow_component": false}}, {"type": "Feature", "geometry": {"type": "LineString", "coordinates": [[77.60325898960535, 12.972852294136208], [77.60324271246165, 12.972854986671603], [77.60300687143075, 12.972880113744068], [77.60260970519973, 12.972911823999894], [77.60212487437953, 12.972937906138721], [77.60198390454761, 12.972944195130724], [77.60159961819953, 12.972965475913266], [77.60153484593553, 12.972973170624407]]}, "properties": {"kind": "edge", "edge_id": "1102326203", "from": "248459812", "to": "cluster_1536595785_248459811_248459827_248459838", "type": "highway.secondary", "priority": "11", "numLanes": null, "speed": null, "length": null, "function": null, "in_flow_component": false}}, {"type": "Feature", "geometry": {"type": "LineString", "coordinates": [[77.57846079689054, 12.983872919430652], [77.5783238050866, 12.983837056779395], [77.57801749420808, 12.98374830581312], [77.57760982190312, 12.983612586951182], [77.57738519833991, 12.983503239438612], [77.57723348159058, 12.983415212722138], [77.57713157068544, 12.983323891302703], [77.57706165464947, 12.983226289814361]]}, "properties": {"kind": "edge", "edge_id": "1104702860#0", "from": "cluster_3676198941_3676198945", "to": "cluster_6133990649_6574657775", "type": "highway.secondary", "priority": "11", "numLanes": null, "speed": null, "length": null, "function": null, "in_flow_component": false}}, {"type": "Feature", "geometry": {"type": "LineString", "coordinates": [[77.57706165464947, 12.983226289814361], [77.57695685213845, 12.98306001102335], [77.57684530461384, 12.982775628400356]]}, "properties": {"kind": "edge", "edge_id": "1104702860#1", "from": "cluster_6133990649_6574657775", "to": "cluster_12139190015_428853828", "type": "highway.secondary", "priority": "11", "numLanes": null, "speed": null, "length": null, "function": null, "in_flow_component": false}}, {"type": "Feature", "geometry": {"type": "LineString", "coordinates": [[77.59356067619284, 12.959454669435571], [77.5931952547212, 12.958431735521708], [77.59304758595604, 12.958039488912325], [77.5930223694655, 12.957970536856001], [77.59289423249139, 12.957649738020352], [77.59287734862382, 12.957602656450232], [77.59276792115453, 12.957309496992297], [77.59274144763098, 12.957234775403505], [77.59255769089087, 12.956746490913956], [77.59231756947699, 12.956107712697696]]}, "properties": {"kind": "edge", "edge_id": "1109914955", "from": "428457180", "to": "249791758", "type": "highway.primary", "priority": "12", "numLanes": null, "speed": null, "length": null, "function": null, "in_flow_component": false}}, {"type": "Feature", "geometry": {"type": "LineString", "coordinates": [[77.59349895794762, 12.959472359273324], [77.59350186044836, 12.959548038279166], [77.59365103471843, 12.959987609338015], [77.59372099567645, 12.960196509320843], [77.5937693794565, 12.960323230942228], [77.5942563564808, 12.961599720216475], [77.59446019579617, 12.962122855215721], [77.59446810710399, 12.962157377914771]]}, "properties": {"kind": "edge", "edge_id": "1109914957", "from": "428457182", "to": "cluster_1067789550_248455441_428457189_6894860920", "type": "highway.primary", "priority": "12", "numLanes": null, "speed": null, "length": null, "function": null, "in_flow_component": false}}, {"type": "Feature", "geometry": {"type": "LineString", "coordinates": [[77.59463751833732, 12.96218496036521], [77.59447059881182, 12.961740056413674], [77.59431771390022, 12.961342713727685], [77.59411446908348, 12.960814603604986], [77.59395812778924, 12.960439158067194], [77.59373081494225, 12.959810554106989], [77.59362887517145, 12.959529065461947], [77.59356067619284, 12.959454669435571]]}, "properties": {"kind": "edge", "edge_id": "1109914958", "from": "cluster_1067789550_248455441_428457189_6894860920", "to": "428457180", "type": "highway.primary", "priority": "12", "numLanes": null, "speed": null, "length": null, "function": null, "in_flow_component": false}}, {"type": "Feature", "geometry": {"type": "LineString", "coordinates": [[77.59672757733395, 12.96467475747943], [77.59673455729491, 12.964690497911466], [77.59679925006888, 12.96483512442106]]}, "properties": {"kind": "edge", "edge_id": "1109915137#0", "from": "248455447", "to": "12119649210", "type": "highway.primary", "priority": "12", "numLanes": null, "speed": null, "length": null, "function": null, "in_flow_component": true}}, {"type": "Feature", "geometry": {"type": "LineString", "coordinates": [[77.58875527295224, 12.976540086100476], [77.58874018474908, 12.976533099171], [77.58845238590915, 12.976398641962287], [77.58836065652102, 12.976356461162032], [77.58810416309082, 12.976238224764682]]}, "properties": {"kind": "edge", "edge_id": "1109946346", "from": "294081916", "to": "663311721", "type": "highway.primary", "priority": "12", "numLanes": null, "speed": null, "length": null, "function": null, "in_flow_component": false}}, {"type": "Feature", "geometry": {"type": "LineString", "coordinates": [[77.60662820043021, 12.977954977426743], [77.60664831104764, 12.978010697870836], [77.6070216672218, 12.979158099469872], [77.60708287184859, 12.97927637649152]]}, "properties": {"kind": "edge", "edge_id": "1110192328", "from": "cluster10001402819_cluster_11432437464_11432459015", "to": "287905080", "type": "highway.tertiary", "priority": "10", "numLanes": null, "speed": null, "length": null, "function": null, "in_flow_component": false}}, {"type": "Feature", "geometry": {"type": "LineString", "coordinates": [[77.60684880057832, 12.97788139477258], [77.60750928599285, 12.977658310103994], [77.60763745998045, 12.977617364114598], [77.60767960910982, 12.977604474066634], [77.60774150000454, 12.977585423379912], [77.6079251518194, 12.977528833568538], [77.60861043069004, 12.977307214226293], [77.60871630790335, 12.977274802998606]]}, "properties": {"kind": "edge", "edge_id": "1110192330", "from": "cluster10001402819_cluster_11432437464_11432459015", "to": "cluster_10075533187_10075533188_10075533189_10075533190", "type": "highway.primary", "priority": "12", "numLanes": null, "speed": null, "length": null, "function": null, "in_flow_component": false}}, {"type": "Feature", "geometry": {"type": "LineString", "coordinates": [[77.61819658320175, 12.972687251951998], [77.61797582185743, 12.972735729429521], [77.61760858952505, 12.972819197907642], [77.61759590779961, 12.97282212615299], [77.61748279490325, 12.972849373462456], [77.6170896582582, 12.972939877635982], [77.61692826641972, 12.972975108954024], [77.6167680936706, 12.973012405778967], [77.61633887788149, 12.97310598220216], [77.61619461520786, 12.973140769744438], [77.61586373222481, 12.97322079865091], [77.61549429012624, 12.973304557641077], [77.61516790905078, 12.973374693170763], [77.61512001738461, 12.97338448001601], [77.61501552992797, 12.973408567971905], [77.61438737979474, 12.973550487295274], [77.61416619072692, 12.973602308756634], [77.6141068268014, 12.973616185810842], [77.61405839840363, 12.973627513687983], [77.61397614923567, 12.973646408896263], [77.61395997478441, 12.973650094824775], [77.6139261577923, 12.97365802348894]]}, "properties": {"kind": "edge", "edge_id": "1112419802", "from": "1112419802-AddedOnRampNode", "to": "cluster_10075533183_11432437448_11432458994_11432458996", "type": "highway.primary", "priority": "12", "numLanes": null, "speed": null, "length": null, "function": null, "in_flow_component": true}}, {"type": "Feature", "geometry": {"type": "LineString", "coordinates": [[77.61909686209825, 12.97249416052066], [77.61903929569509, 12.972503684097115], [77.6189502716147, 12.972517680175438], [77.61846259273848, 12.972614107099723], [77.61839743039874, 12.972628404800588], [77.61819339610678, 12.972673190700364]]}, "properties": {"kind": "edge", "edge_id": "1112419802-AddedOnRampEdge", "from": "334473774", "to": "1112419802-AddedOnRampNode", "type": "highway.primary", "priority": "12", "numLanes": null, "speed": null, "length": null, "function": null, "in_flow_component": true}}, {"type": "Feature", "geometry": {"type": "LineString", "coordinates": [[77.58422820415561, 12.96526726248806], [77.58453275976888, 12.965366687895703], [77.58473619701476, 12.965433057646836], [77.58476364843251, 12.965442000057681], [77.58513771078508, 12.965564042989339], [77.58519210460052, 12.965577234877147], [77.58536322887434, 12.96561880945984]]}, "properties": {"kind": "edge", "edge_id": "111867007", "from": "249087934", "to": "111867007-AddedOffRampNode", "type": "highway.secondary", "priority": "11", "numLanes": null, "speed": null, "length": null, "function": null, "in_flow_component": true}}, {"type": "Feature", "geometry": {"type": "LineString", "coordinates": [[77.58535959706023, 12.96563284887727], [77.58579632021274, 12.96573900000051], [77.58625150298072, 12.965857524659706]]}, "properties": {"kind": "edge", "edge_id": "111867007-AddedOffRampEdge", "from": "111867007-AddedOffRampNode", "to": "12111889684", "type": "highway.secondary", "priority": "11", "numLanes": null, "speed": null, "length": null, "function": null, "in_flow_component": true}}, {"type": "Feature", "geometry": {"type": "LineString", "coordinates": [[77.60792540051216, 12.97495578471364], [77.60773258152443, 12.974327398361662], [77.60772283213677, 12.974293527321475], [77.60771128556559, 12.974255157173863], [77.60751853316872, 12.973597679457686], [77.60737249692826, 12.973188626910119]]}, "properties": {"kind": "edge", "edge_id": "1125542419", "from": "cluster_10123752378_10123752379_11464483504_11464483505_#1more", "to": "1125542419-AddedOffRampNode", "type": "highway.secondary", "priority": "11", "numLanes": null, "speed": null, "length": null, "function": null, "in_flow_component": false}}, {"type": "Feature", "geometry": {"type": "LineString", "coordinates": [[77.60740030920714, 12.973179042770044], [77.60735779631568, 12.973059765051968], [77.607304020156, 12.972911600261675], [77.60717378394554, 12.97252470367659], [77.60711069651865, 12.972322787936326]]}, "properties": {"kind": "edge", "edge_id": "1125542419-AddedOffRampEdge", "from": "1125542419-AddedOffRampNode", "to": "3355740080", "type": "highway.secondary", "priority": "11", "numLanes": null, "speed": null, "length": null, "function": null, "in_flow_component": false}}, {"type": "Feature", "geometry": {"type": "LineString", "coordinates": [[77.58158038215808, 12.972822658848784], [77.58144188012506, 12.972746969983955], [77.58117777475461, 12.972551104914448], [77.58100367988813, 12.972481008984625]]}, "properties": {"kind": "edge", "edge_id": "113287088#0", "from": "cluster1087824452_cluster_1087824504_1285102586", "to": "429230970", "type": "highway.tertiary", "priority": "10", "numLanes": null, "speed": null, "length": null, "function": null, "in_flow_component": true}}, {"type": "Feature", "geometry": {"type": "LineString", "coordinates": [[77.59586105705463, 12.983191864902135], [77.59581443037045, 12.98313749226529], [77.59577517754275, 12.983083497678601], [77.59558939241279, 12.98284675663244], [77.59547876236019, 12.982705841835395], [77.59544926028454, 12.982668192276842], [77.59530371070731, 12.982482454440875], [77.59514836463568, 12.982284798640473], [77.59500888640943, 12.982107040488525], [77.59488332614424, 12.98196546129838], [77.59485621713256, 12.981936460709596], [77.59478272992278, 12.981859228075752]]}, "properties": {"kind": "edge", "edge_id": "1148194090#0", "from": "cluster_10121033916_10121050217", "to": "cluster_2382044454_263155937", "type": "highway.primary", "priority": "12", "numLanes": null, "speed": null, "length": null, "function": null, "in_flow_component": false}}, {"type": "Feature", "geometry": {"type": "LineString", "coordinates": [[77.60251297437203, 12.979284406371193], [77.60258761161344, 12.979259627898925], [77.60345416025031, 12.978998984346905]]}, "properties": {"kind": "edge", "edge_id": "1148395508#0", "from": "cluster_10075533192_10075533193_10684915913_10684915914_#1more", "to": "254665688", "type": "highway.primary", "priority": "12", "numLanes": null, "speed": null, "length": null, "function": null, "in_flow_component": false}}, {"type": "Feature", "geometry": {"type": "LineString", "coordinates": [[77.58411713003589, 12.961521431555513], [77.5841957000877, 12.961511978436995], [77.58425918226408, 12.961504391640188], [77.58439948815139, 12.961487730367192], [77.58583025474009, 12.961328336936898], [77.5859311116654, 12.961318390867806], [77.58618229131598, 12.96128951478479], [77.5875971843233, 12.961154391568405], [77.58803182722995, 12.96110462724464], [77.58806133094258, 12.961098280842982], [77.5883141880845, 12.96104463186801]]}, "properties": {"kind": "edge", "edge_id": "1148515025#0", "from": "cluster_12128921387_12128921388", "to": "cluster_12466406368_12466406369", "type": "highway.secondary", "priority": "11", "numLanes": null, "speed": null, "length": null, "function": null, "in_flow_component": true}}, {"type": "Feature", "geometry": {"type": "LineString", "coordinates": [[77.59207095192247, 12.955766771508982], [77.592085061591, 12.95580394299642], [77.59216145041204, 12.956020097745801], [77.59216703229845, 12.956034316479267], [77.59219792880936, 12.956118118864877], [77.59222614824672, 12.956192461807916], [77.59263828395471, 12.957261912044041], [77.59293181703515, 12.958023567017307], [77.59296390498284, 12.958106724939935], [77.59304417569537, 12.958315070922286], [77.59309084551872, 12.958436479609622], [77.59311176300828, 12.958490567770388], [77.59349895794762, 12.959472359273324]]}, "properties": {"kind": "edge", "edge_id": "1149812502", "from": "cluster_10289145754_10289145755_577391304_6458152934", "to": "428457182", "type": "highway.primary", "priority": "12", "numLanes": null, "speed": null, "length": null, "function": null, "in_flow_component": false}}, {"type": "Feature", "geometry": {"type": "LineString", "coordinates": [[77.60668945674989, 12.96440196971316], [77.60672176919263, 12.964762655456184], [77.60674900399579, 12.965060332837375], [77.6067553526057, 12.965130375168096], [77.60678886179457, 12.96548210493721], [77.6067814701596, 12.965851409559916], [77.6067690734838, 12.966032038448546]]}, "properties": {"kind": "edge", "edge_id": "1151692614", "from": "2890442001", "to": "cluster_10043357422_10120806056_12460929706_13507201648_#3more", "type": "highway.primary", "priority": "12", "numLanes": null, "speed": null, "length": null, "function": null, "in_flow_component": true}}, {"type": "Feature", "geometry": {"type": "LineString", "coordinates": [[77.59057000647596, 12.954168710586142], [77.59061931254624, 12.954117717907527], [77.59090706306147, 12.954027492765631], [77.59115005401075, 12.953946927763814], [77.59120662677071, 12.953894959261376]]}, "properties": {"kind": "edge", "edge_id": "1151693391", "from": "12058807535", "to": "12718284170", "type": "highway.primary", "priority": "12", "numLanes": null, "speed": null, "length": null, "function": null, "in_flow_component": false}}, {"type": "Feature", "geometry": {"type": "LineString", "coordinates": [[77.59133537050992, 12.953856366243945], [77.59136392783529, 12.953927815020192], [77.5915509874299, 12.954433143323298], [77.59173160354105, 12.954921008789773], [77.59196365007251, 12.955482985952044], [77.59196882375657, 12.955502268005187], [77.59202390274024, 12.955644191748991]]}, "properties": {"kind": "edge", "edge_id": "1151693392", "from": "cluster_248525409_428457171", "to": "cluster_10289145754_10289145755_577391304_6458152934", "type": "highway.primary", "priority": "12", "numLanes": null, "speed": null, "length": null, "function": null, "in_flow_component": false}}, {"type": "Feature", "geometry": {"type": "LineString", "coordinates": [[77.58904033437602, 12.986469368570583], [77.58947281256035, 12.98608218196482], [77.58949698828486, 12.986059264750429], [77.58958119672198, 12.985979826462101]]}, "properties": {"kind": "edge", "edge_id": "115837334#0", "from": "cluster_1363295017_cluster_12099941385_665045371_cluster_12099941393_1307598719", "to": "10121158732", "type": "highway.primary", "priority": "12", "numLanes": null, "speed": null, "length": null, "function": null, "in_flow_component": true}}, {"type": "Feature", "geometry": {"type": "LineString", "coordinates": [[77.6100953807484, 12.981036008882757], [77.61013327186062, 12.981162288392886], [77.61022371584642, 12.981407382391929], [77.61026376559897, 12.981519817795315], [77.61027258866608, 12.981544302308713], [77.61028480892, 12.98157652214638], [77.61051275703822, 12.982206358148787], [77.61054818612573, 12.982335011151111], [77.61058960589988, 12.982640313597845], [77.61062740428406, 12.982898764716756], [77.6106499293907, 12.983053204526653]]}, "properties": {"kind": "edge", "edge_id": "1158621923#0", "from": "cluster_10123663917_12691279976_1837445457", "to": "1837823368", "type": "highway.tertiary", "priority": "10", "numLanes": null, "speed": null, "length": null, "function": null, "in_flow_component": false}}, {"type": "Feature", "geometry": {"type": "LineString", "coordinates": [[77.59364445108106, 12.988764426317047], [77.59354487674211, 12.988890004065583], [77.59340271688457, 12.989066599275361], [77.59334191629438, 12.989137854846524], [77.59319501362926, 12.989292453541646], [77.59312965816217, 12.989350925785232], [77.59296006028711, 12.989520205907988], [77.59295395315631, 12.989526500569578], [77.59293854949688, 12.989542464437715], [77.59293552745537, 12.989544211130129], [77.59282265316592, 12.989657725111035]]}, "properties": {"kind": "edge", "edge_id": "1158656974#1", "from": "319889847", "to": "12135211599", "type": "highway.primary", "priority": "12", "numLanes": null, "speed": null, "length": null, "function": null, "in_flow_component": true}}, {"type": "Feature", "geometry": {"type": "LineString", "coordinates": [[77.59507686215628, 12.986905309857981], [77.5949855323786, 12.987043995688072], [77.59492822431062, 12.987132110791537], [77.59474887279087, 12.98737322166404], [77.59464574920086, 12.987502900548304], [77.59454106346865, 12.987624102734832], [77.59451987153872, 12.987650423611], [77.59449384904751, 12.987681761613704], [77.59448785569087, 12.987690133058381], [77.59444813472994, 12.987741935120733], [77.5943053652471, 12.98791293540655], [77.59427680190996, 12.987948002848944], [77.5942197654528, 12.988017956140672], [77.59410623369627, 12.988165626830089], [77.59410259688228, 12.988170270659204], [77.59402913021086, 12.988263786932679], [77.59397338043405, 12.988333456315617], [77.59394491568862, 12.98836915515672], [77.59369897819835, 12.988692329908835], [77.59364445108106, 12.988764426317047]]}, "properties": {"kind": "edge", "edge_id": "1158656976", "from": "316662057", "to": "319889847", "type": "highway.primary", "priority": "12", "numLanes": null, "speed": null, "length": null, "function": null, "in_flow_component": true}}, {"type": "Feature", "geometry": {"type": "LineString", "coordinates": [[77.61382583288118, 12.973683785666893], [77.61376215580346, 12.97369924181926], [77.61369306974005, 12.973717191561699], [77.61358638731735, 12.97374283686963], [77.61312390879185, 12.973853636709647], [77.61300821550736, 12.9738809081666], [77.61297026293376, 12.97388978169517], [77.61266930867374, 12.973960291240815], [77.61260628560548, 12.973976643986273], [77.61233754553173, 12.97403571742761], [77.61212663006827, 12.974083459031926]]}, "properties": {"kind": "edge", "edge_id": "1166322819#0", "from": "cluster_10075533183_11432437448_11432458994_11432458996", "to": "334473824", "type": "highway.primary", "priority": "12", "numLanes": null, "speed": null, "length": null, "function": null, "in_flow_component": true}}, {"type": "Feature", "geometry": {"type": "LineString", "coordinates": [[77.61116347757337, 12.974317542626133], [77.61117585329377, 12.974214699095297], [77.61117818369314, 12.97412026793184], [77.61117943204368, 12.974045722952031], [77.61116888594134, 12.973953227932594], [77.61113601124484, 12.973874960181883], [77.61108561999656, 12.973804186036693]]}, "properties": {"kind": "edge", "edge_id": "1166571294", "from": "cluster_11854316017_11854316018_11854316019_4044263600", "to": "1232953300", "type": "highway.primary", "priority": "12", "numLanes": null, "speed": null, "length": null, "function": null, "in_flow_component": true}}, {"type": "Feature", "geometry": {"type": "LineString", "coordinates": [[77.58492942412938, 12.978845967380021], [77.58448501004189, 12.978033766174914], [77.5843701120993, 12.977826755662537], [77.58405782278044, 12.977256897661173], [77.58396845332689, 12.97711323535016]]}, "properties": {"kind": "edge", "edge_id": "1167355003", "from": "2190851926", "to": "597084147", "type": "highway.secondary", "priority": "11", "numLanes": null, "speed": null, "length": null, "function": null, "in_flow_component": false}}, {"type": "Feature", "geometry": {"type": "LineString", "coordinates": [[77.59050738256695, 12.986970968733887], [77.58973699233862, 12.986149836286351], [77.58966118388355, 12.986079762446], [77.58963135478788, 12.986046090528768], [77.58958119672198, 12.985979826462101]]}, "properties": {"kind": "edge", "edge_id": "1195630059#0", "from": "3751686654", "to": "10121158732", "type": "highway.tertiary", "priority": "10", "numLanes": null, "speed": null, "length": null, "function": null, "in_flow_component": true}}, {"type": "Feature", "geometry": {"type": "LineString", "coordinates": [[77.60186443439932, 12.97663743610453], [77.60198349882259, 12.976632811518975], [77.60222808941973, 12.976562877409293], [77.60363394455023, 12.976235222767524], [77.60428610531307, 12.976079625643374], [77.60544484829954, 12.975801415335972], [77.60744336122642, 12.975311599880905], [77.60778646091819, 12.975227483153498], [77.60783166720104, 12.975216279000763], [77.60796537242078, 12.97518467322935]]}, "properties": {"kind": "edge", "edge_id": "1196514128#0", "from": "cluster_10016346056_12429489160_7676373070", "to": "cluster_10123752378_10123752379_11464483504_11464483505_#1more", "type": "highway.secondary", "priority": "11", "numLanes": null, "speed": null, "length": null, "function": null, "in_flow_component": false}}, {"type": "Feature", "geometry": {"type": "LineString", "coordinates": [[77.59282265316592, 12.989657725111035], [77.59276956257693, 12.98955761242954], [77.59268358701222, 12.989431266982173], [77.59265441034361, 12.98939840214353], [77.59214106374438, 12.988846196272519], [77.59203793513028, 12.988726978118336], [77.59195768662485, 12.988628671996835], [77.5918688538038, 12.988519881294993], [77.5917691019127, 12.988397557613206], [77.59167868172834, 12.988286704750632], [77.5916321345726, 12.988231156125455], [77.59161983556504, 12.988217817634972], [77.59158396213977, 12.98817878572613], [77.59144752872312, 12.988019425566327], [77.59127900924176, 12.98782198933356], [77.59123382685165, 12.987773654476877], [77.5911252040185, 12.987657562277917], [77.59101331224961, 12.987537166124646], [77.59086052753193, 12.987364507400915], [77.59050738256695, 12.986970968733887]]}, "properties": {"kind": "edge", "edge_id": "1201585648", "from": "12135211599", "to": "3751686654", "type": "highway.tertiary", "priority": "10", "numLanes": null, "speed": null, "length": null, "function": null, "in_flow_component": true}}, {"type": "Feature", "geometry": {"type": "LineString", "coordinates": [[77.59755096219979, 12.985202370423924], [77.59725876217946, 12.984566022871261], [77.59725282093713, 12.984552801805087], [77.59724227124849, 12.984530502137712]]}, "properties": {"kind": "edge", "edge_id": "1210473310#0", "from": "429303180", "to": "clustercluster12484332871_1523537403_cluster_12803586900_12803624101_12827961143_9642156101_cluster_10601663791_12433045764", "type": "highway.primary", "priority": "12", "numLanes": null, "speed": null, "length": null, "function": null, "in_flow_component": false}}, {"type": "Feature", "geometry": {"type": "LineString", "coordinates": [[77.58666955894398, 12.96561919739504], [77.58666600176538, 12.965791970468025], [77.58678149041249, 12.965976479238117]]}, "properties": {"kind": "edge", "edge_id": "1214076611", "from": "cluster_12128921370_12128921371", "to": "249087938", "type": "highway.primary", "priority": "12", "numLanes": null, "speed": null, "length": null, "function": null, "in_flow_component": true}}, {"type": "Feature", "geometry": {"type": "LineString", "coordinates": [[77.60807817228333, 12.97515363845255], [77.60821371773982, 12.97512183342139], [77.60825406755428, 12.975113117164474], [77.60878111094574, 12.97499183011779], [77.61101018361258, 12.974466882002394], [77.6110364695472, 12.974461107177818], [77.61111153008248, 12.974441833287583]]}, "properties": {"kind": "edge", "edge_id": "1227562843", "from": "cluster_10123752378_10123752379_11464483504_11464483505_#1more", "to": "cluster_11854316017_11854316018_11854316019_4044263600", "type": "highway.secondary", "priority": "11", "numLanes": null, "speed": null, "length": null, "function": null, "in_flow_component": false}}, {"type": "Feature", "geometry": {"type": "LineString", "coordinates": [[77.59495398321617, 12.967289372836012], [77.59489880204838, 12.967200302509724], [77.59485138114299, 12.967148918330684], [77.5948040180176, 12.967111988516317], [77.59474412440467, 12.967074822285548], [77.5947049177329, 12.96706048731175], [77.59468206859054, 12.967051229120965], [77.59464336180471, 12.967040683576917]]}, "properties": {"kind": "edge", "edge_id": "1231870395#0", "from": "11425338077", "to": "cluster_11425338076_458263319", "type": "highway.primary_link", "priority": "7", "numLanes": null, "speed": null, "length": null, "function": null, "in_flow_component": true}}, {"type": "Feature", "geometry": {"type": "LineString", "coordinates": [[77.60735846453238, 12.972072223240655], [77.60744192119647, 12.972116106142416], [77.60746285280071, 12.972126918087131], [77.60773297654278, 12.9722977578769], [77.60783948178613, 12.972361104200544], [77.60813474812258, 12.972531329989295], [77.60821700479354, 12.972574953594837], [77.60830264505122, 12.972616194327598], [77.60839182034935, 12.972660742245743], [77.60849876078161, 12.972712791057079], [77.60871549998333, 12.972817130878319], [77.6088972233331, 12.972911613056576], [77.60904945689516, 12.972978475106379], [77.6091179525145, 12.97300985950473], [77.60935556547571, 12.973119409821539], [77.60948346131488, 12.973175674672325], [77.60959209754758, 12.973222466071268], [77.60978264767871, 12.973306469556809], [77.60989142674983, 12.973349284308586], [77.60997039759572, 12.97337812406837], [77.61008328744596, 12.973408791585037], [77.61015013067762, 12.973431880746519], [77.61015946863635, 12.973435129690891], [77.61026126886856, 12.973471238631031]]}, "properties": {"kind": "edge", "edge_id": "124316745#0", "from": "cluster_248455485_248459797", "to": "11283487985", "type": "highway.primary", "priority": "12", "numLanes": null, "speed": null, "length": null, "function": null, "in_flow_component": false}}, {"type": "Feature", "geometry": {"type": "LineString", "coordinates": [[77.60972181011545, 12.970556694122557], [77.60923876108066, 12.970708708186175], [77.60920212556893, 12.970720187822556], [77.60914538323809, 12.970738102783828], [77.60902856661322, 12.970772430272927], [77.60891505455972, 12.970805640458753], [77.60858276503642, 12.970918739424938], [77.60820800066784, 12.971031089498467], [77.6080846535666, 12.971075239093985], [77.6078661332657, 12.971162171534369], [77.6075636013299, 12.971275693731913], [77.60714097423802, 12.971418425698817]]}, "properties": {"kind": "edge", "edge_id": "1276784689", "from": "11854316023", "to": "1232963668", "type": "highway.tertiary", "priority": "10", "numLanes": null, "speed": null, "length": null, "function": null, "in_flow_component": true}}, {"type": "Feature", "geometry": {"type": "LineString", "coordinates": [[77.6097204862056, 12.970571071858664], [77.60976892476047, 12.970560738526327], [77.61013412737907, 12.97046799636493], [77.61015719103285, 12.97046243472005], [77.61017685043704, 12.970457268604669], [77.6102931771605, 12.970428998511887]]}, "properties": {"kind": "edge", "edge_id": "1276784690#0", "from": "11854316023", "to": "248459878", "type": "highway.tertiary", "priority": "10", "numLanes": null, "speed": null, "length": null, "function": null, "in_flow_component": true}}, {"type": "Feature", "geometry": {"type": "LineString", "coordinates": [[77.60098246796453, 12.96057116064985], [77.60103452078715, 12.960571905310427], [77.60119706241122, 12.96047036158454]]}, "properties": {"kind": "edge", "edge_id": "1280466960#0", "from": "459752716", "to": "cluster_1067769810_1067769827_11885833150_11885833158_#2more", "type": "highway.tertiary", "priority": "10", "numLanes": null, "speed": null, "length": null, "function": null, "in_flow_component": false}}, {"type": "Feature", "geometry": {"type": "LineString", "coordinates": [[77.59021865147312, 12.954254508804812], [77.59056051207975, 12.954141340518687]]}, "properties": {"kind": "edge", "edge_id": "1301947704", "from": "1276378401", "to": "12058807535", "type": "highway.primary", "priority": "12", "numLanes": null, "speed": null, "length": null, "function": null, "in_flow_component": false}}, {"type": "Feature", "geometry": {"type": "LineString", "coordinates": [[77.59055110979017, 12.954113969534212], [77.59059941336915, 12.95407292465109], [77.59112666002544, 12.95389376736443], [77.59120662677071, 12.953894959261376]]}, "properties": {"kind": "edge", "edge_id": "1301947705", "from": "12058807535", "to": "12718284170", "type": "highway.primary", "priority": "12", "numLanes": null, "speed": null, "length": null, "function": null, "in_flow_component": false}}, {"type": "Feature", "geometry": {"type": "LineString", "coordinates": [[77.60708250457533, 12.972331291725009], [77.60707248817492, 12.972280619573146], [77.60705256068233, 12.972180539006867], [77.60704426378818, 12.972100397915092], [77.60704192481342, 12.972070427605704], [77.60703795378986, 12.971963411385849], [77.60704439235954, 12.971927119447988]]}, "properties": {"kind": "edge", "edge_id": "1304119370#0", "from": "3355740080", "to": "cluster_248455485_248459797", "type": "highway.secondary", "priority": "11", "numLanes": null, "speed": null, "length": null, "function": null, "in_flow_component": false}}, {"type": "Feature", "geometry": {"type": "LineString", "coordinates": [[77.5994905613755, 12.965192030465555], [77.59929119256493, 12.965162763357114], [77.59848061854022, 12.965043926904494]]}, "properties": {"kind": "edge", "edge_id": "1306071444", "from": "248455450", "to": "428435147", "type": "highway.primary", "priority": "12", "numLanes": null, "speed": null, "length": null, "function": null, "in_flow_component": false}}, {"type": "Feature", "geometry": {"type": "LineString", "coordinates": [[77.60480710360216, 12.970901560044798], [77.60477315353955, 12.970985196092771], [77.60452851174571, 12.971580475440954], [77.60451826991397, 12.97160542227388], [77.60447568786364, 12.97170938154363], [77.60445572210024, 12.971764780933652], [77.60444175273342, 12.971803316514245]]}, "properties": {"kind": "edge", "edge_id": "1307397842#0", "from": "60952254", "to": "423784673", "type": "highway.secondary", "priority": "11", "numLanes": null, "speed": null, "length": null, "function": null, "in_flow_component": true}}, {"type": "Feature", "geometry": {"type": "LineString", "coordinates": [[77.59497276058661, 12.967332369714912], [77.59498243321072, 12.967296858607458]]}, "properties": {"kind": "edge", "edge_id": "1308725870#0", "from": "246167200", "to": "11425338077", "type": "highway.primary", "priority": "12", "numLanes": null, "speed": null, "length": null, "function": null, "in_flow_component": true}}, {"type": "Feature", "geometry": {"type": "LineString", "coordinates": [[77.59501097437818, 12.967304253122636], [77.59497935856648, 12.967142492325657], [77.59498457501336, 12.967112536615609], [77.59499726315049, 12.967039141528286], [77.59502116068894, 12.9669007680442], [77.59508450347131, 12.966888572289598]]}, "properties": {"kind": "edge", "edge_id": "1308725870#1", "from": "11425338077", "to": "1469034722", "type": "highway.primary", "priority": "12", "numLanes": null, "speed": null, "length": null, "function": null, "in_flow_component": true}}, {"type": "Feature", "geometry": {"type": "LineString", "coordinates": [[77.5953448710812, 12.966031055324828], [77.59542612770022, 12.965907558431269], [77.59568910485598, 12.965523866622371], [77.59581358114062, 12.965348713809618], [77.59591053219707, 12.965228583665589], [77.59599680380607, 12.965153460711075], [77.59606117603084, 12.96511622941581], [77.59618279880173, 12.965047890848563], [77.59631272937361, 12.96499898351175]]}, "properties": {"kind": "edge", "edge_id": "1308725870#2", "from": "1308725870#2-AddedOnRampNode", "to": "12111889674", "type": "highway.primary", "priority": "12", "numLanes": null, "speed": null, "length": null, "function": null, "in_flow_component": false}}, {"type": "Feature", "geometry": {"type": "LineString", "coordinates": [[77.59505605352479, 12.966881086520916], [77.59506697255819, 12.966841407184315], [77.5951094059901, 12.966687219405614], [77.59514074739617, 12.966573796810746], [77.59516729760738, 12.966478038975794], [77.59519702882733, 12.966395891271484], [77.59521309026935, 12.966345771147912], [77.59523096077854, 12.966301324616255], [77.59525251497588, 12.966247897341486], [77.59529203396984, 12.966168000936397], [77.59530442420498, 12.966145833551307], [77.59536962974703, 12.966046799149705]]}, "properties": {"kind": "edge", "edge_id": "1308725870#2-AddedOnRampEdge", "from": "1469034722", "to": "1308725870#2-AddedOnRampNode", "type": "highway.primary", "priority": "12", "numLanes": null, "speed": null, "length": null, "function": null, "in_flow_component": true}}, {"type": "Feature", "geometry": {"type": "LineString", "coordinates": [[77.59681259796785, 12.964905278334626], [77.59681326052817, 12.964906988246026]]}, "properties": {"kind": "edge", "edge_id": "1308734871", "from": "12119649210", "to": "428435131", "type": "highway.primary", "priority": "12", "numLanes": null, "speed": null, "length": null, "function": null, "in_flow_component": true}}, {"type": "Feature", "geometry": {"type": "LineString", "coordinates": [[77.58934508409307, 12.967636343915077], [77.58909301022254, 12.967597113778616], [77.58890897883718, 12.967554676671503], [77.58886762331018, 12.967546324845902], [77.58875707580587, 12.967510203200998]]}, "properties": {"kind": "edge", "edge_id": "1311251824#0", "from": "663313892", "to": "cluster245615180_249081348_cluster_12759084951_663313887", "type": "highway.primary", "priority": "12", "numLanes": null, "speed": null, "length": null, "function": null, "in_flow_component": true}}, {"type": "Feature", "geometry": {"type": "LineString", "coordinates": [[77.57684530461384, 12.982775628400356], [77.5767515639603, 12.982529555900028], [77.57672737044702, 12.982461495303763], [77.57669530348812, 12.982299915820139], [77.57667721375348, 12.982117960571772], [77.57668181942847, 12.981894492853367], [77.57670117077274, 12.981752008344653], [77.57673681361011, 12.981625985716965], [77.57685069050626, 12.98134108451026], [77.57691576959535, 12.981166164677708]]}, "properties": {"kind": "edge", "edge_id": "1311428933", "from": "cluster_12139190015_428853828", "to": "cluster_12139205846_428853832", "type": "highway.secondary", "priority": "11", "numLanes": null, "speed": null, "length": null, "function": null, "in_flow_component": false}}, {"type": "Feature", "geometry": {"type": "LineString", "coordinates": [[77.58715685064841, 12.975683906753794], [77.5871029507462, 12.97571868339778], [77.58706536911927, 12.975763596876153]]}, "properties": {"kind": "edge", "edge_id": "1311751491#0", "from": "12141911045", "to": "10978687879", "type": "highway.primary", "priority": "12", "numLanes": null, "speed": null, "length": null, "function": null, "in_flow_component": false}}, {"type": "Feature", "geometry": {"type": "LineString", "coordinates": [[77.58706536911927, 12.975763596876153], [77.58706301905836, 12.975767956766429], [77.58704060030689, 12.975827084057329], [77.58703977771573, 12.97584552239977]]}, "properties": {"kind": "edge", "edge_id": "1311751491#1", "from": "10978687879", "to": "1482644048", "type": "highway.primary", "priority": "12", "numLanes": null, "speed": null, "length": null, "function": null, "in_flow_component": false}}, {"type": "Feature", "geometry": {"type": "LineString", "coordinates": [[77.58704988893594, 12.97613723262368], [77.58709523515036, 12.976094861852744], [77.58714267709209, 12.97604135792331]]}, "properties": {"kind": "edge", "edge_id": "1311751492", "from": "10121158807", "to": "12141911057", "type": "highway.primary", "priority": "12", "numLanes": null, "speed": null, "length": null, "function": null, "in_flow_component": true}}, {"type": "Feature", "geometry": {"type": "LineString", "coordinates": [[77.58580597771144, 12.990099977330127], [77.58582935230682, 12.989937306279499], [77.58584135803459, 12.98986003306081], [77.58594535381798, 12.989351264999213], [77.58599381367367, 12.989235684435027], [77.58602132544476, 12.989170091904743], [77.58613051246809, 12.989029333225671], [77.5863806137427, 12.988786889837023], [77.58699463234602, 12.988252625563252], [77.58761393037605, 12.98774803081193], [77.58844703058426, 12.987037037686337], [77.58854872172925, 12.9869643819066], [77.58862342290081, 12.986909792737674], [77.58866464910373, 12.986878665093784], [77.58877848658287, 12.98677797200645]]}, "properties": {"kind": "edge", "edge_id": "1312448620#2", "from": "1312448620#2-AddedOnRampNode", "to": "cluster_1363295017_cluster_12099941385_665045371_cluster_12099941393_1307598719", "type": "highway.primary", "priority": "12", "numLanes": null, "speed": null, "length": null, "function": null, "in_flow_component": true}}, {"type": "Feature", "geometry": {"type": "LineString", "coordinates": [[77.58570243172093, 12.990999297684422], [77.58571607455407, 12.990928874299925], [77.58576637899448, 12.990582085283714], [77.58578081581203, 12.990481569474431], [77.58583324077631, 12.99011714229534], [77.58583513176625, 12.990104023603054]]}, "properties": {"kind": "edge", "edge_id": "1312448620#2-AddedOnRampEdge", "from": "cluster9573433549_cluster11565016463_11565045271_12099921826", "to": "1312448620#2-AddedOnRampNode", "type": "highway.primary", "priority": "12", "numLanes": null, "speed": null, "length": null, "function": null, "in_flow_component": false}}, {"type": "Feature", "geometry": {"type": "LineString", "coordinates": [[77.58739257243506, 12.97600273371886], [77.58743130713047, 12.975944618515946], [77.58743801884829, 12.975916635464918], [77.58744737429419, 12.975877062088054], [77.58743992708197, 12.975816154075106]]}, "properties": {"kind": "edge", "edge_id": "1312841562#0", "from": "10980051591", "to": "12141911042", "type": "highway.primary", "priority": "12", "numLanes": null, "speed": null, "length": null, "function": null, "in_flow_component": false}}, {"type": "Feature", "geometry": {"type": "LineString", "coordinates": [[77.58743992708197, 12.975816154075106], [77.58743901675545, 12.975808303215965], [77.58742087550992, 12.975773339971575], [77.58740696250399, 12.975746375255428], [77.58735525182036, 12.975698917221639], [77.5872901122963, 12.97567128776822], [77.58721913543563, 12.975667115449353], [77.58715685064841, 12.975683906753794]]}, "properties": {"kind": "edge", "edge_id": "1312841562#1", "from": "12141911042", "to": "12141911045", "type": "highway.primary", "priority": "12", "numLanes": null, "speed": null, "length": null, "function": null, "in_flow_component": false}}, {"type": "Feature", "geometry": {"type": "LineString", "coordinates": [[77.58005982251926, 12.980384122089228], [77.58017305709926, 12.98037658364029], [77.58056224400882, 12.980319507281168], [77.58084332245491, 12.980248958373048], [77.58107625314905, 12.980154855716792], [77.58133278914192, 12.980027181433861], [77.5817457319517, 12.979763882681741], [77.58177226872108, 12.979746544054052], [77.5818441908689, 12.979699392764976]]}, "properties": {"kind": "edge", "edge_id": "1314308310", "from": "1314308310-AddedOnRampNode", "to": "11731358824", "type": "highway.primary", "priority": "12", "numLanes": null, "speed": null, "length": null, "function": null, "in_flow_component": false}}, {"type": "Feature", "geometry": {"type": "LineString", "coordinates": [[77.5791439277933, 12.980482471993977], [77.57961942890411, 12.98044260937816], [77.58006187104556, 12.980413011942652]]}, "properties": {"kind": "edge", "edge_id": "1314308310-AddedOnRampEdge", "from": "2190851942", "to": "1314308310-AddedOnRampNode", "type": "highway.primary", "priority": "12", "numLanes": null, "speed": null, "length": null, "function": null, "in_flow_component": false}}, {"type": "Feature", "geometry": {"type": "LineString", "coordinates": [[77.58858781824148, 12.99052407778969], [77.58858765272997, 12.990525886313813]]}, "properties": {"kind": "edge", "edge_id": "1316590794", "from": "11668359723", "to": "12185484353", "type": "highway.tertiary", "priority": "10", "numLanes": null, "speed": null, "length": null, "function": null, "in_flow_component": true}}, {"type": "Feature", "geometry": {"type": "LineString", "coordinates": [[77.5923266047407, 12.983118643863452], [77.59234098563516, 12.98315508953839], [77.5925621253742, 12.983780770902895], [77.59263328295731, 12.983997517794602], [77.59272056415507, 12.984258823798855]]}, "properties": {"kind": "edge", "edge_id": "1321561533", "from": "11675668171", "to": "254665655", "type": "highway.primary", "priority": "12", "numLanes": null, "speed": null, "length": null, "function": null, "in_flow_component": false}}, {"type": "Feature", "geometry": {"type": "LineString", "coordinates": [[77.58703977771573, 12.97584552239977], [77.58703811798767, 12.975889897773984], [77.58704872000541, 12.975926291225823]]}, "properties": {"kind": "edge", "edge_id": "1321767442#0", "from": "1482644048", "to": "12141911062", "type": "highway.primary", "priority": "12", "numLanes": null, "speed": null, "length": null, "function": null, "in_flow_component": false}}, {"type": "Feature", "geometry": {"type": "LineString", "coordinates": [[77.58704872000541, 12.975926291225823], [77.58705569559564, 12.975950524331402], [77.58709179392724, 12.976002654964692], [77.58714267709209, 12.97604135792331]]}, "properties": {"kind": "edge", "edge_id": "1321767442#1", "from": "12141911062", "to": "12141911057", "type": "highway.primary", "priority": "12", "numLanes": null, "speed": null, "length": null, "function": null, "in_flow_component": true}}, {"type": "Feature", "geometry": {"type": "LineString", "coordinates": [[77.59466987681178, 12.962187438422179], [77.59458289830343, 12.962087662869662], [77.59454220183574, 12.962027267390654], [77.59448471736262, 12.96190244364574], [77.59415374363749, 12.96104007101687], [77.59380699248112, 12.960157166052872], [77.5935869522961, 12.959563633027889], [77.59356067619284, 12.959454669435571]]}, "properties": {"kind": "edge", "edge_id": "132191813", "from": "12167359660", "to": "428457180", "type": "highway.primary", "priority": "12", "numLanes": null, "speed": null, "length": null, "function": null, "in_flow_component": false}}, {"type": "Feature", "geometry": {"type": "LineString", "coordinates": [[77.59446810710399, 12.962157377914771], [77.59422171714809, 12.96213273089592], [77.59387458958534, 12.962111707592593], [77.59369826228202, 12.962118975811807], [77.59348814393034, 12.96212775510175], [77.59331467186311, 12.962134994612452], [77.59322821166971, 12.962138566404768], [77.59275094402105, 12.962208459106536], [77.59217372282768, 12.96233996710875], [77.5919588257382, 12.962385472327444], [77.59183611825584, 12.962411358174911], [77.591756910948, 12.962430396381885], [77.59110776299168, 12.962528016817691], [77.59074765736977, 12.962561505524459], [77.590675705814, 12.962560685915413], [77.59049097118692, 12.962556742746122], [77.59024457020018, 12.962531098278983], [77.58991158641406, 12.962461595012414]]}, "properties": {"kind": "edge", "edge_id": "132191814", "from": "cluster_1067789550_248455441_428457189_6894860920", "to": "cluster1650296797_2406092355_287793996_328804269", "type": "highway.primary", "priority": "12", "numLanes": null, "speed": null, "length": null, "function": null, "in_flow_component": false}}, {"type": "Feature", "geometry": {"type": "LineString", "coordinates": [[77.59220481404428, 12.96240687311948], [77.59286779526546, 12.962275323746898], [77.59337877912895, 12.962196692900822], [77.59354174583335, 12.962180162295448], [77.59372282399714, 12.962177996411086], [77.5939397786357, 12.962197787693391], [77.59418958973649, 12.96222366568238], [77.59441012119801, 12.9622508290732], [77.59461412482699, 12.962309777261748], [77.59481735726875, 12.962383187918503]]}, "properties": {"kind": "edge", "edge_id": "132191815", "from": "428435122", "to": "6991440387", "type": "highway.primary", "priority": "12", "numLanes": null, "speed": null, "length": null, "function": null, "in_flow_component": false}}, {"type": "Feature", "geometry": {"type": "LineString", "coordinates": [[77.610287877703, 12.970415500328784], [77.61028701548024, 12.970403493437628], [77.61034934678969, 12.970117837539739], [77.61043509014023, 12.969692277301034], [77.61048875238212, 12.969458655311312], [77.61050315432625, 12.969399878545918], [77.6106642207888, 12.968803809007976], [77.61105486655555, 12.967627334349444], [77.61106951031786, 12.96758291960365], [77.6110962190887, 12.967502969548462], [77.61110427755835, 12.967471901227826], [77.61113798608478, 12.96734770348799], [77.61115883011448, 12.967270703251081], [77.6111655691751, 12.967245610771123]]}, "properties": {"kind": "edge", "edge_id": "132191817#0", "from": "248459878", "to": "cluster_12462507949_13462280316_4903183637_6017833824", "type": "highway.secondary", "priority": "11", "numLanes": null, "speed": null, "length": null, "function": null, "in_flow_component": true}}, {"type": "Feature", "geometry": {"type": "LineString", "coordinates": [[77.59620222016457, 12.96361656755243], [77.59634530976942, 12.963841721199444], [77.59653249111052, 12.964179183296409], [77.59675405820776, 12.964643415113091], [77.5969593302792, 12.965090734319894], [77.59702298838658, 12.965206641877428], [77.59710485249843, 12.965301588731538], [77.59722306967161, 12.965411079339372], [77.59793306246738, 12.965965655647768]]}, "properties": {"kind": "edge", "edge_id": "132191818", "from": "1454651936", "to": "248455458", "type": "highway.primary", "priority": "12", "numLanes": null, "speed": null, "length": null, "function": null, "in_flow_component": false}}, {"type": "Feature", "geometry": {"type": "LineString", "coordinates": [[77.59480005244708, 12.966827265484294], [77.59480628489744, 12.96685087331314], [77.59483013253546, 12.966876473703026], [77.59484952463116, 12.966889922160306], [77.59488593211904, 12.966909705640786], [77.59493276347229, 12.966913123329], [77.59498563150865, 12.966894617684734], [77.59502760264263, 12.966873510414695]]}, "properties": {"kind": "edge", "edge_id": "133467629", "from": "1469034694", "to": "1469034722", "type": "highway.primary_link", "priority": "7", "numLanes": null, "speed": null, "length": null, "function": null, "in_flow_component": true}}, {"type": "Feature", "geometry": {"type": "LineString", "coordinates": [[77.61121702364512, 12.967286019448087], [77.61115186558615, 12.967486059078894], [77.61109400603272, 12.967670486565808], [77.6110052138578, 12.967936171296367], [77.61072629615435, 12.968811497535109], [77.6105465707886, 12.969420311937347], [77.61053570897602, 12.969465230785028], [77.61043522384828, 12.96992581113787], [77.61041034878653, 12.970049107161671], [77.61039978332128, 12.97010477378636], [77.61039665686555, 12.970122963990534], [77.61039593192397, 12.970177086381051], [77.61042590430142, 12.970224486389505], [77.61045703425162, 12.970259226835502], [77.61051605276612, 12.970274083077934]]}, "properties": {"kind": "edge", "edge_id": "133632532#1", "from": "cluster_12462507949_13462280316_4903183637_6017833824", "to": "1274338614", "type": "highway.secondary", "priority": "11", "numLanes": null, "speed": null, "length": null, "function": null, "in_flow_component": true}}, {"type": "Feature", "geometry": {"type": "LineString", "coordinates": [[77.61085559078023, 12.967068578899339], [77.61083786847995, 12.96706514304805], [77.61078802121324, 12.967055163543934], [77.61063026491342, 12.967023681232527], [77.6105233718956, 12.967002439220058], [77.61022372257467, 12.966941302532048], [77.61010797693001, 12.966919155383412], [77.61006090422008, 12.96691023200376], [77.60969517619249, 12.966837290289554], [77.60962511320197, 12.966823267221299], [77.60950771345082, 12.966801497746278], [77.60933309415363, 12.966769460978423], [77.60905630583636, 12.966718663639705], [77.60888768204751, 12.9666873795111], [77.60884587268318, 12.966679667913574], [77.60878201012282, 12.966668383047447], [77.60876337148792, 12.966665407944813]]}, "properties": {"kind": "edge", "edge_id": "133632534#0", "from": "1598530796", "to": "cluster_11919132703_12462507904", "type": "highway.primary", "priority": "12", "numLanes": null, "speed": null, "length": null, "function": null, "in_flow_component": true}}, {"type": "Feature", "geometry": {"type": "LineString", "coordinates": [[77.59709006208061, 12.984156286031755], [77.59700368287102, 12.98409743245647], [77.59651149988565, 12.983710803214784], [77.59631208308153, 12.983554243244548], [77.59601207338521, 12.983318463145887], [77.59596999745997, 12.983285366104452], [77.59586105705463, 12.983191864902135]]}, "properties": {"kind": "edge", "edge_id": "1343714137#0", "from": "clustercluster12484332871_1523537403_cluster_12803586900_12803624101_12827961143_9642156101_cluster_10601663791_12433045764", "to": "cluster_10121033916_10121050217", "type": "highway.primary", "priority": "12", "numLanes": null, "speed": null, "length": null, "function": null, "in_flow_component": false}}, {"type": "Feature", "geometry": {"type": "LineString", "coordinates": [[77.58714267709209, 12.97604135792331], [77.58720342387808, 12.976062887723842], [77.5872680217357, 12.976064864905695], [77.58733588806642, 12.97604440426162], [77.58738050427239, 12.976011617168657], [77.58739257243506, 12.97600273371886]]}, "properties": {"kind": "edge", "edge_id": "1347255639", "from": "12141911057", "to": "10980051591", "type": "highway.primary", "priority": "12", "numLanes": null, "speed": null, "length": null, "function": null, "in_flow_component": false}}, {"type": "Feature", "geometry": {"type": "LineString", "coordinates": [[77.58924131110325, 12.963348845640065], [77.58926828993671, 12.96332102234793], [77.58954436607137, 12.963036222008483]]}, "properties": {"kind": "edge", "edge_id": "1347255640", "from": "12128921373", "to": "cluster1650296797_2406092355_287793996_328804269", "type": "highway.primary", "priority": "12", "numLanes": null, "speed": null, "length": null, "function": null, "in_flow_component": false}}, {"type": "Feature", "geometry": {"type": "LineString", "coordinates": [[77.59696780305707, 12.964833080926635], [77.5969094899774, 12.964690739735325], [77.59687637834263, 12.964624577483665], [77.59686068898887, 12.964595101441628], [77.59682399618114, 12.964538912684032], [77.59680242467341, 12.964492962504309], [77.59665589961212, 12.964185360057552], [77.59636609001916, 12.963731475643419], [77.5961464599045, 12.963409424371303], [77.59603675204691, 12.963267595528112], [77.59594765262395, 12.963185458725569], [77.59583970566833, 12.963089054931249], [77.59544634620778, 12.962749311759026], [77.59522770644837, 12.96256701077281]]}, "properties": {"kind": "edge", "edge_id": "1352261231", "from": "1067781007", "to": "cluster_cluster_1067789502_6894860921_cluster_1067789545_13343865545_13343865547", "type": "highway.primary", "priority": "12", "numLanes": null, "speed": null, "length": null, "function": null, "in_flow_component": true}}, {"type": "Feature", "geometry": {"type": "LineString", "coordinates": [[77.59120662677071, 12.953894959261376], [77.59126246335337, 12.953878683860882], [77.59133537050992, 12.953856366243945]]}, "properties": {"kind": "edge", "edge_id": "1373654550", "from": "12718284170", "to": "cluster_248525409_428457171", "type": "highway.primary", "priority": "12", "numLanes": null, "speed": null, "length": null, "function": null, "in_flow_component": false}}, {"type": "Feature", "geometry": {"type": "LineString", "coordinates": [[77.60605967793367, 12.957988069290186], [77.6060475209208, 12.957908598995166], [77.6060443103717, 12.957883335154632], [77.60598020394012, 12.957370378119586], [77.60594767957022, 12.957112865346144], [77.60579912400016, 12.956362609757377], [77.60569772464997, 12.955841894802553], [77.60566887755728, 12.955716426281118], [77.6056654011351, 12.955701012448175], [77.60565958643457, 12.95566448179505], [77.60559149157801, 12.955237209258305], [77.60552938082556, 12.954880434524975], [77.60526828311774, 12.952820790620992], [77.60526291133108, 12.952773685385022]]}, "properties": {"kind": "edge", "edge_id": "1386556901", "from": "cluster_12864985109_4294218124", "to": "cluster_10043357420_4294224252", "type": "highway.primary", "priority": "12", "numLanes": null, "speed": null, "length": null, "function": null, "in_flow_component": false}}, {"type": "Feature", "geometry": {"type": "LineString", "coordinates": [[77.60131983360735, 12.972768977992807], [77.60130879833298, 12.972753097661368], [77.60130657368754, 12.972734057539135], [77.60128285215153, 12.972623263255494], [77.6012613562692, 12.972522745807025], [77.60120375812424, 12.972237024892658]]}, "properties": {"kind": "edge", "edge_id": "1387723070", "from": "cluster_1536595785_248459811_248459827_248459838", "to": "1492519184", "type": "highway.tertiary", "priority": "10", "numLanes": null, "speed": null, "length": null, "function": null, "in_flow_component": false}}, {"type": "Feature", "geometry": {"type": "LineString", "coordinates": [[77.6034958947925, 12.982139334523824], [77.60436785383855, 12.981866706896703]]}, "properties": {"kind": "edge", "edge_id": "138980161", "from": "cluster_1523537066_294079537", "to": "287905127", "type": "highway.tertiary", "priority": "10", "numLanes": null, "speed": null, "length": null, "function": null, "in_flow_component": false}}, {"type": "Feature", "geometry": {"type": "LineString", "coordinates": [[77.5995368901134, 12.99043505386026], [77.5993169797322, 12.989806027889362], [77.59930378167547, 12.989768306227925], [77.59917597481316, 12.989402611680344], [77.5988027179103, 12.988334696689709], [77.59852470285516, 12.9875394771794], [77.59842751508592, 12.987353890742844], [77.59827400057087, 12.987022873091544], [77.5981458266782, 12.986701268572759], [77.59799313406225, 12.986316307526224], [77.59792946953685, 12.986156223663077], [77.59773638240372, 12.985669488106124], [77.59755096219979, 12.985202370423924]]}, "properties": {"kind": "edge", "edge_id": "1408299028#1", "from": "cluster_11664358424_12061073864", "to": "429303180", "type": "highway.primary", "priority": "12", "numLanes": null, "speed": null, "length": null, "function": null, "in_flow_component": false}}, {"type": "Feature", "geometry": {"type": "LineString", "coordinates": [[77.59330380244596, 12.985714489897747], [77.59354109413013, 12.985623584830076], [77.59360202341212, 12.98560030043865], [77.5937552616156, 12.98554149303983], [77.59439189393726, 12.985297804982043], [77.59445113524245, 12.985466878329087], [77.59447825025771, 12.98554077949261], [77.59468666493567, 12.986066935960412], [77.59484501311296, 12.986446964876128], [77.59502025027149, 12.986865311168557], [77.59507686215628, 12.986905309857981]]}, "properties": {"kind": "edge", "edge_id": "1415917704", "from": "263156256", "to": "316662057", "type": "highway.tertiary", "priority": "10", "numLanes": null, "speed": null, "length": null, "function": null, "in_flow_component": true}}, {"type": "Feature", "geometry": {"type": "LineString", "coordinates": [[77.60709522596389, 12.979268483123692], [77.60714088349643, 12.979388813243759], [77.60738355462378, 12.980026908051784], [77.60747060193086, 12.980255775999261], [77.607693477954, 12.980841760431222]]}, "properties": {"kind": "edge", "edge_id": "142664922#0", "from": "287905080", "to": "287904822", "type": "highway.tertiary", "priority": "10", "numLanes": null, "speed": null, "length": null, "function": null, "in_flow_component": false}}, {"type": "Feature", "geometry": {"type": "LineString", "coordinates": [[77.60767971289306, 12.980846867374233], [77.6079421637505, 12.981526229863864], [77.6079505700866, 12.981546111210006]]}, "properties": {"kind": "edge", "edge_id": "142664922#1", "from": "287904822", "to": "cluster10080463679_10080463681_1567429298", "type": "highway.tertiary", "priority": "10", "numLanes": null, "speed": null, "length": null, "function": null, "in_flow_component": false}}, {"type": "Feature", "geometry": {"type": "LineString", "coordinates": [[77.58860720578582, 12.990465793551286], [77.58852678547815, 12.990484212053142], [77.58842509179189, 12.990521182313069], [77.58838965984327, 12.990533641471163], [77.58807016230702, 12.990640268812385], [77.58796330799731, 12.990677109648344], [77.58782662810505, 12.990716235174265], [77.58746671571868, 12.990781254655285], [77.58737436611679, 12.990795364825408], [77.58709379292033, 12.990844325353644], [77.58692291497624, 12.99087276912826], [77.58668059144144, 12.990914482135754], [77.58666440395773, 12.99091708263214], [77.58663920202031, 12.990921037716188], [77.58662237064573, 12.99092373496643], [77.5863551924507, 12.990976265444372], [77.58631724597316, 12.990986129415479]]}, "properties": {"kind": "edge", "edge_id": "143364227", "from": "11668359723", "to": "cluster9573433549_cluster11565016463_11565045271_12099921826", "type": "highway.tertiary", "priority": "10", "numLanes": null, "speed": null, "length": null, "function": null, "in_flow_component": false}}, {"type": "Feature", "geometry": {"type": "LineString", "coordinates": [[77.58500225207486, 12.963249507948664], [77.58497433466142, 12.96333814179166], [77.58496767009397, 12.963397473728353], [77.58497358463387, 12.963434998130705], [77.58497724621759, 12.963521963140455], [77.58496131700224, 12.963585091211867], [77.5849569690771, 12.963610069374951], [77.58492859148573, 12.963645224076432], [77.58486618991164, 12.963686137375742], [77.5848082761792, 12.963715622728708], [77.58473361439496, 12.963737866199027]]}, "properties": {"kind": "edge", "edge_id": "143368260#0", "from": "1568922443", "to": "429230952", "type": "highway.primary_link", "priority": "7", "numLanes": null, "speed": null, "length": null, "function": null, "in_flow_component": true}}, {"type": "Feature", "geometry": {"type": "LineString", "coordinates": [[77.59701926820304, 12.964945767482563], [77.5970521774092, 12.965027922488959], [77.59703458068961, 12.965143105165748]]}, "properties": {"kind": "edge", "edge_id": "1452617365", "from": "13321896550", "to": "1067769842", "type": "highway.primary", "priority": "12", "numLanes": null, "speed": null, "length": null, "function": null, "in_flow_component": false}}, {"type": "Feature", "geometry": {"type": "LineString", "coordinates": [[77.596918413686, 12.96496484269584], [77.59695036282136, 12.964963349378083]]}, "properties": {"kind": "edge", "edge_id": "1452617366", "from": "428435131", "to": "13321896550", "type": "highway.primary", "priority": "12", "numLanes": null, "speed": null, "length": null, "function": null, "in_flow_component": true}}, {"type": "Feature", "geometry": {"type": "LineString", "coordinates": [[77.59700739277527, 12.964884362197676], [77.59700663810631, 12.964882653206265]]}, "properties": {"kind": "edge", "edge_id": "1452617367", "from": "13321896550", "to": "1067781007", "type": "highway.primary", "priority": "12", "numLanes": null, "speed": null, "length": null, "function": null, "in_flow_component": true}}, {"type": "Feature", "geometry": {"type": "LineString", "coordinates": [[77.59689866644976, 12.964819496660787], [77.59687923176706, 12.964819690614775]]}, "properties": {"kind": "edge", "edge_id": "1452617368", "from": "1067781007", "to": "12119649210", "type": "highway.primary", "priority": "12", "numLanes": null, "speed": null, "length": null, "function": null, "in_flow_component": true}}, {"type": "Feature", "geometry": {"type": "LineString", "coordinates": [[77.60132491705565, 12.973266626748956], [77.60135490786575, 12.97337790035594], [77.60143595216924, 12.974031263253528], [77.6014433038893, 12.97409153882467], [77.6014606267923, 12.974233655732387], [77.60148138590858, 12.97441386299705], [77.60148320645818, 12.974429474120054], [77.60148730811218, 12.974460691758289], [77.60154244948318, 12.974846627364354], [77.60156098603422, 12.974972560703927], [77.60156962175172, 12.97504113496494], [77.60157900470212, 12.975110695521025], [77.60158993092585, 12.975213486848993], [77.60159772074185, 12.97528929700654], [77.60160746272355, 12.975384511369171], [77.60161994549765, 12.975477530074903], [77.6016355666182, 12.975588856998968], [77.60166806184421, 12.975799121310816]]}, "properties": {"kind": "edge", "edge_id": "1461533619", "from": "cluster_1536595785_248459811_248459827_248459838", "to": "248459808", "type": "highway.secondary", "priority": "11", "numLanes": null, "speed": null, "length": null, "function": null, "in_flow_component": false}}, {"type": "Feature", "geometry": {"type": "LineString", "coordinates": [[77.60714097423802, 12.971418425698817], [77.60710131110957, 12.971431109876931], [77.60703887738595, 12.971450978677552]]}, "properties": {"kind": "edge", "edge_id": "1466165198", "from": "1232963668", "to": "cluster1232963659_5372824878", "type": "highway.tertiary", "priority": "10", "numLanes": null, "speed": null, "length": null, "function": null, "in_flow_component": true}}, {"type": "Feature", "geometry": {"type": "LineString", "coordinates": [[77.5868122454458, 12.965494007649198], [77.58695664731421, 12.965365458068263], [77.58699507668047, 12.96533137770096], [77.5872218507414, 12.965142291692203], [77.587402118628, 12.964990166931512], [77.58748559395761, 12.964920494805448], [77.58776561963688, 12.964705492291392], [77.58809206527918, 12.964418565853718], [77.58813807298094, 12.96437799558019]]}, "properties": {"kind": "edge", "edge_id": "1469037766", "from": "cluster_12128921370_12128921371", "to": "3356616807", "type": "highway.primary", "priority": "12", "numLanes": null, "speed": null, "length": null, "function": null, "in_flow_component": true}}, {"type": "Feature", "geometry": {"type": "LineString", "coordinates": [[77.59775057176388, 12.965725448053972], [77.59779341694652, 12.965761970692986], [77.59789832910839, 12.965858674647265], [77.59806820822708, 12.966002069712516], [77.59808334770331, 12.966085034333108]]}, "properties": {"kind": "edge", "edge_id": "1474402823", "from": "1474402823-AddedOnRampNode", "to": "9910066830", "type": "highway.primary", "priority": "12", "numLanes": null, "speed": null, "length": null, "function": null, "in_flow_component": false}}, {"type": "Feature", "geometry": {"type": "LineString", "coordinates": [[77.59706069450549, 12.965129654408344], [77.59714476653667, 12.9652864643874], [77.59721292381451, 12.965338815617532], [77.59743001316583, 12.965513360159417], [77.59767847923332, 12.965702226828826], [77.59773126901044, 12.965747232810086]]}, "properties": {"kind": "edge", "edge_id": "1474402823-AddedOnRampEdge", "from": "1067769842", "to": "1474402823-AddedOnRampNode", "type": "highway.primary", "priority": "12", "numLanes": null, "speed": null, "length": null, "function": null, "in_flow_component": false}}, {"type": "Feature", "geometry": {"type": "LineString", "coordinates": [[77.58841726619846, 12.967333619238662], [77.58833981631429, 12.967246665872356], [77.58829417741619, 12.967198243874499], [77.58817170292276, 12.967086622758286], [77.58796749946976, 12.96687508108513], [77.58794148532898, 12.966844803605385]]}, "properties": {"kind": "edge", "edge_id": "148016866", "from": "cluster245615180_249081348_cluster_12759084951_663313887", "to": "286679311", "type": "highway.primary", "priority": "12", "numLanes": null, "speed": null, "length": null, "function": null, "in_flow_component": true}}, {"type": "Feature", "geometry": {"type": "LineString", "coordinates": [[77.58794148532898, 12.966844803605385], [77.58779998831801, 12.966799954926389], [77.58769677554419, 12.966787158863566], [77.58763165024526, 12.966796298908402], [77.58756454596782, 12.966827863913212], [77.58753534758729, 12.966854896102198], [77.5874300148062, 12.967037986669993]]}, "properties": {"kind": "edge", "edge_id": "148016873#0", "from": "286679311", "to": "cluster12128943145_287793596_37898955#0-AddedOnRampNode", "type": "highway.primary", "priority": "12", "numLanes": null, "speed": null, "length": null, "function": null, "in_flow_component": true}}, {"type": "Feature", "geometry": {"type": "LineString", "coordinates": [[77.5818441908689, 12.979699392764976], [77.58194539915803, 12.979633520347303]]}, "properties": {"kind": "edge", "edge_id": "150785556#0", "from": "11731358824", "to": "cluster_10129524861_11731358826", "type": "highway.primary", "priority": "12", "numLanes": null, "speed": null, "length": null, "function": null, "in_flow_component": false}}, {"type": "Feature", "geometry": {"type": "LineString", "coordinates": [[77.58194539915803, 12.979633520347303], [77.5820693942428, 12.9795440224027], [77.58276645930982, 12.979041469253401], [77.58320857700205, 12.978766856862642], [77.58345736990711, 12.97861224496194]]}, "properties": {"kind": "edge", "edge_id": "150785556#1", "from": "cluster_10129524861_11731358826", "to": "150785556#1-AddedOffRampNode", "type": "highway.primary", "priority": "12", "numLanes": null, "speed": null, "length": null, "function": null, "in_flow_component": false}}, {"type": "Feature", "geometry": {"type": "LineString", "coordinates": [[77.58347319192993, 12.97863675166974], [77.58350083473653, 12.978619492258815], [77.58424130611547, 12.978136922483477]]}, "properties": {"kind": "edge", "edge_id": "150785556#1-AddedOffRampEdge", "from": "150785556#1-AddedOffRampNode", "to": "597084152", "type": "highway.primary", "priority": "12", "numLanes": null, "speed": null, "length": null, "function": null, "in_flow_component": false}}, {"type": "Feature", "geometry": {"type": "LineString", "coordinates": [[77.58427422199543, 12.978130722912754], [77.58461548777287, 12.977876444817893]]}, "properties": {"kind": "edge", "edge_id": "150785556#2", "from": "597084152", "to": "597083726", "type": "highway.primary", "priority": "12", "numLanes": null, "speed": null, "length": null, "function": null, "in_flow_component": true}}, {"type": "Feature", "geometry": {"type": "LineString", "coordinates": [[77.59464158403844, 12.981902375864285], [77.59442606205502, 12.981969032595748]]}, "properties": {"kind": "edge", "edge_id": "152051153#0", "from": "cluster_2382044454_263155937", "to": "12147813608", "type": "highway.primary", "priority": "12", "numLanes": null, "speed": null, "length": null, "function": null, "in_flow_component": false}}, {"type": "Feature", "geometry": {"type": "LineString", "coordinates": [[77.59354791454265, 12.982241780864662], [77.59299571673247, 12.982418582131535], [77.59298038613164, 12.982423794325882]]}, "properties": {"kind": "edge", "edge_id": "152051153#1", "from": "152051153#1-AddedOnRampNode", "to": "152051153#1-AddedOffRampNode", "type": "highway.primary", "priority": "12", "numLanes": null, "speed": null, "length": null, "function": null, "in_flow_component": false}}, {"type": "Feature", "geometry": {"type": "LineString", "coordinates": [[77.59297079769385, 12.982396425571103], [77.59259936928011, 12.982522185237864], [77.59248508551589, 12.982579518970736], [77.59245924419254, 12.982592786217856], [77.5923737975517, 12.982685879315243], [77.59228103590516, 12.982873092981015], [77.59226410475092, 12.9829282810808]]}, "properties": {"kind": "edge", "edge_id": "152051153#1-AddedOffRampEdge", "from": "152051153#1-AddedOffRampNode", "to": "665045355", "type": "highway.primary", "priority": "12", "numLanes": null, "speed": null, "length": null, "function": null, "in_flow_component": false}}, {"type": "Feature", "geometry": {"type": "LineString", "coordinates": [[77.5944215892367, 12.981955254705627], [77.59439495962994, 12.981963561098372], [77.59436915529636, 12.981971497876906], [77.59423554477254, 12.982012853722185], [77.59419752770081, 12.982024616471188], [77.59399890191574, 12.98208604500016], [77.59393150018494, 12.982106954657565], [77.59374011750104, 12.982165058355099], [77.59354335058521, 12.982228094204794]]}, "properties": {"kind": "edge", "edge_id": "152051153#1-AddedOnRampEdge", "from": "12147813608", "to": "152051153#1-AddedOnRampNode", "type": "highway.primary", "priority": "12", "numLanes": null, "speed": null, "length": null, "function": null, "in_flow_component": false}}, {"type": "Feature", "geometry": {"type": "LineString", "coordinates": [[77.5922358287035, 12.982919980494827], [77.5922492454331, 12.98300558268044], [77.59220811432236, 12.983036890446993], [77.59214893530468, 12.983069010634596], [77.59195200536412, 12.983160866690783], [77.59174195687635, 12.983240295700366], [77.5915780218014, 12.983271382602297]]}, "properties": {"kind": "edge", "edge_id": "152051153#2", "from": "665045355", "to": "1837595282", "type": "highway.primary", "priority": "12", "numLanes": null, "speed": null, "length": null, "function": null, "in_flow_component": false}}, {"type": "Feature", "geometry": {"type": "LineString", "coordinates": [[77.59073633962136, 12.983641239806872], [77.59068487386935, 12.983662080209607], [77.58997275723561, 12.984000378509686], [77.58936577523981, 12.984305284518621]]}, "properties": {"kind": "edge", "edge_id": "152051153#3", "from": "152051153#3-AddedOnRampNode", "to": "152051153#3-AddedOffRampNode", "type": "highway.primary", "priority": "12", "numLanes": null, "speed": null, "length": null, "function": null, "in_flow_component": false}}, {"type": "Feature", "geometry": {"type": "LineString", "coordinates": [[77.58935233506838, 12.984279580143534], [77.5892206365713, 12.984345668892582], [77.5890222112417, 12.984444584797892], [77.58884538738862, 12.98453000483524], [77.58878925838437, 12.984545380411792], [77.5886227116407, 12.984573510334462], [77.58854939809132, 12.984575234460339], [77.58850979315451, 12.984576080712218]]}, "properties": {"kind": "edge", "edge_id": "152051153#3-AddedOffRampEdge", "from": "152051153#3-AddedOffRampNode", "to": "cluster1726148405_665045241_cluster_12143506753_1436067879_1436067882_1436067886_#5more", "type": "highway.primary", "priority": "12", "numLanes": null, "speed": null, "length": null, "function": null, "in_flow_component": false}}, {"type": "Feature", "geometry": {"type": "LineString", "coordinates": [[77.59158332073217, 12.983284881295038], [77.59152862926362, 12.983305573321664], [77.5907307662499, 12.983627924513577]]}, "properties": {"kind": "edge", "edge_id": "152051153#3-AddedOnRampEdge", "from": "1837595282", "to": "152051153#3-AddedOnRampNode", "type": "highway.primary", "priority": "12", "numLanes": null, "speed": null, "length": null, "function": null, "in_flow_component": false}}, {"type": "Feature", "geometry": {"type": "LineString", "coordinates": [[77.5882630574279, 12.96099057258706], [77.58820702026787, 12.96094306684238], [77.5878272216332, 12.960470369175491], [77.58768566299537, 12.960312229062412], [77.58752597853135, 12.960084794507512], [77.58750860028223, 12.960061116445786], [77.58728809740379, 12.959760204153104], [77.58713495944025, 12.959551134331145], [77.5869991622716, 12.959353185041874], [77.58690919167974, 12.959221996194902], [77.58689542622861, 12.959200269736254]]}, "properties": {"kind": "edge", "edge_id": "152582846", "from": "cluster_12466406368_12466406369", "to": "4579649700", "type": "highway.secondary", "priority": "11", "numLanes": null, "speed": null, "length": null, "function": null, "in_flow_component": false}}, {"type": "Feature", "geometry": {"type": "LineString", "coordinates": [[77.58838232552225, 12.967865279159623], [77.58851136534705, 12.967810059996921], [77.58862598955261, 12.967857343802574], [77.58876205240291, 12.967893301927967], [77.58893170462598, 12.967952686144308], [77.58907030997574, 12.968020690846414], [77.58912498905507, 12.968052489762835], [77.58951221040412, 12.968306205920575]]}, "properties": {"kind": "edge", "edge_id": "154340361#1", "from": "cluster245615180_249081348_cluster_12759084951_663313887", "to": "428420786", "type": "highway.primary", "priority": "12", "numLanes": null, "speed": null, "length": null, "function": null, "in_flow_component": true}}, {"type": "Feature", "geometry": {"type": "LineString", "coordinates": [[77.58951221040412, 12.968306205920575], [77.58961341113152, 12.968427162671718], [77.58962771657646, 12.968438674617989], [77.59170410072495, 12.970184305746795], [77.59182638227082, 12.970285898399952], [77.59189133140518, 12.970339728432998], [77.59212146621802, 12.970528421550966], [77.59215242524063, 12.970555758171148], [77.59354334873068, 12.971800920238481]]}, "properties": {"kind": "edge", "edge_id": "154340361#3", "from": "428420786", "to": "cluster429303166_cluster248459848_4058224805_cluster_248459849_4058224799_cluster_4058224827_cluster_10595455538_246397920_4058224836_4058224852", "type": "highway.primary", "priority": "12", "numLanes": null, "speed": null, "length": null, "function": null, "in_flow_component": false}}, {"type": "Feature", "geometry": {"type": "LineString", "coordinates": [[77.58486259837946, 12.978878071594604], [77.58494851047755, 12.979016889180002], [77.58506440157302, 12.979204013677165], [77.58515190507173, 12.979345254614886], [77.58522442106256, 12.979462522710497], [77.58538725197657, 12.979725611162912], [77.58572096942281, 12.980264536273117], [77.58659559876222, 12.98161867205658], [77.5866233114747, 12.981661580641031], [77.58663501461403, 12.981679713636556]]}, "properties": {"kind": "edge", "edge_id": "160558221#0", "from": "597084032", "to": "cluster_10036422031_cluster_12704069722_12704069723", "type": "highway.secondary", "priority": "11", "numLanes": null, "speed": null, "length": null, "function": null, "in_flow_component": false}}, {"type": "Feature", "geometry": {"type": "LineString", "coordinates": [[77.58663501461403, 12.981679713636556], [77.58667312642741, 12.981730468980512], [77.58671571671636, 12.98180448846891], [77.58675520555248, 12.981872576116961], [77.5869255558746, 12.982167569889619], [77.58712498331029, 12.982663921532836], [77.58715287017914, 12.982723632246357], [77.58720309090307, 12.982822781570002], [77.58734169190272, 12.983067498365532], [77.58755938136163, 12.98347675677712]]}, "properties": {"kind": "edge", "edge_id": "160558221#4", "from": "cluster_10036422031_cluster_12704069722_12704069723", "to": "3632570060", "type": "highway.secondary", "priority": "11", "numLanes": null, "speed": null, "length": null, "function": null, "in_flow_component": false}}, {"type": "Feature", "geometry": {"type": "LineString", "coordinates": [[77.58822922422333, 12.984882701637202], [77.58824345552642, 12.984913638143547], [77.58833827175255, 12.985146774401331], [77.58835506184315, 12.985193495567406], [77.58842914510605, 12.985399464122134], [77.58852860217891, 12.985635896726162], [77.58855154779627, 12.98568987438589], [77.58858155050245, 12.985767000079303], [77.5886212054694, 12.985868783789115], [77.58863652784756, 12.9859072079144], [77.58864498258534, 12.985931877867126], [77.58875848422835, 12.986270078112547], [77.58878977967983, 12.986365259622593]]}, "properties": {"kind": "edge", "edge_id": "161416660#0", "from": "cluster1726148405_665045241_cluster_12143506753_1436067879_1436067882_1436067886_#5more", "to": "cluster_1363295017_cluster_12099941385_665045371_cluster_12099941393_1307598719", "type": "highway.primary", "priority": "12", "numLanes": null, "speed": null, "length": null, "function": null, "in_flow_component": false}}, {"type": "Feature", "geometry": {"type": "LineString", "coordinates": [[77.6017987072155, 12.976518028070977], [77.60167418569385, 12.97652053893843], [77.60103691332242, 12.976540285848003], [77.60082874780183, 12.976560707916748], [77.60053799769423, 12.976568043042821]]}, "properties": {"kind": "edge", "edge_id": "161416663#0", "from": "cluster_10016346056_12429489160_7676373070", "to": "334473846", "type": "highway.secondary", "priority": "11", "numLanes": null, "speed": null, "length": null, "function": null, "in_flow_component": false}}, {"type": "Feature", "geometry": {"type": "LineString", "coordinates": [[77.58418214638866, 12.963643512627318], [77.58398445463318, 12.96383908320758]]}, "properties": {"kind": "edge", "edge_id": "161984942", "from": "1739362364", "to": "320644590", "type": "highway.primary", "priority": "12", "numLanes": null, "speed": null, "length": null, "function": null, "in_flow_component": true}}, {"type": "Feature", "geometry": {"type": "LineString", "coordinates": [[77.60191679968561, 12.959933667549441], [77.60197965163397, 12.959901057863489], [77.6022844450504, 12.959811010694594], [77.60246686950767, 12.959752541879238], [77.60284462494678, 12.959645502927792], [77.6029986815662, 12.959596261384041], [77.60329828240195, 12.959494159123002], [77.60342128812131, 12.959444143770936], [77.60348448644895, 12.95941830603299], [77.60354104756429, 12.959391992606454], [77.60399832835147, 12.959164000711542], [77.60420527927519, 12.959010515793445], [77.60454791477997, 12.958706517186771], [77.60460276057447, 12.958612734614896], [77.60499052416415, 12.958440907397419], [77.60532746236531, 12.95831548249202], [77.60546958238834, 12.95825235603186], [77.60587925510073, 12.958070461059405], [77.60591886558133, 12.958052899444354], [77.60598222391586, 12.958024801034272]]}, "properties": {"kind": "edge", "edge_id": "164042287#0", "from": "60952294", "to": "cluster_12864985109_4294218124", "type": "highway.tertiary", "priority": "10", "numLanes": null, "speed": null, "length": null, "function": null, "in_flow_component": false}}, {"type": "Feature", "geometry": {"type": "LineString", "coordinates": [[77.60658341047213, 12.96618666798578], [77.60624839320458, 12.96614358784031], [77.6058777913648, 12.96608017514503], [77.60581898074616, 12.9660674837593], [77.60524002177524, 12.965978602176872], [77.60494082217133, 12.965925133563376], [77.60487078202569, 12.965913277114721], [77.60468453056448, 12.965878733507177], [77.60444171395362, 12.965843671842485], [77.60424779978877, 12.96581634168678], [77.60422400695877, 12.965813779195395], [77.60415898105515, 12.965805757099442], [77.60407763147637, 12.965795910813783], [77.60398262463646, 12.965783761923166], [77.60387885538391, 12.96577052622753]]}, "properties": {"kind": "edge", "edge_id": "171887405#1", "from": "cluster_10043357422_10120806056_12460929706_13507201648_#3more", "to": "248455472", "type": "highway.primary", "priority": "12", "numLanes": null, "speed": null, "length": null, "function": null, "in_flow_component": true}}, {"type": "Feature", "geometry": {"type": "LineString", "coordinates": [[77.60387885538391, 12.96577052622753], [77.60372909450452, 12.965746006145393], [77.60303190410727, 12.96566155479155], [77.60269329320464, 12.965618325080671], [77.60262300499457, 12.965609180760257], [77.6022731815109, 12.96555955793295], [77.60216755231704, 12.965544623603975], [77.60199900446231, 12.965520561377454], [77.60169180135038, 12.965476925871801], [77.60148730816944, 12.965450964125337]]}, "properties": {"kind": "edge", "edge_id": "171887405#3", "from": "248455472", "to": "cluster248455467_6421171406_cluster_248455257_248455459", "type": "highway.primary", "priority": "12", "numLanes": null, "speed": null, "length": null, "function": null, "in_flow_component": false}}, {"type": "Feature", "geometry": {"type": "LineString", "coordinates": [[77.61105211703871, 12.980837764530769], [77.61116608018463, 12.980962014793189], [77.6114013667566, 12.981218391274487], [77.61142373327635, 12.981243010680252], [77.61154171898424, 12.981373092539654], [77.61171762932727, 12.981562940895605], [77.61188386772311, 12.981744032739622], [77.6119517965999, 12.981817882435585], [77.61207107338807, 12.981948041317766]]}, "properties": {"kind": "edge", "edge_id": "172903814", "from": "cluster1837445453_1837445458", "to": "1837445472", "type": "highway.secondary", "priority": "11", "numLanes": null, "speed": null, "length": null, "function": null, "in_flow_component": false}}, {"type": "Feature", "geometry": {"type": "LineString", "coordinates": [[77.59330380244596, 12.985714489897747], [77.59328233066418, 12.985660588476254], [77.5931308963802, 12.985298467422325], [77.59290312891292, 12.984753529962683], [77.59277886948135, 12.984435495977712], [77.59276846877884, 12.984409761516302], [77.59272056415507, 12.984258823798855]]}, "properties": {"kind": "edge", "edge_id": "172920274", "from": "263156256", "to": "254665655", "type": "highway.tertiary", "priority": "10", "numLanes": null, "speed": null, "length": null, "function": null, "in_flow_component": false}}, {"type": "Feature", "geometry": {"type": "LineString", "coordinates": [[77.59050738256695, 12.986970968733887], [77.59055479117691, 12.98694971698284], [77.59069866379963, 12.986884861141375], [77.59090975107688, 12.98678979258686], [77.59119227049044, 12.986662571903645], [77.59157483170044, 12.986490355766561], [77.59182709079211, 12.986376807190556], [77.59183800290955, 12.986371910126426], [77.59188293443604, 12.986351676661629], [77.59207256397613, 12.986266307445648], [77.59215224800661, 12.986230368828936], [77.59229612059974, 12.986165602588992], [77.5928057720238, 12.985936194243552], [77.59298999038506, 12.985853227395246], [77.59323142710087, 12.985744483540714], [77.59330380244596, 12.985714489897747]]}, "properties": {"kind": "edge", "edge_id": "172920275", "from": "3751686654", "to": "263156256", "type": "highway.tertiary", "priority": "10", "numLanes": null, "speed": null, "length": null, "function": null, "in_flow_component": true}}, {"type": "Feature", "geometry": {"type": "LineString", "coordinates": [[77.59272056415507, 12.984258823798855], [77.59306628145293, 12.984140908942637], [77.59311429725537, 12.98412498106003], [77.59360427176497, 12.983961809402592], [77.59379798514935, 12.98389735825602], [77.59406486722627, 12.98380841626722], [77.5941339058682, 12.983785412257937], [77.59514827830867, 12.983447608744923], [77.595191150376, 12.983433177385036], [77.59536806207842, 12.983374313598388], [77.59546739780068, 12.98334133995565], [77.59549530677045, 12.983332026879053], [77.59561428644413, 12.983292261926282], [77.59565550789114, 12.983278569732033], [77.59574648831946, 12.983248299406005]]}, "properties": {"kind": "edge", "edge_id": "172920277#0", "from": "254665655", "to": "cluster_10121033916_10121050217", "type": "highway.primary", "priority": "12", "numLanes": null, "speed": null, "length": null, "function": null, "in_flow_component": false}}, {"type": "Feature", "geometry": {"type": "LineString", "coordinates": [[77.59173229428056, 12.983507809024278], [77.59172922636238, 12.983425175258185], [77.59172388213712, 12.983389542848258], [77.59171656104017, 12.98335871836256], [77.59170646557862, 12.98334463510541], [77.5916980525388, 12.983332884001609], [77.59167127620186, 12.983309300338869], [77.59163891428351, 12.983297878415048], [77.59161810573157, 12.98329898936915], [77.59158861966364, 12.983298379987547]]}, "properties": {"kind": "edge", "edge_id": "172920298", "from": "10016225540", "to": "1837595282", "type": "highway.primary_link", "priority": "7", "numLanes": null, "speed": null, "length": null, "function": null, "in_flow_component": false}}, {"type": "Feature", "geometry": {"type": "LineString", "coordinates": [[77.61385979880536, 12.973787066746628], [77.61388482513063, 12.973863515704569], [77.613971791802, 12.974128518549168], [77.61401536686321, 12.974260973853307], [77.61432212557247, 12.975195189774606], [77.61433249230575, 12.975226343925927], [77.61434876817805, 12.975276410513196]]}, "properties": {"kind": "edge", "edge_id": "172947338#1", "from": "cluster_10075533183_11432437448_11432458994_11432458996", "to": "cluster_10076140416_11432437452_12632082427_7697940571", "type": "highway.primary", "priority": "12", "numLanes": null, "speed": null, "length": null, "function": null, "in_flow_component": false}}, {"type": "Feature", "geometry": {"type": "LineString", "coordinates": [[77.59631272937361, 12.96499898351175], [77.59652727408348, 12.965034877314768], [77.59657179245166, 12.96505512171049], [77.59664139288682, 12.965086770096258], [77.59672607529669, 12.965124863016044], [77.59675456415239, 12.965144996308808]]}, "properties": {"kind": "edge", "edge_id": "180375724#0", "from": "12111889674", "to": "248455457", "type": "highway.primary", "priority": "12", "numLanes": null, "speed": null, "length": null, "function": null, "in_flow_component": false}}, {"type": "Feature", "geometry": {"type": "LineString", "coordinates": [[77.59675456415239, 12.965144996308808], [77.59698661381744, 12.96535869135955]]}, "properties": {"kind": "edge", "edge_id": "180375724#1", "from": "248455457", "to": "428435126", "type": "highway.primary", "priority": "12", "numLanes": null, "speed": null, "length": null, "function": null, "in_flow_component": false}}, {"type": "Feature", "geometry": {"type": "LineString", "coordinates": [[77.58492942412938, 12.978845967380021], [77.5849373743655, 12.978741721657679], [77.5847583352739, 12.978398839385056], [77.58460927851922, 12.978113479007957], [77.58458420535912, 12.977996100321716], [77.58457933030105, 12.977907701955784], [77.58464182161207, 12.977892987003402]]}, "properties": {"kind": "edge", "edge_id": "208827400", "from": "2190851926", "to": "597083726", "type": "highway.primary_link", "priority": "7", "numLanes": null, "speed": null, "length": null, "function": null, "in_flow_component": false}}, {"type": "Feature", "geometry": {"type": "LineString", "coordinates": [[77.59460175994394, 12.967088528780213], [77.5941532928659, 12.967467113209272], [77.59409009961144, 12.967520413572752], [77.59389930737521, 12.96765222985482], [77.5937012356266, 12.967757196235077], [77.59363567779094, 12.967777906077117], [77.59353553347684, 12.96781233154314], [77.59296613368036, 12.967944126906136], [77.59289325790795, 12.967960934399866], [77.59280466799443, 12.967981421887297], [77.59274842741206, 12.967994540151807], [77.59262895997898, 12.968022201424287], [77.59248778044187, 12.968043664616097], [77.59209137353213, 12.968103898650197], [77.59188559450263, 12.968123023831533], [77.59184688716647, 12.968121331561887], [77.59130600306344, 12.968062575677106], [77.590992084168, 12.9679667759635], [77.590894221689, 12.967936943387262], [77.59066916026696, 12.967873143404171], [77.59050424428997, 12.967826361350317]]}, "properties": {"kind": "edge", "edge_id": "224618934#1", "from": "cluster_11425338076_458263319", "to": "9999163252", "type": "highway.primary", "priority": "12", "numLanes": null, "speed": null, "length": null, "function": null, "in_flow_component": true}}, {"type": "Feature", "geometry": {"type": "LineString", "coordinates": [[77.59051243122346, 12.967798544304406], [77.59045321069645, 12.96778187832525], [77.59036765680125, 12.967757524279197], [77.59006210160994, 12.967713226317656]]}, "properties": {"kind": "edge", "edge_id": "224618934#2", "from": "9999163252", "to": "428420790", "type": "highway.primary", "priority": "12", "numLanes": null, "speed": null, "length": null, "function": null, "in_flow_component": true}}, {"type": "Feature", "geometry": {"type": "LineString", "coordinates": [[77.59005664251579, 12.967612999090736], [77.58986741263729, 12.96763792056016], [77.58942175881744, 12.967577128337739], [77.5893589044838, 12.967565376818955]]}, "properties": {"kind": "edge", "edge_id": "224618934#3", "from": "428420790", "to": "663313892", "type": "highway.primary", "priority": "12", "numLanes": null, "speed": null, "length": null, "function": null, "in_flow_component": true}}, {"type": "Feature", "geometry": {"type": "LineString", "coordinates": [[77.6143888889612, 12.975395620109921], [77.61441736104224, 12.975484411177296], [77.61464856604915, 12.976205365348594], [77.61465961638591, 12.97624021662233], [77.61468789221304, 12.976327835146858]]}, "properties": {"kind": "edge", "edge_id": "224621537#0", "from": "cluster_10076140416_11432437452_12632082427_7697940571", "to": "cluster_10123938477_1837783518_4772576249_4772576254", "type": "highway.secondary", "priority": "11", "numLanes": null, "speed": null, "length": null, "function": null, "in_flow_component": false}}, {"type": "Feature", "geometry": {"type": "LineString", "coordinates": [[77.58760578364054, 12.967822592083559], [77.58771007488772, 12.967806015607717], [77.58787699144409, 12.967796856759167], [77.58811627499556, 12.967783996549894], [77.58825464695705, 12.967776024866188]]}, "properties": {"kind": "edge", "edge_id": "22893740", "from": "cluster12128943147_287793735_cluster_10044013422_665062617_665062618", "to": "cluster245615180_249081348_cluster_12759084951_663313887", "type": "highway.primary", "priority": "12", "numLanes": null, "speed": null, "length": null, "function": null, "in_flow_component": true}}, {"type": "Feature", "geometry": {"type": "LineString", "coordinates": [[77.59528143255608, 12.962373682094743], [77.59533387251145, 12.962367286841861], [77.59569559614583, 12.962312364399207], [77.59586298485134, 12.962287024935987], [77.59596727734693, 12.962270897349741], [77.59634375913505, 12.962217904746984], [77.59641900488145, 12.962207758386084], [77.59649968490491, 12.962197557789917], [77.59674127468116, 12.96216795412759], [77.59696424478565, 12.962137180890963], [77.59716172259216, 12.962117593401906], [77.5971748788252, 12.962116016623513], [77.59722419260704, 12.962110194262639], [77.5975739623021, 12.962004163975479], [77.5977921636383, 12.961922213018578], [77.59796526854554, 12.961870796363518], [77.59802291141135, 12.961859831499625], [77.59804074629079, 12.961856401112728], [77.59838505085817, 12.961783038324214], [77.5984889190443, 12.961761583774905], [77.59893346509135, 12.96163689833138], [77.59918811456228, 12.961534435852636], [77.59956256468249, 12.961383617521204], [77.59965792535763, 12.961341287904016], [77.59992294525969, 12.961199692986042], [77.60005321162305, 12.961130182661305], [77.60032456131519, 12.960968377662951], [77.60035622258594, 12.960948095524918], [77.6005366730202, 12.960832460366477], [77.60078816738876, 12.960683591743063], [77.60094772790181, 12.960587679201524], [77.60098246796453, 12.96057116064985]]}, "properties": {"kind": "edge", "edge_id": "23018325#3", "from": "cluster_cluster_1067789502_6894860921_cluster_1067789545_13343865545_13343865547", "to": "459752716", "type": "highway.tertiary", "priority": "10", "numLanes": null, "speed": null, "length": null, "function": null, "in_flow_component": false}}, {"type": "Feature", "geometry": {"type": "LineString", "coordinates": [[77.60240230144346, 12.96941880208476], [77.60245810637416, 12.969363857333734], [77.60250760471494, 12.969287112676984], [77.60265017860499, 12.968939311414829], [77.60290766281246, 12.968267655480421], [77.60297281567188, 12.968101856727674], [77.60306968383071, 12.96789436358073], [77.60321689475805, 12.967549677866332], [77.60324688729183, 12.967484059833472], [77.60329648665225, 12.96737280312673], [77.60332949427936, 12.967304806005925], [77.60340904376199, 12.967115012647097], [77.60358371334951, 12.966718014608963], [77.6036046340471, 12.966665858094835], [77.60375631289921, 12.96626375987138], [77.60376684794143, 12.966231582721317], [77.60385639807001, 12.965958302780086], [77.60386885608423, 12.96583648625179], [77.60387885538391, 12.96577052622753]]}, "properties": {"kind": "edge", "edge_id": "23029281", "from": "248455468", "to": "248455472", "type": "highway.tertiary", "priority": "10", "numLanes": null, "speed": null, "length": null, "function": null, "in_flow_component": true}}, {"type": "Feature", "geometry": {"type": "LineString", "coordinates": [[77.60673970143252, 12.970436809287678], [77.60668331128667, 12.970258676607521], [77.60664308055783, 12.970137297848511], [77.60662072724624, 12.970069584161525], [77.60660746202602, 12.970025358837956], [77.60659140236983, 12.969969326624545], [77.6065089631474, 12.969687018748742], [77.60645751187789, 12.969531964191328], [77.60638071186096, 12.96928691124362], [77.60636261089145, 12.969229453965601], [77.6062608028185, 12.968750212184238], [77.60624493264737, 12.968562006636427], [77.60624180748516, 12.968474224833018]]}, "properties": {"kind": "edge", "edge_id": "23029284", "from": "23029284-AddedOnRampNode", "to": "cluster_12460929618_263155275_9933265930", "type": "highway.secondary", "priority": "11", "numLanes": null, "speed": null, "length": null, "function": null, "in_flow_component": true}}, {"type": "Feature", "geometry": {"type": "LineString", "coordinates": [[77.60701389914959, 12.971299363066063], [77.6069539561508, 12.97108973655124], [77.60692346713357, 12.970975035947587], [77.60691397368778, 12.970939174723263], [77.60675375078843, 12.970432512725827]]}, "properties": {"kind": "edge", "edge_id": "23029284-AddedOnRampEdge", "from": "cluster1232963659_5372824878", "to": "23029284-AddedOnRampNode", "type": "highway.secondary", "priority": "11", "numLanes": null, "speed": null, "length": null, "function": null, "in_flow_component": true}}, {"type": "Feature", "geometry": {"type": "LineString", "coordinates": [[77.60444175273342, 12.971803316514245], [77.60440797823064, 12.971886137710438], [77.60440438695831, 12.971895117610817], [77.60424994572732, 12.972226596080043], [77.60415241072485, 12.972343482564584], [77.60408838348233, 12.972396161139011], [77.60394699165641, 12.972476897857417], [77.60384268699319, 12.972536394000347], [77.60370788740886, 12.972613270213849], [77.60363044388087, 12.972660301079744], [77.60351751738625, 12.972723406806548], [77.60336732678304, 12.972808477473137], [77.60331041042718, 12.972836330773669], [77.60325898960535, 12.972852294136208]]}, "properties": {"kind": "edge", "edge_id": "23029696", "from": "423784673", "to": "248459812", "type": "highway.secondary", "priority": "11", "numLanes": null, "speed": null, "length": null, "function": null, "in_flow_component": true}}, {"type": "Feature", "geometry": {"type": "LineString", "coordinates": [[77.60107788460559, 12.971896696838023], [77.60100701125593, 12.971565666022757], [77.60095072563412, 12.971317514521507], [77.60088826629945, 12.971033739217702], [77.60085761566076, 12.970894375364091], [77.60079793524297, 12.970576603219307], [77.60077067769764, 12.970444613535728], [77.60076009679787, 12.970401535351611], [77.60074468130856, 12.970336461799949]]}, "properties": {"kind": "edge", "edge_id": "23029701#0", "from": "23029701#0-AddedOnRampNode", "to": "248459829", "type": "highway.tertiary", "priority": "10", "numLanes": null, "speed": null, "length": null, "function": null, "in_flow_component": false}}, {"type": "Feature", "geometry": {"type": "LineString", "coordinates": [[77.60120375812424, 12.972237024892658], [77.60115003806767, 12.971969875813164], [77.60113202737422, 12.971885585218]]}, "properties": {"kind": "edge", "edge_id": "23029701#0-AddedOnRampEdge", "from": "1492519184", "to": "23029701#0-AddedOnRampNode", "type": "highway.tertiary", "priority": "10", "numLanes": null, "speed": null, "length": null, "function": null, "in_flow_component": false}}, {"type": "Feature", "geometry": {"type": "LineString", "coordinates": [[77.60074468130856, 12.970336461799949], [77.60070807112623, 12.970190923808328], [77.6006343650383, 12.969897413376202], [77.60062917330185, 12.969876505691152], [77.60059794788125, 12.969734979258533], [77.60055940956087, 12.96956344168138], [77.6005035611468, 12.969330643844446], [77.60048936203539, 12.969267364951106], [77.60033075509733, 12.968648925844427], [77.60024881852364, 12.968299032945808], [77.6002408002416, 12.968236595665319], [77.60024458815298, 12.968149015341126], [77.60029042727137, 12.968065802894198], [77.60033506591385, 12.968000038660655]]}, "properties": {"kind": "edge", "edge_id": "23029701#1", "from": "248459829", "to": "11496183647", "type": "highway.tertiary", "priority": "10", "numLanes": null, "speed": null, "length": null, "function": null, "in_flow_component": false}}, {"type": "Feature", "geometry": {"type": "LineString", "coordinates": [[77.59772364987796, 12.983948397302598], [77.59764157248087, 12.98400206855357], [77.59753286717479, 12.984073080822148], [77.59740589109063, 12.984150057648632], [77.59739047019337, 12.984164305328221], [77.5971989770034, 12.984327030251897]]}, "properties": {"kind": "edge", "edge_id": "23076279#0", "from": "249082069", "to": "clustercluster12484332871_1523537403_cluster_12803586900_12803624101_12827961143_9642156101_cluster_10601663791_12433045764", "type": "highway.tertiary", "priority": "10", "numLanes": null, "speed": null, "length": null, "function": null, "in_flow_component": true}}, {"type": "Feature", "geometry": {"type": "LineString", "coordinates": [[77.5839870350177, 12.96385703607645], [77.58399520887512, 12.963952810082136], [77.5840600594688, 12.964711237824865], [77.58406682272914, 12.964759595135192], [77.58411384412916, 12.96507587481435], [77.58422820415561, 12.96526726248806]]}, "properties": {"kind": "edge", "edge_id": "23076921", "from": "320644590", "to": "249087934", "type": "highway.secondary", "priority": "11", "numLanes": null, "speed": null, "length": null, "function": null, "in_flow_component": true}}, {"type": "Feature", "geometry": {"type": "LineString", "coordinates": [[77.58709879899617, 12.967942009604867], [77.58707860568649, 12.967966874312113], [77.58697938635778, 12.968090909428716], [77.58692023001676, 12.968169554854343], [77.58666430185771, 12.968425875861453], [77.58656300209834, 12.968509096090422], [77.58605850787593, 12.96896772891814], [77.58602281037729, 12.968998800751782], [77.5859736029185, 12.969041841948238], [77.58594356579401, 12.969067978928784], [77.58520656976705, 12.969705905710144], [77.58512399008879, 12.969773309977942], [77.58494351158467, 12.969941155935944], [77.58432898261518, 12.97047640756415], [77.58412120925973, 12.970668465511462], [77.58404006006562, 12.970740643566277], [77.58374602212129, 12.971026974138045], [77.58359979784103, 12.971166833886416], [77.58333430488237, 12.971452067515873], [77.5830865703226, 12.971672889889637], [77.58282359173225, 12.971907324772422], [77.58267042356647, 12.972043910395175], [77.58261611170717, 12.97209233215283], [77.58253208355346, 12.972153426138172], [77.58227890468594, 12.97233780297043], [77.58181268527814, 12.97267733780046], [77.58167624862494, 12.972766055133452]]}, "properties": {"kind": "edge", "edge_id": "23076927#2", "from": "cluster12128943147_287793735_cluster_10044013422_665062617_665062618", "to": "cluster1087824452_cluster_1087824504_1285102586", "type": "highway.primary", "priority": "12", "numLanes": null, "speed": null, "length": null, "function": null, "in_flow_component": true}}, {"type": "Feature", "geometry": {"type": "LineString", "coordinates": [[77.61385500142629, 12.968390794725442], [77.61336729283282, 12.968351697921065], [77.61248320796368, 12.96825126352449], [77.6121141252347, 12.968148365744073], [77.61191003445087, 12.968037577308419], [77.61180217040335, 12.967941000151258], [77.61177250429249, 12.967914104932294], [77.61167392558382, 12.967824571530507], [77.6115353603186, 12.967654854083168], [77.61139576321433, 12.967483340035683], [77.61137803184772, 12.96746138413106], [77.61127657402385, 12.967351913749269], [77.61121702364512, 12.967286019448087]]}, "properties": {"kind": "edge", "edge_id": "23443806#2", "from": "clustercluster_12460840938_12460840939_cluster_9870839712_9870882717", "to": "cluster_12462507949_13462280316_4903183637_6017833824", "type": "highway.primary", "priority": "12", "numLanes": null, "speed": null, "length": null, "function": null, "in_flow_component": true}}, {"type": "Feature", "geometry": {"type": "LineString", "coordinates": [[77.5834638370059, 12.976358275275164], [77.58335827510903, 12.97621658040219], [77.5831161189515, 12.975898716255683], [77.58250619771681, 12.975079841972212]]}, "properties": {"kind": "edge", "edge_id": "234946738#0", "from": "234946738#0-AddedOnRampNode", "to": "cluster_2190851847_254665556", "type": "highway.secondary", "priority": "11", "numLanes": null, "speed": null, "length": null, "function": null, "in_flow_component": false}}, {"type": "Feature", "geometry": {"type": "LineString", "coordinates": [[77.58398099625511, 12.977105702471626], [77.58367853246406, 12.97662175362442], [77.58347572486548, 12.976349755148243]]}, "properties": {"kind": "edge", "edge_id": "234946738#0-AddedOnRampEdge", "from": "597084147", "to": "234946738#0-AddedOnRampNode", "type": "highway.secondary", "priority": "11", "numLanes": null, "speed": null, "length": null, "function": null, "in_flow_component": false}}, {"type": "Feature", "geometry": {"type": "LineString", "coordinates": [[77.58250619771681, 12.975079841972212], [77.58245245049635, 12.975004576977101], [77.5822618576812, 12.974737605364838], [77.58141531445236, 12.973493387151134], [77.58137987358663, 12.973442333049041], [77.58133461276475, 12.973377011670259], [77.58129898304962, 12.973325507703912], [77.58128587671001, 12.973305219984251], [77.58127747478005, 12.973294462064265], [77.58126906073153, 12.973282529788296], [77.58125757250276, 12.973267285286129], [77.58123058024269, 12.973231505824748], [77.58115827670147, 12.97316121284117]]}, "properties": {"kind": "edge", "edge_id": "234946738#1", "from": "cluster_2190851847_254665556", "to": "cluster11420343302_11888422024_12134062486", "type": "highway.secondary", "priority": "11", "numLanes": null, "speed": null, "length": null, "function": null, "in_flow_component": false}}, {"type": "Feature", "geometry": {"type": "LineString", "coordinates": [[77.60163021368069, 12.984572522605701], [77.60149261353273, 12.984575707107854], [77.60123557937052, 12.984557230415875], [77.60079873480119, 12.984478306932322], [77.5998286887415, 12.984303172387785], [77.59944607841571, 12.984221625952095], [77.59893171558495, 12.98411203515431], [77.59863436200368, 12.984061074116399]]}, "properties": {"kind": "edge", "edge_id": "238459130", "from": "cluster1517317434_294079186", "to": "238459130-AddedOffRampNode", "type": "highway.tertiary", "priority": "10", "numLanes": null, "speed": null, "length": null, "function": null, "in_flow_component": false}}, {"type": "Feature", "geometry": {"type": "LineString", "coordinates": [[77.59863688584801, 12.98404686500793], [77.59794601438296, 12.983928467037305], [77.59772331541032, 12.983933945737968]]}, "properties": {"kind": "edge", "edge_id": "238459130-AddedOffRampEdge", "from": "238459130-AddedOffRampNode", "to": "249082069", "type": "highway.tertiary", "priority": "10", "numLanes": null, "speed": null, "length": null, "function": null, "in_flow_component": false}}, {"type": "Feature", "geometry": {"type": "LineString", "coordinates": [[77.60680952182526, 12.96487434336612], [77.60671326739309, 12.963645562774898], [77.60670385088883, 12.96344012744159], [77.60672008459899, 12.963079497436537], [77.60675666423545, 12.962806205724709], [77.6067404169885, 12.962493240634355], [77.6066834873849, 12.962077240581772], [77.60662659219379, 12.9614433334824], [77.6064964943991, 12.960785586122782], [77.60643550927298, 12.96044885702336], [77.60624453242886, 12.959331603219322], [77.6061061789773, 12.958535261696884], [77.60606780125747, 12.958104801185362], [77.60606238668927, 12.958044777439587], [77.60605967887372, 12.957988159623556]]}, "properties": {"kind": "edge", "edge_id": "239441161#0", "from": "4294218111", "to": "cluster_12864985109_4294218124", "type": "highway.primary", "priority": "12", "numLanes": null, "speed": null, "length": null, "function": null, "in_flow_component": false}}, {"type": "Feature", "geometry": {"type": "LineString", "coordinates": [[77.6067399049236, 12.966220875870112], [77.60671756234856, 12.966304486015739], [77.60667055681103, 12.966487720211557], [77.6066070477659, 12.966731468670549], [77.60654521247159, 12.966967882605694], [77.60650389916722, 12.967113928931296], [77.606496496985, 12.96713731150601], [77.60642812859274, 12.967383276880426], [77.60634353110271, 12.967698426671943], [77.60632286407392, 12.96777488296362], [77.60622394833446, 12.968006609193543], [77.60619582219991, 12.96806561372393], [77.6061794978256, 12.968099113721792], [77.60609942009683, 12.968264520355168], [77.60601192667738, 12.96843433771866]]}, "properties": {"kind": "edge", "edge_id": "239572010#0", "from": "cluster_10043357422_10120806056_12460929706_13507201648_#3more", "to": "cluster_12460929618_263155275_9933265930", "type": "highway.secondary", "priority": "11", "numLanes": null, "speed": null, "length": null, "function": null, "in_flow_component": true}}, {"type": "Feature", "geometry": {"type": "LineString", "coordinates": [[77.607693477954, 12.980841760431222], [77.60757475422243, 12.980879178909788], [77.60699637755272, 12.981061510226771], [77.60622618544724, 12.981304215593985], [77.6059824966875, 12.981381372459872], [77.60580372442838, 12.981438002888975], [77.6054117841031, 12.9815657016865]]}, "properties": {"kind": "edge", "edge_id": "26283723#0", "from": "287904822", "to": "343594553", "type": "highway.tertiary", "priority": "10", "numLanes": null, "speed": null, "length": null, "function": null, "in_flow_component": false}}, {"type": "Feature", "geometry": {"type": "LineString", "coordinates": [[77.6054117841031, 12.9815657016865], [77.60445434438876, 12.981865478806226], [77.60436785383855, 12.981866706896703]]}, "properties": {"kind": "edge", "edge_id": "26283723#1", "from": "343594553", "to": "287905127", "type": "highway.tertiary", "priority": "10", "numLanes": null, "speed": null, "length": null, "function": null, "in_flow_component": false}}, {"type": "Feature", "geometry": {"type": "LineString", "coordinates": [[77.60339595957417, 12.982167619151092], [77.6034012307582, 12.982257999508736], [77.60338151372446, 12.982425782948733], [77.60328470534469, 12.98261276857362], [77.60319353270921, 12.982801323904184], [77.6031792514071, 12.9828984048141], [77.60332632797531, 12.983327505380545], [77.60336328850168, 12.983435456146994], [77.6035104645655, 12.983865187884257], [77.60352405094734, 12.983904802595074], [77.60355689975077, 12.983962925270705], [77.60360095412884, 12.984062041637978]]}, "properties": {"kind": "edge", "edge_id": "26283729#0", "from": "cluster_1523537066_294079537", "to": "cluster_1523537380_287905341", "type": "highway.tertiary", "priority": "10", "numLanes": null, "speed": null, "length": null, "function": null, "in_flow_component": false}}, {"type": "Feature", "geometry": {"type": "LineString", "coordinates": [[77.58958119672198, 12.985979826462101], [77.58961250128729, 12.98595141756747], [77.58964319323246, 12.985917232780237], [77.58972125863392, 12.985822858638116], [77.59054222788693, 12.984804903794394], [77.5905823206984, 12.984753369584213], [77.59081631759334, 12.984486781502248], [77.59110161187787, 12.984165385288042]]}, "properties": {"kind": "edge", "edge_id": "26807972#0", "from": "10121158732", "to": "26807972#0-AddedOffRampNode", "type": "highway.primary", "priority": "12", "numLanes": null, "speed": null, "length": null, "function": null, "in_flow_component": false}}, {"type": "Feature", "geometry": {"type": "LineString", "coordinates": [[77.59111267285002, 12.98417485141703], [77.5913949612771, 12.983856827689799], [77.59165731038038, 12.983606037562598], [77.5917429923991, 12.983517820807897]]}, "properties": {"kind": "edge", "edge_id": "26807972#0-AddedOffRampEdge", "from": "26807972#0-AddedOffRampNode", "to": "10016225540", "type": "highway.primary", "priority": "12", "numLanes": null, "speed": null, "length": null, "function": null, "in_flow_component": false}}, {"type": "Feature", "geometry": {"type": "LineString", "coordinates": [[77.59175359746693, 12.983527743175388], [77.59185071441787, 12.98339622812979], [77.59196484537553, 12.983315226100371], [77.59208881565563, 12.983232499707826], [77.59214897799761, 12.983197478724332], [77.5923266047407, 12.983118643863452]]}, "properties": {"kind": "edge", "edge_id": "26807972#1", "from": "10016225540", "to": "11675668171", "type": "highway.primary", "priority": "12", "numLanes": null, "speed": null, "length": null, "function": null, "in_flow_component": false}}, {"type": "Feature", "geometry": {"type": "LineString", "coordinates": [[77.59709006208061, 12.984156286031755], [77.59711883310108, 12.983990580054922], [77.59712520489282, 12.983708374510677], [77.59712670969444, 12.983640421372662]]}, "properties": {"kind": "edge", "edge_id": "26808007", "from": "clustercluster12484332871_1523537403_cluster_12803586900_12803624101_12827961143_9642156101_cluster_10601663791_12433045764", "to": "663596611", "type": "highway.primary", "priority": "12", "numLanes": null, "speed": null, "length": null, "function": null, "in_flow_component": true}}, {"type": "Feature", "geometry": {"type": "LineString", "coordinates": [[77.61034895767902, 12.97040720825433], [77.61045048680674, 12.970346834355025]]}, "properties": {"kind": "edge", "edge_id": "27007398#0", "from": "11854316021", "to": "1274338614", "type": "highway.primary", "priority": "12", "numLanes": null, "speed": null, "length": null, "function": null, "in_flow_component": true}}, {"type": "Feature", "geometry": {"type": "LineString", "coordinates": [[77.61051605276612, 12.970274083077934], [77.6105492518272, 12.97025992749481], [77.61075615021711, 12.970171754611322], [77.61083291221726, 12.970139093271818], [77.61116351869359, 12.969997370146691], [77.61133339048763, 12.969953836324992], [77.61149370085427, 12.969912114900987], [77.61178380242349, 12.969825996922948], [77.6119074318201, 12.969782565696793], [77.61192890875608, 12.969775032313734], [77.61204164983171, 12.969712196421975], [77.61212213003748, 12.96963866269017], [77.61215455177668, 12.96960301326659], [77.61222475949336, 12.969516121665345], [77.61223048873823, 12.969509017430669], [77.61230594435531, 12.969413038885325], [77.6124569749212, 12.969250170780697], [77.61253567618068, 12.969165091019091], [77.6125815163201, 12.969126506188957], [77.61282428717477, 12.968945190150443], [77.61289367449193, 12.968920913875742], [77.61336680611232, 12.968754900249527], [77.61347419002597, 12.968717232838847], [77.6136364589751, 12.968660313123332], [77.61383342410598, 12.968600334437687]]}, "properties": {"kind": "edge", "edge_id": "27007398#1", "from": "1274338614", "to": "clustercluster_12460840938_12460840939_cluster_9870839712_9870882717", "type": "highway.primary", "priority": "12", "numLanes": null, "speed": null, "length": null, "function": null, "in_flow_component": true}}, {"type": "Feature", "geometry": {"type": "LineString", "coordinates": [[77.60518864754822, 12.951938937439737], [77.60590865633377, 12.951803357426142], [77.60619355342862, 12.95174982452079], [77.60641377030252, 12.95171229686249], [77.60665806139838, 12.951669107530646], [77.60686739593167, 12.951630333280452], [77.6071066587822, 12.951590807590591], [77.60747410744531, 12.95151268691536], [77.60771845082905, 12.951527676832416], [77.60792268079877, 12.951688790923255], [77.60801342242286, 12.951804966449503], [77.60808661373892, 12.951872171252608], [77.60832447376728, 12.951910262830035], [77.60869354518353, 12.951943787666906], [77.60895223453225, 12.951894579724291], [77.60906459298671, 12.95187520500673], [77.60925620960556, 12.951842207593435], [77.60954611643227, 12.951792234645886], [77.60986947283827, 12.951734698816466], [77.61002202012459, 12.95170037585108], [77.61017171878736, 12.951666713748661], [77.61020415822075, 12.951659432281046], [77.61029548920865, 12.951655264654992], [77.61044441371357, 12.951644557167336], [77.61067749085375, 12.951630295842778], [77.61079069303162, 12.951621211011995], [77.61094507590916, 12.951612797435907], [77.61108555424094, 12.951604794189473], [77.61112679598745, 12.9516024835494], [77.61115689908767, 12.951600826624952], [77.61122062020819, 12.951598923006905], [77.61129031380555, 12.95159560435818], [77.6113542989827, 12.9515925236083], [77.61144467483066, 12.951629290297667], [77.61144020361405, 12.951651017318543], [77.611620390027, 12.951935415535761], [77.61189509499802, 12.952044233771973], [77.61197231145165, 12.952152864085791], [77.61220582101606, 12.952763134054852], [77.61253876081537, 12.9536334052834], [77.61252160826089, 12.95382582594364], [77.61248322197501, 12.953889992755485], [77.6124615844546, 12.953926166089477], [77.61233282576227, 12.954059990037146], [77.61156028993284, 12.95436117081103], [77.61137146299075, 12.95451167776839], [77.61131997149617, 12.954670654790673], [77.61134580482347, 12.954913236243188], [77.61136631096956, 12.954962899633102], [77.61153356733685, 12.95536740186474], [77.61170035065085, 12.955770643832064], [77.61179210373817, 12.955992327222893]]}, "properties": {"kind": "edge", "edge_id": "28126584", "from": "4294218134", "to": "308924488", "type": "highway.tertiary", "priority": "10", "numLanes": null, "speed": null, "length": null, "function": null, "in_flow_component": false}}, {"type": "Feature", "geometry": {"type": "LineString", "coordinates": [[77.61179210373817, 12.955992327222893], [77.6118264168419, 12.956226511938585], [77.61182787019568, 12.95624221693967], [77.61185219733419, 12.956499268095127], [77.61190602163649, 12.956926138075326], [77.6120997444739, 12.958463628869879]]}, "properties": {"kind": "edge", "edge_id": "28449770#0", "from": "308924488", "to": "459781797", "type": "highway.tertiary", "priority": "10", "numLanes": null, "speed": null, "length": null, "function": null, "in_flow_component": false}}, {"type": "Feature", "geometry": {"type": "LineString", "coordinates": [[77.6120997444739, 12.958463628869879], [77.61215221038502, 12.95889259010061], [77.61219330007862, 12.95922879347597], [77.61231122887474, 12.960193369925296], [77.61248262633266, 12.961709130112233]]}, "properties": {"kind": "edge", "edge_id": "28449770#1", "from": "459781797", "to": "cluster_253890170_4044110245", "type": "highway.tertiary", "priority": "10", "numLanes": null, "speed": null, "length": null, "function": null, "in_flow_component": false}}, {"type": "Feature", "geometry": {"type": "LineString", "coordinates": [[77.59713680674204, 12.964812331757749], [77.59703680613387, 12.964816040117915]]}, "properties": {"kind": "edge", "edge_id": "28451729", "from": "12462400265", "to": "1067781007", "type": "highway.primary", "priority": "12", "numLanes": null, "speed": null, "length": null, "function": null, "in_flow_component": false}}, {"type": "Feature", "geometry": {"type": "LineString", "coordinates": [[77.59956613358402, 12.990518509160692], [77.59939903196509, 12.990581976177602], [77.59893791954502, 12.990757158236104], [77.598486408106, 12.99094317504678], [77.59783031096653, 12.99120278934474], [77.59749282948232, 12.991360199789094], [77.59741928767792, 12.991410985386404]]}, "properties": {"kind": "edge", "edge_id": "28800884#0", "from": "cluster_11664358424_12061073864", "to": "316662161", "type": "highway.tertiary", "priority": "10", "numLanes": null, "speed": null, "length": null, "function": null, "in_flow_component": false}}, {"type": "Feature", "geometry": {"type": "LineString", "coordinates": [[77.5979616708056, 12.965988407533866], [77.59801024832069, 12.966026950781636]]}, "properties": {"kind": "edge", "edge_id": "30332639", "from": "248455458", "to": "9910066830", "type": "highway.primary", "priority": "12", "numLanes": null, "speed": null, "length": null, "function": null, "in_flow_component": false}}, {"type": "Feature", "geometry": {"type": "LineString", "coordinates": [[77.60179148680146, 12.976638617825627], [77.60178448820997, 12.97673625825063], [77.60180918257922, 12.97684306752541], [77.60187714887486, 12.97713338198141], [77.6020137560544, 12.977716804618677], [77.60206892775813, 12.977937231215185]]}, "properties": {"kind": "edge", "edge_id": "323813903#1", "from": "cluster_10016346056_12429489160_7676373070", "to": "cluster_6182615269_6182615270", "type": "highway.secondary", "priority": "11", "numLanes": null, "speed": null, "length": null, "function": null, "in_flow_component": false}}, {"type": "Feature", "geometry": {"type": "LineString", "coordinates": [[77.60206892775813, 12.977937231215185], [77.60234865988974, 12.979057303174352], [77.60235528926835, 12.979083526592227], [77.60236240177798, 12.979111913402631], [77.60238842956849, 12.979205157736217]]}, "properties": {"kind": "edge", "edge_id": "323813903#3", "from": "cluster_6182615269_6182615270", "to": "cluster_10075533192_10075533193_10684915913_10684915914_#1more", "type": "highway.secondary", "priority": "11", "numLanes": null, "speed": null, "length": null, "function": null, "in_flow_component": false}}, {"type": "Feature", "geometry": {"type": "LineString", "coordinates": [[77.61092556387973, 12.973438099622498], [77.6109092254068, 12.973346656488719], [77.61087946986854, 12.973196535164714], [77.61086142568165, 12.973109355237371], [77.61073739314298, 12.972523013513324], [77.61057598826633, 12.97189512785749], [77.61055710312802, 12.97180678185581], [77.61054792100538, 12.971765497196325], [77.61052447581173, 12.971655063067407], [77.61051867966192, 12.971629283314119], [77.61049913096542, 12.971539137111403], [77.6104348759183, 12.971243187865774], [77.61030617137394, 12.970632590296463], [77.61029842540948, 12.970587677499957], [77.610292783551, 12.970532534891811], [77.61028722754565, 12.970423818357393]]}, "properties": {"kind": "edge", "edge_id": "325833350#0", "from": "1232953264", "to": "9363518171", "type": "highway.primary", "priority": "12", "numLanes": null, "speed": null, "length": null, "function": null, "in_flow_component": false}}, {"type": "Feature", "geometry": {"type": "LineString", "coordinates": [[77.61026126886856, 12.973471238631031], [77.61042076552243, 12.973448407172297], [77.61053432913047, 12.973473014772532], [77.61060356318914, 12.9734868648814], [77.61066004934369, 12.973497319593939], [77.61071543018447, 12.97350778538983]]}, "properties": {"kind": "edge", "edge_id": "327639080", "from": "11283487985", "to": "1232953258", "type": "highway.primary_link", "priority": "7", "numLanes": null, "speed": null, "length": null, "function": null, "in_flow_component": false}}, {"type": "Feature", "geometry": {"type": "LineString", "coordinates": [[77.5899048104924, 12.96282168248024], [77.58992360930496, 12.962813454805584], [77.59003200053773, 12.96278382748472], [77.59046406935472, 12.962689906188785], [77.59061267755526, 12.962674423686904], [77.59078776303177, 12.962653889311161], [77.59104749445048, 12.962623568093953], [77.59180119166628, 12.962525629370512], [77.591909819482, 12.96251000223946], [77.59205726405077, 12.96248892922658]]}, "properties": {"kind": "edge", "edge_id": "328836685#1", "from": "cluster1650296797_2406092355_287793996_328804269", "to": "cluster_1454651965_428435162", "type": "highway.primary", "priority": "12", "numLanes": null, "speed": null, "length": null, "function": null, "in_flow_component": false}}, {"type": "Feature", "geometry": {"type": "LineString", "coordinates": [[77.59217968915384, 12.962471357700489], [77.59254125034794, 12.96240948466395], [77.59260561761306, 12.962398453955295], [77.59285067367551, 12.962356532538658], [77.59294694865432, 12.962340034282903], [77.59321976051642, 12.962300907692601], [77.5934567011168, 12.96226701683406], [77.59371645204934, 12.962256478117798], [77.59419448321945, 12.96227809405128], [77.59431388561487, 12.96229777322084], [77.59441887125763, 12.962321842190649], [77.59450849697346, 12.962339288472942]]}, "properties": {"kind": "edge", "edge_id": "328836685#3", "from": "cluster_1454651965_428435162", "to": "cluster_1067789550_248455441_428457189_6894860920", "type": "highway.primary", "priority": "12", "numLanes": null, "speed": null, "length": null, "function": null, "in_flow_component": false}}, {"type": "Feature", "geometry": {"type": "LineString", "coordinates": [[77.59364445108106, 12.988764426317047], [77.59369977178704, 12.988804257470234], [77.59406286988046, 12.989153061351297], [77.59434871766132, 12.98946162020873], [77.59448808428215, 12.989628176525127], [77.59457607841252, 12.989727036655912], [77.5946888007425, 12.989856185778844], [77.59473905698027, 12.989913955205175], [77.59486705869607, 12.990041777120947], [77.59503439384237, 12.990151408347014], [77.59541406079873, 12.990312310724232], [77.59581038608592, 12.990489307760482], [77.59610263144337, 12.990615306705468], [77.59615473277033, 12.990637823462476], [77.5963284984735, 12.990719021624914], [77.59655464559539, 12.99084080215578], [77.59680753403913, 12.99097378867142], [77.59734379418683, 12.991353830410228], [77.59741928767792, 12.991410985386404]]}, "properties": {"kind": "edge", "edge_id": "35277207", "from": "319889847", "to": "316662161", "type": "highway.tertiary", "priority": "10", "numLanes": null, "speed": null, "length": null, "function": null, "in_flow_component": false}}, {"type": "Feature", "geometry": {"type": "LineString", "coordinates": [[77.58704872000541, 12.975926291225823], [77.5869771235372, 12.975986901604665], [77.5869368066448, 12.97601675485568], [77.58687550094416, 12.976083677245564], [77.5866136495658, 12.976275643239028], [77.58638631380938, 12.976464736058963], [77.58630679962077, 12.97651693273817], [77.58622998562484, 12.976571903202286], [77.58592942865958, 12.976798223026531], [77.58588769430816, 12.976824657185562], [77.58566780499311, 12.97697672479915], [77.5850619525722, 12.977407908469864], [77.58487312006622, 12.977534460786552], [77.58469517504408, 12.977653767575367], [77.58457122177327, 12.977738206769232]]}, "properties": {"kind": "edge", "edge_id": "358318632#0", "from": "12141911062", "to": "597084145", "type": "highway.primary", "priority": "12", "numLanes": null, "speed": null, "length": null, "function": null, "in_flow_component": false}}, {"type": "Feature", "geometry": {"type": "LineString", "coordinates": [[77.59705857717191, 12.981028737507415], [77.59701506781883, 12.98107931274822], [77.59698971005609, 12.981094743783757], [77.59695613527902, 12.981117303692322], [77.59691365833258, 12.98114311455789], [77.59641133211264, 12.981313641980694], [77.59629273229449, 12.98135439709468]]}, "properties": {"kind": "edge", "edge_id": "359476587#0", "from": "3641907748", "to": "3641907747", "type": "highway.primary", "priority": "12", "numLanes": null, "speed": null, "length": null, "function": null, "in_flow_component": false}}, {"type": "Feature", "geometry": {"type": "LineString", "coordinates": [[77.59494431058789, 12.967324883943135], [77.5948465746416, 12.967200642724901], [77.5947887308106, 12.967139063332038], [77.59472711429339, 12.967104534241676], [77.59467340818105, 12.967086639785524], [77.59460175994394, 12.967088528780213]]}, "properties": {"kind": "edge", "edge_id": "360675529", "from": "246167200", "to": "cluster_11425338076_458263319", "type": "highway.primary_link", "priority": "7", "numLanes": null, "speed": null, "length": null, "function": null, "in_flow_component": true}}, {"type": "Feature", "geometry": {"type": "LineString", "coordinates": [[77.59586105705463, 12.983191864902135], [77.59602748796198, 12.983135092967196], [77.59617152265386, 12.98308622385881], [77.59626451441788, 12.983054487788383], [77.59645642991275, 12.982985626040355], [77.59695130655767, 12.982807131846718], [77.59697232090613, 12.982799242676869], [77.59715130427995, 12.982727076670022]]}, "properties": {"kind": "edge", "edge_id": "360861358#0", "from": "cluster_10121033916_10121050217", "to": "11342970531", "type": "highway.primary", "priority": "12", "numLanes": null, "speed": null, "length": null, "function": null, "in_flow_component": false}}, {"type": "Feature", "geometry": {"type": "LineString", "coordinates": [[77.59478272992278, 12.981859228075752], [77.59466261264068, 12.981736114783981], [77.59396506055421, 12.981017710305375], [77.59386279675806, 12.980910499445939], [77.59375431670324, 12.980790160419058], [77.59357176710208, 12.980607410349227], [77.59336255494863, 12.980385355681292], [77.59319351915383, 12.980208704106657], [77.59302089211624, 12.980032178546066], [77.59283927534828, 12.979841558565417], [77.59274252216402, 12.979741519597773], [77.59264511583369, 12.979640674002303], [77.5921970298131, 12.979178608710967], [77.5909528863968, 12.977887082511801], [77.5909281751002, 12.977858238135248], [77.5908280894499, 12.97773871714865], [77.59078342100095, 12.977704199300591], [77.59058555365243, 12.977554122670147], [77.5902948237849, 12.977385908568394], [77.58999088339246, 12.977222975265315], [77.58927165489538, 12.976837414967283], [77.58920680855105, 12.976802555667232], [77.58874264655157, 12.97656623083299]]}, "properties": {"kind": "edge", "edge_id": "362206700#0", "from": "cluster_2382044454_263155937", "to": "294081916", "type": "highway.primary", "priority": "12", "numLanes": null, "speed": null, "length": null, "function": null, "in_flow_component": false}}, {"type": "Feature", "geometry": {"type": "LineString", "coordinates": [[77.59739979070429, 12.980894781919348], [77.59717179947944, 12.980975839490798], [77.59705857717191, 12.981028737507415]]}, "properties": {"kind": "edge", "edge_id": "362900184", "from": "cluster_cluster_11434604018_1650305517_4960830631_4960830659_cluster_2016244606_663596568", "to": "3641907748", "type": "highway.primary", "priority": "12", "numLanes": null, "speed": null, "length": null, "function": null, "in_flow_component": false}}, {"type": "Feature", "geometry": {"type": "LineString", "coordinates": [[77.58391910378462, 12.97713378221312], [77.5839938471751, 12.977261689352584], [77.58431872603681, 12.97785527314338], [77.58443188407786, 12.978063294765024], [77.58486259837946, 12.978878071594604]]}, "properties": {"kind": "edge", "edge_id": "363477538", "from": "597084149", "to": "597084032", "type": "highway.secondary", "priority": "11", "numLanes": null, "speed": null, "length": null, "function": null, "in_flow_component": false}}, {"type": "Feature", "geometry": {"type": "LineString", "coordinates": [[77.61207107338807, 12.981948041317766], [77.61227512335572, 12.982203556155437], [77.61239161907127, 12.982349643010707]]}, "properties": {"kind": "edge", "edge_id": "363597279", "from": "1837445472", "to": "287906535", "type": "highway.secondary", "priority": "11", "numLanes": null, "speed": null, "length": null, "function": null, "in_flow_component": false}}, {"type": "Feature", "geometry": {"type": "LineString", "coordinates": [[77.6106499293907, 12.983053204526653], [77.61076089319953, 12.983013694282995], [77.61093523495667, 12.982982762170382], [77.6110889757687, 12.982963962122112], [77.61131803446074, 12.982888573635206], [77.61158776313347, 12.98279976697965], [77.61164495982331, 12.982781033388747], [77.61174888075954, 12.98272876494565], [77.61189019304742, 12.982657871536892], [77.61223705709409, 12.982483728702366], [77.61236404648376, 12.982373409151812], [77.61239161907127, 12.982349643010707]]}, "properties": {"kind": "edge", "edge_id": "363618400", "from": "1837823368", "to": "287906535", "type": "highway.tertiary", "priority": "10", "numLanes": null, "speed": null, "length": null, "function": null, "in_flow_component": false}}, {"type": "Feature", "geometry": {"type": "LineString", "coordinates": [[77.59005779162081, 12.96774181785458], [77.58975901351846, 12.96777379254727], [77.58949638847947, 12.967765384761325], [77.58936849239797, 12.96776195985808], [77.5892836920934, 12.967774819583957], [77.58922855508953, 12.967796689476426], [77.58919546106074, 12.96783893837115], [77.58918419647286, 12.967872025972994], [77.58919179448077, 12.967938624091355], [77.58921331695801, 12.967988821738732], [77.58926121590959, 12.968033065205939], [77.58951221040412, 12.968306205920575]]}, "properties": {"kind": "edge", "edge_id": "36851745", "from": "428420790", "to": "428420786", "type": "highway.primary_link", "priority": "7", "numLanes": null, "speed": null, "length": null, "function": null, "in_flow_component": true}}, {"type": "Feature", "geometry": {"type": "LineString", "coordinates": [[77.5940039798224, 12.971750703002728], [77.59403337949131, 12.97157433033177], [77.59403540341553, 12.971565185454114], [77.59410963160391, 12.971225657072376], [77.59416363079772, 12.970978571147105], [77.59416897035767, 12.97095159553552], [77.59419858599928, 12.970804943724696], [77.59421371042245, 12.970735499431626], [77.59422399923645, 12.970688327862916], [77.59425906055428, 12.9705160545378], [77.59429588160775, 12.970335813437996], [77.59452499071725, 12.969315086424652], [77.59460002995789, 12.968982777482209], [77.59464491635323, 12.968736414889463], [77.59465060930737, 12.968707990262068], [77.59468383312141, 12.968527333346419], [77.59487498012582, 12.967648011219643], [77.5949070048173, 12.967484983250518], [77.59491732626773, 12.967440973387497], [77.59494431058789, 12.967324883943135]]}, "properties": {"kind": "edge", "edge_id": "36851759", "from": "cluster429303166_cluster248459848_4058224805_cluster_248459849_4058224799_cluster_4058224827_cluster_10595455538_246397920_4058224836_4058224852", "to": "246167200", "type": "highway.primary", "priority": "12", "numLanes": null, "speed": null, "length": null, "function": null, "in_flow_component": false}}, {"type": "Feature", "geometry": {"type": "LineString", "coordinates": [[77.59848061854022, 12.965043926904494], [77.59726419412691, 12.964882341179235], [77.59701112970221, 12.96481837427304], [77.5968558213233, 12.964694166317626], [77.59656887110162, 12.964134190676141], [77.59638010210828, 12.963803520200482], [77.59625476517557, 12.963593638184204], [77.59613112768396, 12.963414365523645], [77.59601175017234, 12.963281667470833], [77.59582868407368, 12.963109943851146], [77.59539586387305, 12.962731294796084], [77.59524282876635, 12.962595137477118], [77.59508282521139, 12.962470974857833], [77.59501538133821, 12.962425120455526], [77.5947597435818, 12.962263695830488], [77.59466987681178, 12.962187438422179]]}, "properties": {"kind": "edge", "edge_id": "36852353", "from": "428435147", "to": "12167359660", "type": "highway.primary", "priority": "12", "numLanes": null, "speed": null, "length": null, "function": null, "in_flow_component": false}}, {"type": "Feature", "geometry": {"type": "LineString", "coordinates": [[77.59231756947699, 12.956107712697696], [77.5922908620354, 12.956037058805155], [77.59225942503747, 12.955954436282754], [77.59220392924463, 12.955816762930551], [77.59218596754721, 12.9557723119619], [77.59217018222361, 12.955733440633491]]}, "properties": {"kind": "edge", "edge_id": "36853146#1", "from": "249791758", "to": "cluster_10289145754_10289145755_577391304_6458152934", "type": "highway.primary", "priority": "12", "numLanes": null, "speed": null, "length": null, "function": null, "in_flow_component": false}}, {"type": "Feature", "geometry": {"type": "LineString", "coordinates": [[77.59773685501351, 12.965886034654917], [77.59799425145678, 12.966074360032778], [77.59808334770331, 12.966085034333108]]}, "properties": {"kind": "edge", "edge_id": "36853150", "from": "36853150-AddedOnRampNode", "to": "9910066830", "type": "highway.primary", "priority": "12", "numLanes": null, "speed": null, "length": null, "function": null, "in_flow_component": false}}, {"type": "Feature", "geometry": {"type": "LineString", "coordinates": [[77.59700535741584, 12.965336279829522], [77.59770947792047, 12.965902027711364], [77.59771922425476, 12.965909157868577]]}, "properties": {"kind": "edge", "edge_id": "36853150-AddedOnRampEdge", "from": "428435126", "to": "36853150-AddedOnRampNode", "type": "highway.primary", "priority": "12", "numLanes": null, "speed": null, "length": null, "function": null, "in_flow_component": false}}, {"type": "Feature", "geometry": {"type": "LineString", "coordinates": [[77.6142406033373, 12.96847888839394], [77.61430813444524, 12.968506215828581], [77.6143460018165, 12.968524536109978], [77.61441180216785, 12.968562541283609], [77.61467841834175, 12.968715159847287], [77.61535982775571, 12.96912225763323], [77.61548484689077, 12.969194268110272], [77.61604219617139, 12.969515159869129], [77.61626449281182, 12.969640125769985], [77.61647378826817, 12.969763867084305], [77.61650789558149, 12.969783760621532], [77.61665639527705, 12.969872428179606], [77.61703665639182, 12.97009256047595], [77.61707956317865, 12.970117063172202], [77.61766671867224, 12.970468999440076], [77.61801727585463, 12.970693765316442], [77.61809546697188, 12.970736161724792], [77.6192837932662, 12.971449462045841], [77.61930144706793, 12.971463919636463], [77.61934587646353, 12.97151063063137], [77.61937758357696, 12.97155638564242], [77.61942447769556, 12.971636136906138], [77.61945804912435, 12.971745564115503], [77.6194954183091, 12.971821797613442]]}, "properties": {"kind": "edge", "edge_id": "36853688#0", "from": "clustercluster_12460840938_12460840939_cluster_9870839712_9870882717", "to": "cluster_10784153212_11707402967_11707460669_2999494951", "type": "highway.secondary", "priority": "11", "numLanes": null, "speed": null, "length": null, "function": null, "in_flow_component": true}}, {"type": "Feature", "geometry": {"type": "LineString", "coordinates": [[77.58232281019376, 12.984277437377552], [77.58214000388013, 12.984212128240049], [77.58203505278016, 12.984165559713468], [77.58193616800143, 12.984108721968546], [77.58178271300703, 12.984004182551852], [77.58167512813549, 12.983934511900424], [77.58142782166631, 12.983805517881462], [77.58131790591636, 12.98375990176912], [77.58119266100773, 12.983719677831363], [77.58106747819828, 12.983703304091632], [77.58092165078557, 12.983703939359286], [77.57904036306266, 12.983882436290743], [77.57881041804843, 12.983900257549548], [77.57860928999398, 12.983898458956885], [77.57846079689054, 12.983872919430652]]}, "properties": {"kind": "edge", "edge_id": "36884557", "from": "cluster_2104325977_cluster_10842032475_11069723437_12520487312_2122621689_#3more", "to": "cluster_3676198941_3676198945", "type": "highway.secondary", "priority": "11", "numLanes": null, "speed": null, "length": null, "function": null, "in_flow_component": false}}, {"type": "Feature", "geometry": {"type": "LineString", "coordinates": [[77.58422820415561, 12.96526726248806], [77.58378547668445, 12.965444939142413], [77.58355401479, 12.965519332077116], [77.58328270431922, 12.965606407260815], [77.58303431584935, 12.965700933905252], [77.58293384468934, 12.96574845855207], [77.58270191933072, 12.965849416629196], [77.58237309316357, 12.96599578564315], [77.58200529633625, 12.966159616104466], [77.5819031566748, 12.966215107273708], [77.58161279778695, 12.966375729546142], [77.58129789016726, 12.966549875724576], [77.58092041780817, 12.96674930623633], [77.58062205797098, 12.966911362150723], [77.58056975131122, 12.96693979737072], [77.58042806077746, 12.967010135455263], [77.58014699261906, 12.967169670476835], [77.5801054049161, 12.967192397968171], [77.58004606622293, 12.96722677522551], [77.57987611098314, 12.96732549046892], [77.57981861432566, 12.967350905321426], [77.57966769284556, 12.96742838146698], [77.5794853099946, 12.96753688658443], [77.5793969566812, 12.967589439594768], [77.5792470007545, 12.967680186605573], [77.57906535531106, 12.967788774524989], [77.57896180552761, 12.967841658754168], [77.57894896972321, 12.967847568040968], [77.57885576965678, 12.967894657937647], [77.57864196815149, 12.968002660922021]]}, "properties": {"kind": "edge", "edge_id": "36897655", "from": "249087934", "to": "320647357", "type": "highway.tertiary", "priority": "10", "numLanes": null, "speed": null, "length": null, "function": null, "in_flow_component": false}}, {"type": "Feature", "geometry": {"type": "LineString", "coordinates": [[77.58740033420563, 12.966849101637006], [77.58727548456704, 12.966917559096963], [77.58720205642999, 12.966952258602218], [77.58682457702257, 12.967105892647062], [77.58680302943715, 12.96711559300438], [77.58652247218514, 12.967234926074598], [77.58630996742397, 12.967325304721738], [77.58616025576595, 12.967385877927178], [77.58615163297426, 12.967389396712992], [77.58607193172863, 12.96742325486628], [77.58593967868788, 12.967479588943219], [77.58551900745321, 12.967634554112214], [77.58544501930251, 12.967659682294714], [77.58523296665022, 12.967776074790647], [77.58511531164194, 12.96790797178907], [77.58503279934527, 12.967972935973885], [77.58474895880475, 12.968318612038585], [77.58472165183566, 12.968359357504886], [77.58449772107546, 12.968583377073184], [77.58441949049127, 12.968661579176002], [77.58430150675198, 12.96877956621922], [77.58429056925989, 12.968790877545645], [77.5839210645515, 12.969173089980705], [77.5838743268042, 12.969214480122542], [77.58373201359173, 12.969340478254322], [77.58354435943937, 12.96956287216098], [77.58333318978451, 12.969782879544184], [77.5831787108221, 12.969979737797628], [77.58309031016495, 12.970063370948143], [77.5829901234803, 12.970165370644343], [77.5828187927422, 12.97033610594466], [77.58277246873251, 12.970381918714551], [77.5826217197059, 12.970529682822749], [77.58246512836145, 12.970673710421092], [77.58241412429395, 12.970721286155031], [77.582269889941, 12.970884434315508], [77.58203642797318, 12.971095808603266], [77.58199409875327, 12.971135980281494], [77.58173385885785, 12.971341296103658], [77.581445087609, 12.97151346752818], [77.58106280305788, 12.971711411409], [77.58069462840533, 12.971901987278963]]}, "properties": {"kind": "edge", "edge_id": "36897656#0", "from": "cluster12128943145_287793596_37898955#0-AddedOnRampNode", "to": "429001094", "type": "highway.tertiary", "priority": "10", "numLanes": null, "speed": null, "length": null, "function": null, "in_flow_component": false}}, {"type": "Feature", "geometry": {"type": "LineString", "coordinates": [[77.5852420164328, 12.963845475217001], [77.58505495545238, 12.963785899472681], [77.58502787545433, 12.963777224404058], [77.5849504998327, 12.963768597207771], [77.58473361439496, 12.963737866199027]]}, "properties": {"kind": "edge", "edge_id": "36897679#0", "from": "cluster_12077162815_3309317524", "to": "429230952", "type": "highway.primary", "priority": "12", "numLanes": null, "speed": null, "length": null, "function": null, "in_flow_component": true}}, {"type": "Feature", "geometry": {"type": "LineString", "coordinates": [[77.58794148532898, 12.966844803605385], [77.58782868708944, 12.966706795940613], [77.587775412897, 12.966641555444918], [77.58775915430168, 12.966619311861592], [77.5874990501507, 12.966320059630245], [77.58692530864445, 12.965657761362626], [77.5868122454458, 12.965494007649198]]}, "properties": {"kind": "edge", "edge_id": "36897704#0", "from": "286679311", "to": "cluster_12128921370_12128921371", "type": "highway.primary", "priority": "12", "numLanes": null, "speed": null, "length": null, "function": null, "in_flow_component": true}}, {"type": "Feature", "geometry": {"type": "LineString", "coordinates": [[77.58860720578582, 12.990465793551286], [77.58863787886145, 12.990447509453245], [77.58877946721272, 12.990402010565203], [77.58884072010336, 12.990392004314291], [77.5889358188557, 12.990376511104587], [77.58915958580661, 12.990340040369318], [77.5891840703237, 12.990337989426408], [77.58929867168894, 12.990319772058305], [77.58971280502952, 12.990348618761022], [77.5900059928611, 12.990379122544185], [77.59042656688534, 12.990407181100286], [77.59054871986268, 12.9904153585519], [77.59090706588775, 12.990439339074168], [77.59100405019643, 12.99044577980463], [77.59102679662632, 12.990444920492944], [77.59118418021039, 12.990439013969834], [77.59162151796049, 12.990422363942365], [77.59184496719026, 12.990390863012683], [77.592703150563, 12.98975395927492], [77.59272665491916, 12.989737372497572], [77.59282265316592, 12.989657725111035]]}, "properties": {"kind": "edge", "edge_id": "36912471#0", "from": "11668359723", "to": "12135211599", "type": "highway.tertiary", "priority": "10", "numLanes": null, "speed": null, "length": null, "function": null, "in_flow_component": true}}, {"type": "Feature", "geometry": {"type": "LineString", "coordinates": [[77.6099455308673, 12.965068854487534], [77.61001374850102, 12.965126802512133], [77.61013281308696, 12.965272956780396], [77.61036720227723, 12.965648236969022], [77.61045037418653, 12.965770991026263], [77.61057616223084, 12.965916987186656], [77.61078567169606, 12.96612357604753], [77.610898011499, 12.966234292696981], [77.61115822686396, 12.966550770738133], [77.61128211028432, 12.966778997094439], [77.61129825999711, 12.966931875012742], [77.6112878311416, 12.966991786345973], [77.61127369200459, 12.967031588565812], [77.61123180149828, 12.96713969713767]]}, "properties": {"kind": "edge", "edge_id": "36913433#0", "from": "cluster_3268824710_4044110261", "to": "cluster_12462507949_13462280316_4903183637_6017833824", "type": "highway.tertiary", "priority": "10", "numLanes": null, "speed": null, "length": null, "function": null, "in_flow_component": true}}, {"type": "Feature", "geometry": {"type": "LineString", "coordinates": [[77.5992295514803, 12.976572183191715], [77.59915211252714, 12.976513511578183], [77.59911667142887, 12.976489382888586], [77.59877574956258, 12.976242991956834], [77.5982649051964, 12.975867481626308], [77.59766880764374, 12.975434640697461], [77.59758111498738, 12.975373179936064], [77.59733621491384, 12.97520054115793], [77.59717078247958, 12.975086825256538], [77.59699382239266, 12.974963015564189], [77.5968763899403, 12.974876374719809], [77.59660759276959, 12.97465564006323], [77.59591558971013, 12.974070619706048], [77.5957765775598, 12.973955012732922], [77.59563695731948, 12.973842935122326], [77.59547985911797, 12.973715492795955], [77.59542497820033, 12.97367330812234], [77.59528487333804, 12.97355888617234], [77.5950977533456, 12.973387926606115], [77.59492489028374, 12.973179332080772], [77.59488177564621, 12.973125827262592], [77.59424985795268, 12.972355720054754]]}, "properties": {"kind": "edge", "edge_id": "36913434#0", "from": "cluster_1232686162_246397923_429303163_7697830173", "to": "cluster429303166_cluster248459848_4058224805_cluster_248459849_4058224799_cluster_4058224827_cluster_10595455538_246397920_4058224836_4058224852", "type": "highway.secondary", "priority": "11", "numLanes": null, "speed": null, "length": null, "function": null, "in_flow_component": false}}, {"type": "Feature", "geometry": {"type": "LineString", "coordinates": [[77.59485906906778, 12.962488202886654], [77.59497435101682, 12.962536923061291], [77.59502600506268, 12.962561342822076], [77.59530616389462, 12.962786666417726], [77.59538915896249, 12.962857571451856], [77.59557751685448, 12.963006656836525], [77.59566418479383, 12.963085294657962], [77.595875912315, 12.963276066017611], [77.5959511117666, 12.963394659545656], [77.59609193316864, 12.963561022475387], [77.59631078774908, 12.96386157979286], [77.59652653396759, 12.964217638665456], [77.59672757733395, 12.96467475747943]]}, "properties": {"kind": "edge", "edge_id": "36965407#0", "from": "cluster_cluster_1067789502_6894860921_cluster_1067789545_13343865545_13343865547", "to": "248455447", "type": "highway.primary", "priority": "12", "numLanes": null, "speed": null, "length": null, "function": null, "in_flow_component": true}}, {"type": "Feature", "geometry": {"type": "LineString", "coordinates": [[77.59205726405077, 12.96248892922658], [77.59212345465457, 12.962422680496283], [77.59220481404428, 12.96240687311948]]}, "properties": {"kind": "edge", "edge_id": "36965409", "from": "cluster_1454651965_428435162", "to": "428435122", "type": "highway.primary", "priority": "12", "numLanes": null, "speed": null, "length": null, "function": null, "in_flow_component": false}}, {"type": "Feature", "geometry": {"type": "LineString", "coordinates": [[77.60914417456243, 12.981287677187229], [77.60952421795037, 12.981141391727133], [77.60996068582486, 12.980981891259175], [77.60998721012712, 12.980972409983737], [77.61004525670104, 12.980964509350448]]}, "properties": {"kind": "edge", "edge_id": "36967993#1", "from": "36967993#1-AddedOnRampNode", "to": "cluster_10123663917_12691279976_1837445457", "type": "highway.tertiary", "priority": "10", "numLanes": null, "speed": null, "length": null, "function": null, "in_flow_component": true}}, {"type": "Feature", "geometry": {"type": "LineString", "coordinates": [[77.60828617977972, 12.981617456608788], [77.60860519148792, 12.981510722413283], [77.60914956642209, 12.981301174426825]]}, "properties": {"kind": "edge", "edge_id": "36967993#1-AddedOnRampEdge", "from": "cluster10080463679_10080463681_1567429298", "to": "36967993#1-AddedOnRampNode", "type": "highway.tertiary", "priority": "10", "numLanes": null, "speed": null, "length": null, "function": null, "in_flow_component": false}}, {"type": "Feature", "geometry": {"type": "LineString", "coordinates": [[77.59684865571946, 12.964953523207415], [77.59689801856503, 12.965058912962286], [77.59692317179157, 12.965112687244467], [77.59702400984065, 12.965313959552008]]}, "properties": {"kind": "edge", "edge_id": "36971492", "from": "428435131", "to": "428435126", "type": "highway.primary", "priority": "12", "numLanes": null, "speed": null, "length": null, "function": null, "in_flow_component": false}}, {"type": "Feature", "geometry": {"type": "LineString", "coordinates": [[77.59229228962212, 12.98293667291636], [77.59229037249246, 12.982982767241642], [77.59230658418748, 12.98305361554424], [77.5923266047407, 12.983118643863452]]}, "properties": {"kind": "edge", "edge_id": "37110390", "from": "665045355", "to": "11675668171", "type": "highway.primary", "priority": "12", "numLanes": null, "speed": null, "length": null, "function": null, "in_flow_component": false}}, {"type": "Feature", "geometry": {"type": "LineString", "coordinates": [[77.58571677402105, 12.955521332956526], [77.58581659735073, 12.955491792939162], [77.58662796641309, 12.955307021391286], [77.58698508375244, 12.95521692413723], [77.58732896940207, 12.955130029604998], [77.58788067450533, 12.95499065746673], [77.58833461954411, 12.954848732579935], [77.58873826218624, 12.954714986294245], [77.58909150802052, 12.95459809277573], [77.58915090716714, 12.954578891352217], [77.58956008863218, 12.95443749998703], [77.58967675805934, 12.954398124327945]]}, "properties": {"kind": "edge", "edge_id": "37339420", "from": "248525401", "to": "37339420-AddedOffRampNode", "type": "highway.primary", "priority": "12", "numLanes": null, "speed": null, "length": null, "function": null, "in_flow_component": false}}, {"type": "Feature", "geometry": {"type": "LineString", "coordinates": [[77.58968643565498, 12.954425402277133], [77.58981099892178, 12.954383328089241], [77.58995433457297, 12.954339440957536], [77.5901138076322, 12.954288346431358], [77.59021846819897, 12.954254600971584]]}, "properties": {"kind": "edge", "edge_id": "37339420-AddedOffRampEdge", "from": "37339420-AddedOffRampNode", "to": "1276378401", "type": "highway.primary", "priority": "12", "numLanes": null, "speed": null, "length": null, "function": null, "in_flow_component": false}}, {"type": "Feature", "geometry": {"type": "LineString", "coordinates": [[77.59349895794762, 12.959472359273324], [77.59352619258826, 12.959522680341527], [77.59354436157344, 12.959569297297131]]}, "properties": {"kind": "edge", "edge_id": "375964866", "from": "428457182", "to": "248455438", "type": "highway.primary", "priority": "12", "numLanes": null, "speed": null, "length": null, "function": null, "in_flow_component": false}}, {"type": "Feature", "geometry": {"type": "LineString", "coordinates": [[77.59475189788775, 12.966793957279027], [77.59464336180471, 12.967040683576917]]}, "properties": {"kind": "edge", "edge_id": "375964868#1", "from": "1469034694", "to": "cluster_11425338076_458263319", "type": "highway.primary", "priority": "12", "numLanes": null, "speed": null, "length": null, "function": null, "in_flow_component": true}}, {"type": "Feature", "geometry": {"type": "LineString", "coordinates": [[77.58677006926513, 12.965985536837966], [77.58699088342351, 12.96625356028909], [77.5872585561315, 12.96656321778887], [77.58732673490624, 12.966671223576283], [77.58733310793498, 12.966690674492462]]}, "properties": {"kind": "edge", "edge_id": "37898955#0-AddedOnRampEdge", "from": "249087938", "to": "cluster12128943145_287793596_37898955#0-AddedOnRampNode", "type": "highway.primary", "priority": "12", "numLanes": null, "speed": null, "length": null, "function": null, "in_flow_component": true}}, {"type": "Feature", "geometry": {"type": "LineString", "coordinates": [[77.57864196815149, 12.968002660922021], [77.57878833066704, 12.9682514643838], [77.57891810138082, 12.968472425399385], [77.5789314147181, 12.968494969883832], [77.57927112113607, 12.969072878245651], [77.5794822983431, 12.969425115205986], [77.57964595184828, 12.969697868363209], [77.57974477786058, 12.96991940658886], [77.58010916571799, 12.97069275427654], [77.5801631312691, 12.970807227363922], [77.58033445061463, 12.971153173009364], [77.58043169507592, 12.971355212050627], [77.58056858481821, 12.971676563941786], [77.58069462840533, 12.971901987278963]]}, "properties": {"kind": "edge", "edge_id": "38540557#1", "from": "320647357", "to": "429001094", "type": "highway.tertiary", "priority": "10", "numLanes": null, "speed": null, "length": null, "function": null, "in_flow_component": false}}, {"type": "Feature", "geometry": {"type": "LineString", "coordinates": [[77.58069462840533, 12.971901987278963], [77.58090495254213, 12.972296060125155], [77.58100367988813, 12.972481008984625]]}, "properties": {"kind": "edge", "edge_id": "38540557#2", "from": "429001094", "to": "429230970", "type": "highway.tertiary", "priority": "10", "numLanes": null, "speed": null, "length": null, "function": null, "in_flow_component": false}}, {"type": "Feature", "geometry": {"type": "LineString", "coordinates": [[77.58100367988813, 12.972481008984625], [77.5810308156246, 12.972780682813942], [77.5810223599199, 12.972925407980416], [77.58102048853956, 12.972958311883508], [77.58101822930846, 12.972998266492386], [77.58101432003711, 12.973065792493127]]}, "properties": {"kind": "edge", "edge_id": "38540557#3", "from": "429230970", "to": "cluster11420343302_11888422024_12134062486", "type": "highway.tertiary", "priority": "10", "numLanes": null, "speed": null, "length": null, "function": null, "in_flow_component": false}}, {"type": "Feature", "geometry": {"type": "LineString", "coordinates": [[77.5815038327859, 12.972867597065251], [77.58158235812867, 12.972942706780941], [77.58169972272961, 12.973005415115129], [77.58203611496265, 12.973189539794028], [77.58249876169478, 12.97346754266722], [77.58260949490251, 12.973539260433085], [77.5828240101979, 12.973678608993488], [77.58303199180743, 12.973800766492412], [77.5833110572497, 12.973964227684291], [77.58340818671202, 12.974020992692761], [77.58419498176069, 12.974492269897219], [77.58429832323026, 12.974552857559882], [77.58453824753688, 12.97469936005942], [77.58458117174347, 12.974725675265903], [77.58477278945165, 12.97484203099341], [77.58492004533875, 12.974926665066373], [77.5849790073935, 12.974953814545117], [77.58519538924645, 12.975059624486583], [77.58540507941275, 12.975159718732073], [77.58589280310721, 12.975367719292667], [77.58610920166595, 12.975457266254391], [77.58646197357785, 12.975603457311093], [77.58654977302908, 12.975639805629353], [77.5866292468929, 12.975672803667031], [77.5867624725301, 12.975727943254658], [77.58682539013007, 12.975754510826873], [77.58703977771573, 12.97584552239977]]}, "properties": {"kind": "edge", "edge_id": "391160931#0", "from": "cluster1087824452_cluster_1087824504_1285102586", "to": "1482644048", "type": "highway.tertiary", "priority": "10", "numLanes": null, "speed": null, "length": null, "function": null, "in_flow_component": false}}, {"type": "Feature", "geometry": {"type": "LineString", "coordinates": [[77.58877848658287, 12.98677797200645], [77.58881270077363, 12.986914772877045], [77.58884803254189, 12.986946041118841], [77.58889227410148, 12.987001432689507], [77.58892279503772, 12.987057412693934], [77.58891671999669, 12.987102374064515], [77.58882961339191, 12.987737906784151], [77.5888211247224, 12.987843332164257], [77.58879750178701, 12.988186331683739], [77.58873711186071, 12.989061912518144], [77.58873442904007, 12.98908750652962], [77.58871448602733, 12.989323321721702], [77.58869391374012, 12.989613981830146], [77.58867061296974, 12.989943607279466], [77.58865875008117, 12.990087914096529], [77.58863958728293, 12.990301225931251], [77.58863268110159, 12.990328217190818], [77.58861681406516, 12.99037950987546], [77.58860720578582, 12.990465793551286]]}, "properties": {"kind": "edge", "edge_id": "403473928#0", "from": "cluster_1363295017_cluster_12099941385_665045371_cluster_12099941393_1307598719", "to": "11668359723", "type": "highway.tertiary", "priority": "10", "numLanes": null, "speed": null, "length": null, "function": null, "in_flow_component": true}}, {"type": "Feature", "geometry": {"type": "LineString", "coordinates": [[77.58755938136163, 12.98347675677712], [77.5875976858748, 12.983537176768468], [77.58783766652122, 12.984035020787285], [77.58786877888903, 12.984148182775975], [77.58789161434143, 12.98421824284418], [77.58791740317146, 12.98430661328769]]}, "properties": {"kind": "edge", "edge_id": "452860327#0", "from": "3632570060", "to": "cluster1726148405_665045241_cluster_12143506753_1436067879_1436067882_1436067886_#5more", "type": "highway.secondary", "priority": "11", "numLanes": null, "speed": null, "length": null, "function": null, "in_flow_component": false}}, {"type": "Feature", "geometry": {"type": "LineString", "coordinates": [[77.59706337624506, 12.984584689242936], [77.59705490439076, 12.984593898580469], [77.59667777769201, 12.985022371097676], [77.59634430934655, 12.985396923827182], [77.59619279989838, 12.98556882512992], [77.59589652921358, 12.98591490907967], [77.59584883417688, 12.985970585347463], [77.59563505656216, 12.986214299077238], [77.595492751144, 12.986385475782654], [77.59536398685131, 12.986538809885015], [77.5951892452166, 12.986753584961297], [77.5951186461729, 12.986848156879933], [77.59507686215628, 12.986905309857981]]}, "properties": {"kind": "edge", "edge_id": "45444030#0", "from": "clustercluster12484332871_1523537403_cluster_12803586900_12803624101_12827961143_9642156101_cluster_10601663791_12433045764", "to": "316662057", "type": "highway.primary", "priority": "12", "numLanes": null, "speed": null, "length": null, "function": null, "in_flow_component": true}}, {"type": "Feature", "geometry": {"type": "LineString", "coordinates": [[77.5874300148062, 12.967037986669993], [77.58739570387839, 12.967274396593723], [77.58736683060364, 12.967475427964342]]}, "properties": {"kind": "edge", "edge_id": "461556532", "from": "cluster12128943145_287793596_37898955#0-AddedOnRampNode", "to": "cluster12128943147_287793735_cluster_10044013422_665062617_665062618", "type": "highway.primary", "priority": "12", "numLanes": null, "speed": null, "length": null, "function": null, "in_flow_component": true}}, {"type": "Feature", "geometry": {"type": "LineString", "coordinates": [[77.5996987477812, 12.967524417454142], [77.59992429666444, 12.967706011806904], [77.60019380573488, 12.967907222706565], [77.60021198570314, 12.967919237321206], [77.60023674854965, 12.967935341921788], [77.60033506591385, 12.968000038660655]]}, "properties": {"kind": "edge", "edge_id": "461556535#0", "from": "2189688559", "to": "11496183647", "type": "highway.primary", "priority": "12", "numLanes": null, "speed": null, "length": null, "function": null, "in_flow_component": false}}, {"type": "Feature", "geometry": {"type": "LineString", "coordinates": [[77.60033506591385, 12.968000038660655], [77.6004396168728, 12.968044074819323], [77.60106948235054, 12.968430408948773], [77.60111602508194, 12.96845921473429], [77.6013685552329, 12.968622017383055], [77.60167166986683, 12.968839061693135], [77.60184763512052, 12.968964956439239], [77.60195780599615, 12.969053294058295], [77.60206788389844, 12.96914154220311], [77.60240230144346, 12.96941880208476]]}, "properties": {"kind": "edge", "edge_id": "461556535#3", "from": "11496183647", "to": "248455468", "type": "highway.primary", "priority": "12", "numLanes": null, "speed": null, "length": null, "function": null, "in_flow_component": true}}, {"type": "Feature", "geometry": {"type": "LineString", "coordinates": [[77.60240230144346, 12.96941880208476], [77.60244689702192, 12.9694552158568], [77.60248477997071, 12.969483927283052], [77.60292776934693, 12.969819636029031], [77.60298245850868, 12.969861098224474], [77.60298644832666, 12.969863858929205], [77.60371132678397, 12.970368215793643], [77.60408697550484, 12.970561854370361], [77.60428925601215, 12.970658031787863], [77.60465709584699, 12.970835937573773], [77.60467765035548, 12.970845940476192], [77.60480710360216, 12.970901560044798]]}, "properties": {"kind": "edge", "edge_id": "461556535#5", "from": "248455468", "to": "60952254", "type": "highway.primary", "priority": "12", "numLanes": null, "speed": null, "length": null, "function": null, "in_flow_component": true}}, {"type": "Feature", "geometry": {"type": "LineString", "coordinates": [[77.58682795102278, 12.959097677039082], [77.58679457519479, 12.959041272647971], [77.58662067610982, 12.958739534991638], [77.58655832511214, 12.958651436655632], [77.58650924821566, 12.958582088317886], [77.58629058522298, 12.95778119240861], [77.58623027400535, 12.957560538920756], [77.5861315712662, 12.957154519332512], [77.58612349020156, 12.957121262637948], [77.58611156448103, 12.957072504950103], [77.58604712622987, 12.956871406664945], [77.58581737207851, 12.955932664457956], [77.58574464525108, 12.955624590535013], [77.58573909520543, 12.955604498913079], [77.58571677402105, 12.955521332956526]]}, "properties": {"kind": "edge", "edge_id": "462585119#0", "from": "4579649701", "to": "248525401", "type": "highway.secondary", "priority": "11", "numLanes": null, "speed": null, "length": null, "function": null, "in_flow_component": false}}, {"type": "Feature", "geometry": {"type": "LineString", "coordinates": [[77.58687549218367, 12.95916993154992], [77.5868476050039, 12.959127656638222]]}, "properties": {"kind": "edge", "edge_id": "462585120", "from": "4579649700", "to": "4579649701", "type": "highway.secondary", "priority": "11", "numLanes": null, "speed": null, "length": null, "function": null, "in_flow_component": false}}, {"type": "Feature", "geometry": {"type": "LineString", "coordinates": [[77.61434876817805, 12.975276410513196], [77.61428616914063, 12.975298089629153], [77.61417480882902, 12.975334533036841], [77.61373692681771, 12.975480862654472], [77.61333676797751, 12.975605220687655], [77.61320053133272, 12.975650134895256], [77.61284737601976, 12.97576787658509], [77.61183194987537, 12.976104304769787], [77.61179798313194, 12.976115577396698], [77.61130729911534, 12.976278243720401], [77.60972949907537, 12.97680262318829], [77.608881883622, 12.97708387400065], [77.6087722921654, 12.977122285152841]]}, "properties": {"kind": "edge", "edge_id": "464465211#0", "from": "cluster_10076140416_11432437452_12632082427_7697940571", "to": "cluster_10075533187_10075533188_10075533189_10075533190", "type": "highway.primary", "priority": "12", "numLanes": null, "speed": null, "length": null, "function": null, "in_flow_component": false}}, {"type": "Feature", "geometry": {"type": "LineString", "coordinates": [[77.58427395506466, 12.978185112700352], [77.58432123060147, 12.97813323696335], [77.58433835746814, 12.978141378360874], [77.58438251961961, 12.97816262191883], [77.5844531592287, 12.978258858850793], [77.58477429150102, 12.97883730105841], [77.58486259837946, 12.978878071594604]]}, "properties": {"kind": "edge", "edge_id": "46704068", "from": "597084152", "to": "597084032", "type": "highway.primary_link", "priority": "7", "numLanes": null, "speed": null, "length": null, "function": null, "in_flow_component": false}}, {"type": "Feature", "geometry": {"type": "LineString", "coordinates": [[77.58457122177327, 12.977738206769232], [77.58446359685945, 12.977726809228363], [77.58441162043448, 12.977716032920666], [77.58437204624867, 12.977666285362536], [77.58411818418975, 12.977267861749654], [77.5840061732885, 12.977090545462834]]}, "properties": {"kind": "edge", "edge_id": "46704070", "from": "597084145", "to": "597084147", "type": "highway.primary_link", "priority": "7", "numLanes": null, "speed": null, "length": null, "function": null, "in_flow_component": false}}, {"type": "Feature", "geometry": {"type": "LineString", "coordinates": [[77.61469121183218, 12.976398629981604], [77.61471047555827, 12.976461314363936], [77.61488452749376, 12.977028628801586], [77.6150265333895, 12.977491287801314], [77.61532245962972, 12.97855145642069], [77.61546345547904, 12.978882135261108], [77.61546991750254, 12.978901042074723], [77.61546710652455, 12.978922933133614], [77.61544821241866, 12.978939655830636], [77.61540532639094, 12.978961317703117], [77.61523352755296, 12.979032428862581], [77.61466850303295, 12.979265865190785], [77.61427408790996, 12.9794290149914], [77.6142359300698, 12.979444756912258], [77.6137996912887, 12.97961672853694]]}, "properties": {"kind": "edge", "edge_id": "484510041#1", "from": "cluster_10123938477_1837783518_4772576249_4772576254", "to": "287905533", "type": "highway.secondary", "priority": "11", "numLanes": null, "speed": null, "length": null, "function": null, "in_flow_component": false}}, {"type": "Feature", "geometry": {"type": "LineString", "coordinates": [[77.59679925006888, 12.96483512442106], [77.59664596107314, 12.96485228351592], [77.5965708959776, 12.964862157249238], [77.59650051148874, 12.964870358076807], [77.59624251654853, 12.964926054212734], [77.5961376133077, 12.964963328547334], [77.59600803556911, 12.965028494089744], [77.59595145726327, 12.965080012214376], [77.59583457915122, 12.965197269478393], [77.59572230854138, 12.965332459083976], [77.59559614554946, 12.96552262569547], [77.59539746515048, 12.96582626422288], [77.59533174792801, 12.965938132491415], [77.59526648276275, 12.966049183153157]]}, "properties": {"kind": "edge", "edge_id": "498553874#0", "from": "12119649210", "to": "498553874#0-AddedOffRampNode", "type": "highway.primary", "priority": "12", "numLanes": null, "speed": null, "length": null, "function": null, "in_flow_component": true}}, {"type": "Feature", "geometry": {"type": "LineString", "coordinates": [[77.59524090824318, 12.966034712262992], [77.59503614918907, 12.96638295060524], [77.59497054003377, 12.96651415125413], [77.59481134558739, 12.966761473160743], [77.59477592911173, 12.96681061184239]]}, "properties": {"kind": "edge", "edge_id": "498553874#0-AddedOffRampEdge", "from": "498553874#0-AddedOffRampNode", "to": "1469034694", "type": "highway.primary", "priority": "12", "numLanes": null, "speed": null, "length": null, "function": null, "in_flow_component": true}}, {"type": "Feature", "geometry": {"type": "LineString", "coordinates": [[77.59590179407627, 12.981472857324745], [77.59588544662067, 12.98147771845311], [77.59576477225151, 12.981513886565489], [77.5957209916016, 12.981529501494546], [77.59563515699136, 12.981558455505908], [77.59496089000105, 12.98179646751531], [77.59495226318158, 12.981799625324228], [77.59492105887195, 12.981810958772215], [77.59478272992278, 12.981859228075752]]}, "properties": {"kind": "edge", "edge_id": "503401204#0", "from": "2014690200", "to": "cluster_2382044454_263155937", "type": "highway.primary", "priority": "12", "numLanes": null, "speed": null, "length": null, "function": null, "in_flow_component": false}}, {"type": "Feature", "geometry": {"type": "LineString", "coordinates": [[77.59715130427995, 12.982727076670022], [77.59715796118142, 12.982640732368527], [77.5971518524767, 12.982575926983904], [77.5971302828898, 12.982432858187922], [77.59710228665428, 12.982247572977181], [77.59707176108004, 12.982129167018329]]}, "properties": {"kind": "edge", "edge_id": "503401205#0", "from": "11342970531", "to": "3691984721", "type": "highway.primary", "priority": "12", "numLanes": null, "speed": null, "length": null, "function": null, "in_flow_component": false}}, {"type": "Feature", "geometry": {"type": "LineString", "coordinates": [[77.59712670969444, 12.983640421372662], [77.59713131341428, 12.983436290035483], [77.59713825805807, 12.983129415062784], [77.59714420109944, 12.98286799273644], [77.59714508799436, 12.982829226631832], [77.59715130427995, 12.982727076670022]]}, "properties": {"kind": "edge", "edge_id": "503401206#0", "from": "663596611", "to": "11342970531", "type": "highway.primary", "priority": "12", "numLanes": null, "speed": null, "length": null, "function": null, "in_flow_component": false}}, {"type": "Feature", "geometry": {"type": "LineString", "coordinates": [[77.60176077565878, 12.984592355601684], [77.60196590091886, 12.984535915235229], [77.60301549474303, 12.984246514725513], [77.60311341936264, 12.984219695718403], [77.60321726926966, 12.984186854692243], [77.60330940099045, 12.984161087423269], [77.60354712772983, 12.984077216475383], [77.60360095412884, 12.984062041637978]]}, "properties": {"kind": "edge", "edge_id": "503401208", "from": "cluster1517317434_294079186", "to": "cluster_1523537380_287905341", "type": "highway.tertiary", "priority": "10", "numLanes": null, "speed": null, "length": null, "function": null, "in_flow_component": false}}, {"type": "Feature", "geometry": {"type": "LineString", "coordinates": [[77.59704694996425, 12.982037626229747], [77.59696317478031, 12.981945590511486], [77.59691032386273, 12.981895074679445], [77.5968061311525, 12.981824021850604], [77.59654955071024, 12.981680500325155], [77.59626103289574, 12.98151317586975], [77.59620085654731, 12.981502393729132], [77.59612318158177, 12.981483203750999], [77.59603189426781, 12.981474990909271], [77.59599431281858, 12.981475456628685], [77.59590179407627, 12.981472857324745]]}, "properties": {"kind": "edge", "edge_id": "506310563", "from": "1650305476", "to": "2014690200", "type": "highway.primary_link", "priority": "7", "numLanes": null, "speed": null, "length": null, "function": null, "in_flow_component": false}}, {"type": "Feature", "geometry": {"type": "LineString", "coordinates": [[77.59629273229449, 12.98135439709468], [77.59630280830436, 12.98141094167993], [77.59631574751185, 12.9814593267666], [77.59632904627709, 12.981480243902647], [77.59634839452163, 12.981498209620579], [77.59683619003155, 12.981782253961695], [77.59693306029577, 12.981813538578894], [77.59697995088732, 12.981813521754344], [77.59704137050417, 12.98178435956232], [77.59708517519027, 12.981726734575169]]}, "properties": {"kind": "edge", "edge_id": "508711055", "from": "3641907747", "to": "663596583", "type": "highway.primary_link", "priority": "7", "numLanes": null, "speed": null, "length": null, "function": null, "in_flow_component": false}}, {"type": "Feature", "geometry": {"type": "LineString", "coordinates": [[77.58715685064841, 12.975683906753794], [77.58705198025933, 12.97547562335812], [77.58690687985458, 12.97510963826483]]}, "properties": {"kind": "edge", "edge_id": "52032727", "from": "12141911045", "to": "663311696", "type": "highway.primary", "priority": "12", "numLanes": null, "speed": null, "length": null, "function": null, "in_flow_component": false}}, {"type": "Feature", "geometry": {"type": "LineString", "coordinates": [[77.58812300973831, 12.976198918279712], [77.58801060523231, 12.976152877661168], [77.58765485786965, 12.975763783959852], [77.58750609457664, 12.975622611428738], [77.58690687985458, 12.97510963826483]]}, "properties": {"kind": "edge", "edge_id": "52032736", "from": "663311721", "to": "663311696", "type": "highway.primary_link", "priority": "7", "numLanes": null, "speed": null, "length": null, "function": null, "in_flow_component": false}}, {"type": "Feature", "geometry": {"type": "LineString", "coordinates": [[77.58875707580587, 12.967510203200998], [77.58881212740081, 12.967391033943155], [77.58885729461805, 12.967295904155966], [77.58887589577353, 12.96725072782952], [77.58891240885917, 12.96716498956991]]}, "properties": {"kind": "edge", "edge_id": "52033011#3", "from": "cluster245615180_249081348_cluster_12759084951_663313887", "to": "663313886", "type": "highway.secondary", "priority": "11", "numLanes": null, "speed": null, "length": null, "function": null, "in_flow_component": true}}, {"type": "Feature", "geometry": {"type": "LineString", "coordinates": [[77.5893042966393, 12.96634745329298], [77.5896040304984, 12.965731397237352], [77.5897230555259, 12.965509683423143], [77.58973047877943, 12.965425860843917], [77.58968426095352, 12.965232443039197], [77.58965486357316, 12.965115559700568], [77.58963275389725, 12.96501748568074], [77.58962272041315, 12.96497367844495], [77.5896126659502, 12.964918939816366], [77.58954893227028, 12.964670767223907], [77.58951142510385, 12.964517917363345], [77.58945261838532, 12.964256234447609], [77.58932231543022, 12.963699386852282], [77.58926556792291, 12.963494238563998], [77.58921991894024, 12.963329002144025]]}, "properties": {"kind": "edge", "edge_id": "52033011#4", "from": "52033011#4-AddedOnRampNode", "to": "12128921373", "type": "highway.secondary", "priority": "11", "numLanes": null, "speed": null, "length": null, "function": null, "in_flow_component": true}}, {"type": "Feature", "geometry": {"type": "LineString", "coordinates": [[77.588925737967, 12.96717118100337], [77.58893105837807, 12.967160106112752], [77.58912053848145, 12.966758720161055], [77.58924384167149, 12.966505253163243], [77.5893176257053, 12.96635364471307]]}, "properties": {"kind": "edge", "edge_id": "52033011#4-AddedOnRampEdge", "from": "663313886", "to": "52033011#4-AddedOnRampNode", "type": "highway.secondary", "priority": "11", "numLanes": null, "speed": null, "length": null, "function": null, "in_flow_component": true}}, {"type": "Feature", "geometry": {"type": "LineString", "coordinates": [[77.59707543109936, 12.98203020450908], [77.59707846511871, 12.981781368937396], [77.59711441465701, 12.98173023680946]]}, "properties": {"kind": "edge", "edge_id": "52063523#0", "from": "1650305476", "to": "663596583", "type": "highway.primary", "priority": "12", "numLanes": null, "speed": null, "length": null, "function": null, "in_flow_component": false}}, {"type": "Feature", "geometry": {"type": "LineString", "coordinates": [[77.59709984098048, 12.98172848523251], [77.597113774376, 12.981615416964583], [77.59711704486995, 12.981584396556235], [77.59712417527602, 12.981517019599353], [77.59714102493389, 12.981427501774098], [77.59715462555054, 12.981379935673388], [77.5972030202397, 12.981232102277879], [77.5972239345428, 12.981179132843115], [77.59724094026161, 12.981148968958047], [77.59724917522672, 12.981134702781379], [77.59730816078734, 12.98106635592652]]}, "properties": {"kind": "edge", "edge_id": "52063523#1", "from": "663596583", "to": "cluster_cluster_11434604018_1650305517_4960830631_4960830659_cluster_2016244606_663596568", "type": "highway.primary", "priority": "12", "numLanes": null, "speed": null, "length": null, "function": null, "in_flow_component": false}}, {"type": "Feature", "geometry": {"type": "LineString", "coordinates": [[77.5977228888284, 12.983919495094154], [77.59753669210927, 12.983962462525863], [77.59737637678253, 12.983916273434087], [77.59725270401213, 12.983814698985746], [77.59720248728375, 12.983760633587012], [77.59712670969444, 12.983640421372662]]}, "properties": {"kind": "edge", "edge_id": "52063533", "from": "249082069", "to": "663596611", "type": "highway.tertiary_link", "priority": "5", "numLanes": null, "speed": null, "length": null, "function": null, "in_flow_component": true}}, {"type": "Feature", "geometry": {"type": "LineString", "coordinates": [[77.58276522952883, 12.98442337307079], [77.5833086943358, 12.984309286835744], [77.5834074151745, 12.98427894356122], [77.58353955926884, 12.984229024661804], [77.58397104853756, 12.984066270848654], [77.58405600751648, 12.98403254078391], [77.58438143184588, 12.9839115862514], [77.58460802683904, 12.983872833622215], [77.58474032286978, 12.983864380581753], [77.58533858593752, 12.98381135999556], [77.58550948136929, 12.983811737633843], [77.58671220942664, 12.984100342385874], [77.58697355460566, 12.98417028685493], [77.58720911178872, 12.98423199546816], [77.58749429913203, 12.984300166132794], [77.58760590840564, 12.984331307502979]]}, "properties": {"kind": "edge", "edge_id": "52242930", "from": "cluster_2104325977_cluster_10842032475_11069723437_12520487312_2122621689_#3more", "to": "cluster1726148405_665045241_cluster_12143506753_1436067879_1436067882_1436067886_#5more", "type": "highway.secondary", "priority": "11", "numLanes": null, "speed": null, "length": null, "function": null, "in_flow_component": false}}, {"type": "Feature", "geometry": {"type": "LineString", "coordinates": [[77.58625531989391, 12.965843573742541], [77.58643292869105, 12.965790583271266], [77.58651819198208, 12.965724507351393], [77.58653025882437, 12.965715533688423], [77.58666955894398, 12.96561919739504]]}, "properties": {"kind": "edge", "edge_id": "52244624#0", "from": "12111889684", "to": "cluster_12128921370_12128921371", "type": "highway.secondary", "priority": "11", "numLanes": null, "speed": null, "length": null, "function": null, "in_flow_component": true}}, {"type": "Feature", "geometry": {"type": "LineString", "coordinates": [[77.59715130427995, 12.982727076670022], [77.59728420680906, 12.982670819786517], [77.59747339291596, 12.982605327362458], [77.59787498883578, 12.982466340490973], [77.59803143356646, 12.982414997504508], [77.59836715488902, 12.982302054921199], [77.59885972427941, 12.98214119753561], [77.59894858039922, 12.98211049575349], [77.59932915919696, 12.981979305902136], [77.59956057155735, 12.981899476982106], [77.59986018731539, 12.981796199175765], [77.59988873596369, 12.981786427570976], [77.60015769543253, 12.981694026268814], [77.60042977523288, 12.981600509386096], [77.60066440317004, 12.981519924686973], [77.60072930174576, 12.981497592966223], [77.60098375635904, 12.981410124235897], [77.60124408625786, 12.981320699282872], [77.6013577276157, 12.981281617851005], [77.60188061788327, 12.981095878668667], [77.60212292671143, 12.981018739297818], [77.60213578116614, 12.981014635516617], [77.60229007403072, 12.980960330501519], [77.60239388428067, 12.980923786361108], [77.60286713240595, 12.98075706277405], [77.60290605001448, 12.980743392641207]]}, "properties": {"kind": "edge", "edge_id": "52246044#0", "from": "11342970531", "to": "254665681", "type": "highway.tertiary", "priority": "10", "numLanes": null, "speed": null, "length": null, "function": null, "in_flow_component": false}}, {"type": "Feature", "geometry": {"type": "LineString", "coordinates": [[77.60871630790335, 12.977274802998606], [77.60875899046222, 12.977383689128146], [77.60905263280081, 12.978200961738192], [77.60909713022613, 12.97832482638644], [77.60964325322657, 12.979845499321144], [77.60966640093606, 12.979909681072584], [77.60987570398017, 12.980492275690775], [77.61000256200684, 12.980845776467985], [77.61001318702564, 12.980875211737022], [77.61004525670104, 12.980964509350448]]}, "properties": {"kind": "edge", "edge_id": "542070644#0", "from": "cluster_10075533187_10075533188_10075533189_10075533190", "to": "cluster_10123663917_12691279976_1837445457", "type": "highway.secondary", "priority": "11", "numLanes": null, "speed": null, "length": null, "function": null, "in_flow_component": false}}, {"type": "Feature", "geometry": {"type": "LineString", "coordinates": [[77.60590487259653, 12.978203263280983], [77.60655538946448, 12.977978112444484], [77.60662820043021, 12.977954977426743]]}, "properties": {"kind": "edge", "edge_id": "544761377", "from": "cluster_3740962448_3740962455", "to": "cluster10001402819_cluster_11432437464_11432459015", "type": "highway.primary", "priority": "12", "numLanes": null, "speed": null, "length": null, "function": null, "in_flow_component": false}}, {"type": "Feature", "geometry": {"type": "LineString", "coordinates": [[77.58809896081597, 12.976251828124825], [77.58795570623516, 12.97617122184234], [77.58784239384667, 12.976090859513624]]}, "properties": {"kind": "edge", "edge_id": "553253466#0", "from": "663311721", "to": "663311718", "type": "highway.primary", "priority": "12", "numLanes": null, "speed": null, "length": null, "function": null, "in_flow_component": false}}, {"type": "Feature", "geometry": {"type": "LineString", "coordinates": [[77.5878510248566, 12.976079209595166], [77.58763210687587, 12.975915426709124], [77.58757514563513, 12.975885818730946], [77.58754882778763, 12.975870812525171], [77.58743992708197, 12.975816154075106]]}, "properties": {"kind": "edge", "edge_id": "553253466#1", "from": "663311718", "to": "12141911042", "type": "highway.primary", "priority": "12", "numLanes": null, "speed": null, "length": null, "function": null, "in_flow_component": false}}, {"type": "Feature", "geometry": {"type": "LineString", "coordinates": [[77.6099455308673, 12.965068854487534], [77.61008779419123, 12.964869125777978], [77.61053138199482, 12.964308527810958], [77.61062644854786, 12.964185160077934], [77.6110675794554, 12.963601187566525], [77.61133253150192, 12.963250620438615], [77.61249729455288, 12.961799505902208]]}, "properties": {"kind": "edge", "edge_id": "57885669#0", "from": "cluster_3268824710_4044110261", "to": "cluster_253890170_4044110245", "type": "highway.tertiary", "priority": "10", "numLanes": null, "speed": null, "length": null, "function": null, "in_flow_component": true}}, {"type": "Feature", "geometry": {"type": "LineString", "coordinates": [[77.5970860011829, 12.982125410989171], [77.59706119006279, 12.982033870202839]]}, "properties": {"kind": "edge", "edge_id": "589685544", "from": "3691984721", "to": "1650305476", "type": "highway.primary", "priority": "12", "numLanes": null, "speed": null, "length": null, "function": null, "in_flow_component": false}}, {"type": "Feature", "geometry": {"type": "LineString", "coordinates": [[77.61071543018447, 12.97350778538983], [77.61075372895256, 12.973505594048369], [77.61082907595456, 12.973487311176818], [77.61092556387973, 12.973438099622498]]}, "properties": {"kind": "edge", "edge_id": "635340513", "from": "1232953258", "to": "1232953264", "type": "highway.primary_link", "priority": "7", "numLanes": null, "speed": null, "length": null, "function": null, "in_flow_component": false}}, {"type": "Feature", "geometry": {"type": "LineString", "coordinates": [[77.6194954183091, 12.971821797613442], [77.61948853015268, 12.97210526930098], [77.6194793222122, 12.972246385634405], [77.61947726415418, 12.972278568053413], [77.61947559379963, 12.972303790246851]]}, "properties": {"kind": "edge", "edge_id": "638541493#1", "from": "cluster_10784153212_11707402967_11707460669_2999494951", "to": "11707460711", "type": "highway.secondary", "priority": "11", "numLanes": null, "speed": null, "length": null, "function": null, "in_flow_component": true}}, {"type": "Feature", "geometry": {"type": "LineString", "coordinates": [[77.61212663006827, 12.974083459031926], [77.61126758065419, 12.974291833786658], [77.61121879006032, 12.974303797213164], [77.61116347757337, 12.974317542626133]]}, "properties": {"kind": "edge", "edge_id": "638541500#0", "from": "334473824", "to": "cluster_11854316017_11854316018_11854316019_4044263600", "type": "highway.primary", "priority": "12", "numLanes": null, "speed": null, "length": null, "function": null, "in_flow_component": true}}, {"type": "Feature", "geometry": {"type": "LineString", "coordinates": [[77.61110780651133, 12.973785172051878], [77.61102242116168, 12.973689001684312], [77.61099430450568, 12.973616468038466], [77.61095442689825, 12.973432118266313]]}, "properties": {"kind": "edge", "edge_id": "638541502#0", "from": "1232953300", "to": "1232953264", "type": "highway.primary", "priority": "12", "numLanes": null, "speed": null, "length": null, "function": null, "in_flow_component": false}}, {"type": "Feature", "geometry": {"type": "LineString", "coordinates": [[77.58690687985458, 12.97510963826483], [77.58666680931569, 12.974494887086085], [77.58664057214428, 12.974425312205943], [77.58657170621485, 12.974188754007708], [77.58655565613017, 12.974070924452576], [77.58655117159753, 12.973984690583698], [77.58663308966347, 12.973345505423408], [77.58665005982506, 12.973240537648502], [77.58666826348754, 12.973130136968482], [77.58669787436558, 12.972938042242735], [77.58673337473756, 12.972700807310437], [77.58674977911977, 12.972594580352308], [77.5867597073192, 12.972521303005832], [77.5867973448919, 12.972241314136197], [77.58680177780803, 12.97220675865776], [77.58682617285372, 12.972018058547485], [77.58690053445149, 12.971441014910855], [77.58690436742506, 12.971410801910435], [77.58691824740258, 12.971300986311274], [77.5869202936475, 12.971285065425104], [77.58692772193005, 12.971237289940815], [77.58699184991163, 12.970819805171443], [77.58705345649706, 12.970336665446721], [77.58707152346464, 12.970186334126327], [77.58709199930327, 12.970037334008122], [77.58711787620118, 12.969867230035717], [77.58713142635482, 12.969770065878585], [77.58719287283004, 12.969333816279898], [77.58724485504206, 12.968962256735333], [77.58726015249032, 12.968820264613836], [77.58730481855133, 12.968462781153763], [77.58733232534625, 12.96824541111111], [77.58733871701561, 12.968195387347555], [77.5873435160993, 12.968151703498469], [77.58734554889004, 12.968125573884596], [77.58736077802695, 12.968066066459938]]}, "properties": {"kind": "edge", "edge_id": "638928391", "from": "663311696", "to": "cluster12128943147_287793735_cluster_10044013422_665062617_665062618", "type": "highway.primary", "priority": "12", "numLanes": null, "speed": null, "length": null, "function": null, "in_flow_component": false}}, {"type": "Feature", "geometry": {"type": "LineString", "coordinates": [[77.5868122454458, 12.965494007649198], [77.58669357531562, 12.96534033777955], [77.58596999601517, 12.964538589284276], [77.58550867374144, 12.964030561023208], [77.58548438160827, 12.964006409474166], [77.58546957034207, 12.963990475382577], [77.5852420164328, 12.963845475217001]]}, "properties": {"kind": "edge", "edge_id": "638928393#0", "from": "cluster_12128921370_12128921371", "to": "cluster_12077162815_3309317524", "type": "highway.primary", "priority": "12", "numLanes": null, "speed": null, "length": null, "function": null, "in_flow_component": true}}, {"type": "Feature", "geometry": {"type": "LineString", "coordinates": [[77.58500225207486, 12.963249507948664], [77.5850735652593, 12.963429307115847], [77.5851478766523, 12.963622899107124], [77.58515686946916, 12.963646299240514], [77.5851876989947, 12.96372368890818], [77.5852420164328, 12.963845475217001]]}, "properties": {"kind": "edge", "edge_id": "688824222#0", "from": "1568922443", "to": "cluster_12077162815_3309317524", "type": "highway.primary", "priority": "12", "numLanes": null, "speed": null, "length": null, "function": null, "in_flow_component": true}}, {"type": "Feature", "geometry": {"type": "LineString", "coordinates": [[77.58473361439496, 12.963737866199027], [77.58447961738793, 12.963690428522854], [77.5842034196057, 12.963642940005716]]}, "properties": {"kind": "edge", "edge_id": "688824223#0", "from": "429230952", "to": "1739362364", "type": "highway.primary", "priority": "12", "numLanes": null, "speed": null, "length": null, "function": null, "in_flow_component": true}}, {"type": "Feature", "geometry": {"type": "LineString", "coordinates": [[77.6087722921654, 12.977122285152841], [77.60875500625366, 12.977054792074261], [77.60811909118021, 12.975278984850839], [77.60810995652143, 12.97525107028555], [77.60807817228333, 12.97515363845255]]}, "properties": {"kind": "edge", "edge_id": "705023782#0", "from": "cluster_10075533187_10075533188_10075533189_10075533190", "to": "cluster_10123752378_10123752379_11464483504_11464483505_#1more", "type": "highway.secondary", "priority": "11", "numLanes": null, "speed": null, "length": null, "function": null, "in_flow_component": false}}, {"type": "Feature", "geometry": {"type": "LineString", "coordinates": [[77.61946084507355, 12.97230285469536], [77.61944760592651, 12.972331716741671], [77.6193975708708, 12.972383083141978], [77.61934457034523, 12.972432762908689], [77.61932143274811, 12.972440042605813], [77.6191687318244, 12.972487022454594], [77.61909195777652, 12.972465661886412]]}, "properties": {"kind": "edge", "edge_id": "719664029", "from": "11707460711", "to": "334473774", "type": "highway.primary_link", "priority": "7", "numLanes": null, "speed": null, "length": null, "function": null, "in_flow_component": true}}, {"type": "Feature", "geometry": {"type": "LineString", "coordinates": [[77.6137996912887, 12.97961672853694], [77.61352354467873, 12.97972565724434], [77.61315226212815, 12.979872311411391], [77.61276758263959, 12.980024068609957], [77.61240134441445, 12.980168683623248], [77.612079314534, 12.980285931935475], [77.61160649988885, 12.980457906587976], [77.61107384803772, 12.980651621714506]]}, "properties": {"kind": "edge", "edge_id": "72099280#0", "from": "287905533", "to": "cluster1837445453_1837445458", "type": "highway.secondary", "priority": "11", "numLanes": null, "speed": null, "length": null, "function": null, "in_flow_component": false}}, {"type": "Feature", "geometry": {"type": "LineString", "coordinates": [[77.61107384803772, 12.980651621714506], [77.61067507983647, 12.980777770204677], [77.61024188026782, 12.980914924341239], [77.61021516232837, 12.980923504160758], [77.61009762592755, 12.980951064489934]]}, "properties": {"kind": "edge", "edge_id": "72099280#1", "from": "cluster1837445453_1837445458", "to": "cluster_10123663917_12691279976_1837445457", "type": "highway.secondary", "priority": "11", "numLanes": null, "speed": null, "length": null, "function": null, "in_flow_component": false}}, {"type": "Feature", "geometry": {"type": "LineString", "coordinates": [[77.59761069593064, 12.980517027171258], [77.5978379042425, 12.980023831507214], [77.59858514614773, 12.978396509636818], [77.59885128636705, 12.977829294899866], [77.59892324848492, 12.977653490518039], [77.59894306525706, 12.977610198738807], [77.59896846996563, 12.97755501614695], [77.59912108872764, 12.977233404705116], [77.59929549600162, 12.976845534587293], [77.59930629211686, 12.976820672638203], [77.59933406027434, 12.976700419367297]]}, "properties": {"kind": "edge", "edge_id": "730432812#0", "from": "cluster_cluster_11434604018_1650305517_4960830631_4960830659_cluster_2016244606_663596568", "to": "cluster_1232686162_246397923_429303163_7697830173", "type": "highway.secondary", "priority": "11", "numLanes": null, "speed": null, "length": null, "function": null, "in_flow_component": false}}, {"type": "Feature", "geometry": {"type": "LineString", "coordinates": [[77.59504837930538, 12.962418196362064], [77.59467050680898, 12.962203784313823], [77.59463751833732, 12.96218496036521]]}, "properties": {"kind": "edge", "edge_id": "736430942", "from": "cluster_cluster_1067789502_6894860921_cluster_1067789545_13343865545_13343865547", "to": "cluster_1067789550_248455441_428457189_6894860920", "type": "highway.primary", "priority": "12", "numLanes": null, "speed": null, "length": null, "function": null, "in_flow_component": true}}, {"type": "Feature", "geometry": {"type": "LineString", "coordinates": [[77.59354436157344, 12.959569297297131], [77.59438825950572, 12.961759036228026], [77.59447337188945, 12.96198097490686], [77.59450607377788, 12.962043256966378], [77.59453976919785, 12.962103631900751], [77.59463857632554, 12.96221593763683], [77.59475935024052, 12.962323507140523], [77.59481735726875, 12.962383187918503]]}, "properties": {"kind": "edge", "edge_id": "747182858", "from": "248455438", "to": "6991440387", "type": "highway.primary", "priority": "12", "numLanes": null, "speed": null, "length": null, "function": null, "in_flow_component": false}}, {"type": "Feature", "geometry": {"type": "LineString", "coordinates": [[77.57791265525913, 12.980657758319104], [77.57835615013823, 12.980640801474186], [77.57853735899394, 12.980623012906914], [77.57872399683025, 12.980595684191927], [77.57881287970469, 12.980576191411707], [77.57902422389472, 12.98050588446722], [77.57910464504877, 12.980478796281487], [77.57914769035813, 12.980525709623876]]}, "properties": {"kind": "edge", "edge_id": "747187455", "from": "428853834", "to": "2190851942", "type": "highway.primary", "priority": "12", "numLanes": null, "speed": null, "length": null, "function": null, "in_flow_component": false}}, {"type": "Feature", "geometry": {"type": "LineString", "coordinates": [[77.57691576959535, 12.981166164677708], [77.57717772622875, 12.980911596509047], [77.5773054232306, 12.980796676921887], [77.57737845592474, 12.980758821144061], [77.57744683275135, 12.98073402112658], [77.57791326488753, 12.980672207388308]]}, "properties": {"kind": "edge", "edge_id": "747187456", "from": "cluster_12139205846_428853832", "to": "428853834", "type": "highway.secondary", "priority": "11", "numLanes": null, "speed": null, "length": null, "function": null, "in_flow_component": false}}, {"type": "Feature", "geometry": {"type": "LineString", "coordinates": [[77.59629273229449, 12.98135439709468], [77.5959489829063, 12.981457208327738], [77.59590179407627, 12.981472857324745]]}, "properties": {"kind": "edge", "edge_id": "760700372", "from": "3641907747", "to": "2014690200", "type": "highway.primary", "priority": "12", "numLanes": null, "speed": null, "length": null, "function": null, "in_flow_component": false}}, {"type": "Feature", "geometry": {"type": "LineString", "coordinates": [[77.58411713003589, 12.961521431555513], [77.584617495596, 12.962421440589743], [77.58479367183453, 12.962765166898853], [77.58494228253353, 12.963115581225749], [77.58500225207486, 12.963249507948664]]}, "properties": {"kind": "edge", "edge_id": "763175324#1", "from": "cluster_12128921387_12128921388", "to": "1568922443", "type": "highway.primary", "priority": "12", "numLanes": null, "speed": null, "length": null, "function": null, "in_flow_component": true}}, {"type": "Feature", "geometry": {"type": "LineString", "coordinates": [[77.58882172138887, 12.961540902584275], [77.5886201331102, 12.961341260024934], [77.58850016709022, 12.9612224764219], [77.58840553475139, 12.961139488030684], [77.58835925711185, 12.961091523900944], [77.5883141880845, 12.96104463186801]]}, "properties": {"kind": "edge", "edge_id": "763175325#0", "from": "763175325#0-AddedOnRampNode", "to": "cluster_12466406368_12466406369", "type": "highway.secondary", "priority": "11", "numLanes": null, "speed": null, "length": null, "function": null, "in_flow_component": false}}, {"type": "Feature", "geometry": {"type": "LineString", "coordinates": [[77.58947469818285, 12.96217864885594], [77.5893290571523, 12.962026784356516], [77.5891091086844, 12.961797692197727], [77.5890087996685, 12.961691361513623], [77.58885451854209, 12.961532355076136], [77.58884260555848, 12.961520548177276]]}, "properties": {"kind": "edge", "edge_id": "763175325#0-AddedOnRampEdge", "from": "cluster1650296797_2406092355_287793996_328804269", "to": "763175325#0-AddedOnRampNode", "type": "highway.secondary", "priority": "11", "numLanes": null, "speed": null, "length": null, "function": null, "in_flow_component": false}}, {"type": "Feature", "geometry": {"type": "LineString", "coordinates": [[77.60156501904694, 12.960155904126255], [77.60168825355738, 12.960065774876039], [77.60170289468014, 12.960056413548791], [77.60178085408631, 12.960006126352443], [77.60188767539937, 12.959949859038167], [77.60191679968561, 12.959933667549441]]}, "properties": {"kind": "edge", "edge_id": "763175327#0", "from": "cluster_1067769810_1067769827_11885833150_11885833158_#2more", "to": "60952294", "type": "highway.tertiary", "priority": "10", "numLanes": null, "speed": null, "length": null, "function": null, "in_flow_component": false}}, {"type": "Feature", "geometry": {"type": "LineString", "coordinates": [[77.6010377326212, 12.965393483223023], [77.60087536917457, 12.965370623210966], [77.60080358945146, 12.965359776762838], [77.60036694764506, 12.965297015807023], [77.59970982353424, 12.965220917973728], [77.5994905613755, 12.965192030465555]]}, "properties": {"kind": "edge", "edge_id": "763175328", "from": "cluster248455467_6421171406_cluster_248455257_248455459", "to": "248455450", "type": "highway.primary", "priority": "12", "numLanes": null, "speed": null, "length": null, "function": null, "in_flow_component": false}}, {"type": "Feature", "geometry": {"type": "LineString", "coordinates": [[77.5994905613755, 12.965192030465555], [77.59931000664156, 12.96522699010233], [77.59900650211412, 12.965184669467714], [77.5989501184452, 12.965175023851211], [77.59883388854857, 12.965159380889759], [77.59779603506465, 12.965020226277527], [77.597243854481, 12.964946236228995], [77.59722568773914, 12.964944339658832], [77.59717404565909, 12.964938892443303]]}, "properties": {"kind": "edge", "edge_id": "763175329#0", "from": "248455450", "to": "428435133", "type": "highway.primary", "priority": "12", "numLanes": null, "speed": null, "length": null, "function": null, "in_flow_component": false}}, {"type": "Feature", "geometry": {"type": "LineString", "coordinates": [[77.59709240958054, 12.964928052949189], [77.59708614814345, 12.964928296128953]]}, "properties": {"kind": "edge", "edge_id": "763175329#3", "from": "428435133", "to": "13321896550", "type": "highway.primary", "priority": "12", "numLanes": null, "speed": null, "length": null, "function": null, "in_flow_component": true}}, {"type": "Feature", "geometry": {"type": "LineString", "coordinates": [[77.60871784958508, 12.966655023273423], [77.60864868794913, 12.966639093690796], [77.60858045869095, 12.966624238850835], [77.6084577326512, 12.966595204520088], [77.60792040832746, 12.96647085896742], [77.60751665372902, 12.966390706321173], [77.60739709054025, 12.966364621055057], [77.60692889832819, 12.966262166131912], [77.60686713175639, 12.966248691534192], [77.60682281486845, 12.966239017170247]]}, "properties": {"kind": "edge", "edge_id": "763175330#0", "from": "cluster_11919132703_12462507904", "to": "cluster_10043357422_10120806056_12460929706_13507201648_#3more", "type": "highway.primary", "priority": "12", "numLanes": null, "speed": null, "length": null, "function": null, "in_flow_component": true}}, {"type": "Feature", "geometry": {"type": "LineString", "coordinates": [[77.59457241180137, 12.962355726228969], [77.59461509491197, 12.962376712121458], [77.59480917069519, 12.962464307643568], [77.59485906906778, 12.962488202886654]]}, "properties": {"kind": "edge", "edge_id": "763282652", "from": "cluster_1067789550_248455441_428457189_6894860920", "to": "cluster_cluster_1067789502_6894860921_cluster_1067789545_13343865545_13343865547", "type": "highway.primary", "priority": "12", "numLanes": null, "speed": null, "length": null, "function": null, "in_flow_component": true}}, {"type": "Feature", "geometry": {"type": "LineString", "coordinates": [[77.60248897488869, 12.979386011374002], [77.60249221861638, 12.97939672970265], [77.60261418437753, 12.979803406694005], [77.60272968095717, 12.98018150963407], [77.60289461363236, 12.980706737625551], [77.60290605001448, 12.980743392641207]]}, "properties": {"kind": "edge", "edge_id": "763290544#0", "from": "cluster_10075533192_10075533193_10684915913_10684915914_#1more", "to": "254665681", "type": "highway.tertiary", "priority": "10", "numLanes": null, "speed": null, "length": null, "function": null, "in_flow_component": true}}, {"type": "Feature", "geometry": {"type": "LineString", "coordinates": [[77.60290605001448, 12.980743392641207], [77.60291934841283, 12.980781926208614], [77.60309821086513, 12.981300058005159], [77.60324835010674, 12.981740330687181], [77.60339595957417, 12.982167619151092]]}, "properties": {"kind": "edge", "edge_id": "763290544#1", "from": "254665681", "to": "cluster_1523537066_294079537", "type": "highway.tertiary", "priority": "10", "numLanes": null, "speed": null, "length": null, "function": null, "in_flow_component": false}}, {"type": "Feature", "geometry": {"type": "LineString", "coordinates": [[77.60610837888254, 12.971476927028172], [77.60618750310701, 12.97151172920964], [77.6065829254949, 12.971702003366387], [77.60678857515688, 12.971794259988526], [77.60687630619333, 12.971832860392386], [77.60689980175535, 12.971842201209801], [77.60704439235954, 12.971927119447988]]}, "properties": {"kind": "edge", "edge_id": "763290547#0", "from": "248459877", "to": "cluster_248455485_248459797", "type": "highway.primary", "priority": "12", "numLanes": null, "speed": null, "length": null, "function": null, "in_flow_component": false}}, {"type": "Feature", "geometry": {"type": "LineString", "coordinates": [[77.60601192667738, 12.96843433771866], [77.60593479999034, 12.968600076145567], [77.60575448944972, 12.968968131773584], [77.60550987475891, 12.969468370500982], [77.60538439221546, 12.969723219464612], [77.60524741685676, 12.970015585422646], [77.60523224829313, 12.970045098744668], [77.60514852560274, 12.970214426535671], [77.6050159011994, 12.970473502740791], [77.60486927154841, 12.970767681840709], [77.60485293558773, 12.970800097815811], [77.60480710360216, 12.970901560044798]]}, "properties": {"kind": "edge", "edge_id": "763290548#0", "from": "cluster_12460929618_263155275_9933265930", "to": "60952254", "type": "highway.secondary", "priority": "11", "numLanes": null, "speed": null, "length": null, "function": null, "in_flow_component": true}}, {"type": "Feature", "geometry": {"type": "LineString", "coordinates": [[77.61026126886856, 12.973471238631031], [77.61057259453116, 12.973600013424749], [77.61072895016898, 12.973664574388753], [77.61090891233768, 12.973757898134366], [77.61100771836071, 12.973851313862244], [77.6110950905708, 12.973970140207781], [77.61110745305832, 12.974104264825046], [77.61110552282263, 12.974192910063483], [77.6111041898982, 12.974215238010926], [77.61109292763913, 12.974336500204773]]}, "properties": {"kind": "edge", "edge_id": "763405053", "from": "11283487985", "to": "cluster_11854316017_11854316018_11854316019_4044263600", "type": "highway.primary", "priority": "12", "numLanes": null, "speed": null, "length": null, "function": null, "in_flow_component": false}}, {"type": "Feature", "geometry": {"type": "LineString", "coordinates": [[77.58755938136163, 12.98347675677712], [77.58755610506638, 12.983560718822977], [77.58776530835326, 12.984031133832952], [77.58776837826645, 12.984105185192975], [77.58774483283585, 12.984135594503663], [77.58770628009013, 12.984166876010766], [77.58766498396639, 12.984191228358164], [77.5876476097175, 12.984194834437607], [77.58755076662392, 12.98421070551958]]}, "properties": {"kind": "edge", "edge_id": "764327044", "from": "3632570060", "to": "cluster1726148405_665045241_cluster_12143506753_1436067879_1436067882_1436067886_#5more", "type": "highway.secondary", "priority": "11", "numLanes": null, "speed": null, "length": null, "function": null, "in_flow_component": false}}, {"type": "Feature", "geometry": {"type": "LineString", "coordinates": [[77.60876337148792, 12.966665407944813], [77.60881231352043, 12.96657972418121], [77.6099455308673, 12.965068854487534]]}, "properties": {"kind": "edge", "edge_id": "764329018#0", "from": "cluster_11919132703_12462507904", "to": "cluster_3268824710_4044110261", "type": "highway.tertiary", "priority": "10", "numLanes": null, "speed": null, "length": null, "function": null, "in_flow_component": true}}, {"type": "Feature", "geometry": {"type": "LineString", "coordinates": [[77.60596529551863, 12.958026777340947], [77.60607835856767, 12.958800605895165], [77.60611480834702, 12.959036939056416], [77.60622297411686, 12.959738361473036], [77.60645448474666, 12.96090010967493], [77.60657082496296, 12.961554742500502], [77.60657448216907, 12.96158750028387], [77.60663397387947, 12.96194881742024], [77.60668978691164, 12.962602610709917], [77.60669022201581, 12.962706319784932], [77.6066906583784, 12.962845533531922], [77.60664953058887, 12.963318979908024], [77.60664945839522, 12.96333858499934], [77.60664801806395, 12.96380178649706], [77.60668945674989, 12.96440196971316]]}, "properties": {"kind": "edge", "edge_id": "764329020", "from": "cluster_12864985109_4294218124", "to": "2890442001", "type": "highway.primary", "priority": "12", "numLanes": null, "speed": null, "length": null, "function": null, "in_flow_component": false}}, {"type": "Feature", "geometry": {"type": "LineString", "coordinates": [[77.58813807298094, 12.96437799558019], [77.58819590711641, 12.964323033339557], [77.58858825681395, 12.963959923492265], [77.58890324590622, 12.963678801984434], [77.58913931665386, 12.963418069996555], [77.58921991894024, 12.963329002144025]]}, "properties": {"kind": "edge", "edge_id": "764329022#0", "from": "3356616807", "to": "12128921373", "type": "highway.primary", "priority": "12", "numLanes": null, "speed": null, "length": null, "function": null, "in_flow_component": true}}, {"type": "Feature", "geometry": {"type": "LineString", "coordinates": [[77.58149862680256, 12.97285409709872], [77.58130058179805, 12.97292698314631]]}, "properties": {"kind": "edge", "edge_id": "764332432#0", "from": "cluster1087824452_cluster_1087824504_1285102586", "to": "cluster11420343302_11888422024_12134062486", "type": "highway.primary", "priority": "12", "numLanes": null, "speed": null, "length": null, "function": null, "in_flow_component": false}}, {"type": "Feature", "geometry": {"type": "LineString", "coordinates": [[77.60704439235954, 12.971927119447988], [77.60707497128212, 12.971847130718844], [77.60708367997522, 12.97171929893515], [77.60705306276694, 12.971539281932516], [77.60703887738595, 12.971450978677552]]}, "properties": {"kind": "edge", "edge_id": "764406991#0", "from": "cluster_248455485_248459797", "to": "cluster1232963659_5372824878", "type": "highway.secondary", "priority": "11", "numLanes": null, "speed": null, "length": null, "function": null, "in_flow_component": false}}, {"type": "Feature", "geometry": {"type": "LineString", "coordinates": [[77.60610837888254, 12.971476927028172], [77.6063563345722, 12.971500732103053], [77.60675306388251, 12.971480494489132], [77.60680548518535, 12.971472199621155], [77.60686126166406, 12.971449958346051], [77.60690901586855, 12.971409277225748], [77.60699975388043, 12.971303299240539]]}, "properties": {"kind": "edge", "edge_id": "764406992", "from": "248459877", "to": "cluster1232963659_5372824878", "type": "highway.primary_link", "priority": "7", "numLanes": null, "speed": null, "length": null, "function": null, "in_flow_component": true}}, {"type": "Feature", "geometry": {"type": "LineString", "coordinates": [[77.60000745930908, 12.976593405241603], [77.59951686513088, 12.976615295334812], [77.59949476209145, 12.976615877700265], [77.5993519786961, 12.97661631147351]]}, "properties": {"kind": "edge", "edge_id": "766406223#0", "from": "10083741121", "to": "cluster_1232686162_246397923_429303163_7697830173", "type": "highway.secondary", "priority": "11", "numLanes": null, "speed": null, "length": null, "function": null, "in_flow_component": false}}, {"type": "Feature", "geometry": {"type": "LineString", "coordinates": [[77.60166806184421, 12.975799121310816], [77.60168637869498, 12.975912770165392], [77.60176557438375, 12.97638817543254], [77.60177095443358, 12.976418296142258], [77.6017987072155, 12.976518028070977]]}, "properties": {"kind": "edge", "edge_id": "766406224#0", "from": "248459808", "to": "cluster_10016346056_12429489160_7676373070", "type": "highway.secondary", "priority": "11", "numLanes": null, "speed": null, "length": null, "function": null, "in_flow_component": false}}, {"type": "Feature", "geometry": {"type": "LineString", "coordinates": [[77.59840390486181, 12.966376713581225], [77.59844658854372, 12.966415405924062], [77.59846992993911, 12.966436584158421], [77.59848806451731, 12.966453116543482], [77.59851447362243, 12.966476974431536], [77.59855883122792, 12.966517185866323], [77.59862299639562, 12.96657535844547], [77.59866744520549, 12.966615478601046], [77.59909010477149, 12.966999190392569], [77.5994172294118, 12.967284387977594], [77.5996987477812, 12.967524417454142]]}, "properties": {"kind": "edge", "edge_id": "766406229", "from": "60952268", "to": "2189688559", "type": "highway.primary", "priority": "12", "numLanes": null, "speed": null, "length": null, "function": null, "in_flow_component": false}}, {"type": "Feature", "geometry": {"type": "LineString", "coordinates": [[77.59481735726875, 12.962383187918503], [77.59498066254072, 12.962479311338901], [77.59504288383232, 12.962518984123973], [77.5952057498804, 12.962652694627897], [77.59539240711847, 12.96280658535724], [77.5957950972266, 12.963157799496987], [77.5959707051513, 12.963312070914304], [77.59608326457271, 12.963453509968321], [77.59620222016457, 12.96361656755243]]}, "properties": {"kind": "edge", "edge_id": "766406230", "from": "6991440387", "to": "1454651936", "type": "highway.primary", "priority": "12", "numLanes": null, "speed": null, "length": null, "function": null, "in_flow_component": true}}, {"type": "Feature", "geometry": {"type": "LineString", "coordinates": [[77.61096793229707, 12.967091121221829], [77.61085559078023, 12.967068578899339]]}, "properties": {"kind": "edge", "edge_id": "766406977", "from": "cluster_12462507949_13462280316_4903183637_6017833824", "to": "1598530796", "type": "highway.primary", "priority": "12", "numLanes": null, "speed": null, "length": null, "function": null, "in_flow_component": true}}, {"type": "Feature", "geometry": {"type": "LineString", "coordinates": [[77.59717404565909, 12.964938892443303], [77.59711822627725, 12.965019132376877], [77.59709315654045, 12.965071058971615], [77.59708680831818, 12.965116203648833]]}, "properties": {"kind": "edge", "edge_id": "91890603", "from": "428435133", "to": "1067769842", "type": "highway.primary", "priority": "12", "numLanes": null, "speed": null, "length": null, "function": null, "in_flow_component": false}}, {"type": "Feature", "geometry": {"type": "LineString", "coordinates": [[77.5994905613755, 12.965192030465555], [77.59933225660401, 12.965107605189456], [77.5992637119594, 12.965097810091113], [77.59919109207509, 12.965085887444197], [77.59873069610292, 12.9650331179159], [77.598671473082, 12.965025036422077], [77.59827234361676, 12.964973099671088], [77.59745308221866, 12.964842601924442], [77.59729532697115, 12.96482881822289], [77.59723146461853, 12.964826383975351], [77.5971385225452, 12.964826769563858]]}, "properties": {"kind": "edge", "edge_id": "91892803#0", "from": "248455450", "to": "12462400265", "type": "highway.primary", "priority": "12", "numLanes": null, "speed": null, "length": null, "function": null, "in_flow_component": false}}, {"type": "Feature", "geometry": {"type": "LineString", "coordinates": [[77.59631272937361, 12.96499898351175], [77.59651577094249, 12.96497382964538], [77.59660699707429, 12.964967860105247], [77.59664310230642, 12.964967409472226], [77.59684865571946, 12.964953523207415]]}, "properties": {"kind": "edge", "edge_id": "91894181#0", "from": "12111889674", "to": "428435131", "type": "highway.primary", "priority": "12", "numLanes": null, "speed": null, "length": null, "function": null, "in_flow_component": false}}]}