edge_id,2025-07-10T08:17:00,2025-07-10T08:18:00,2025-07-10T08:19:00,2025-07-10T08:20:00,2025-07-10T08:21:00,2025-07-10T08:22:00,2025-07-10T08:23:00,2025-07-10T08:24:00,2025-07-10T08:25:00,2025-07-10T08:26:00,2025-07-10T08:27:00,2025-07-10T08:28:00,2025-07-10T08:29:00,2025-07-10T08:30:00,2025-07-10T08:31:00,2025-07-10T08:32:00,2025-07-10T08:33:00,2025-07-10T08:34:00,2025-07-10T08:35:00,2025-07-10T08:36:00,2025-07-10T08:37:00,2025-07-10T08:38:00,2025-07-10T08:39:00,2025-07-10T08:40:00,2025-07-10T08:41:00,2025-07-10T08:42:00,2025-07-10T08:43:00,2025-07-10T08:44:00,2025-07-10T08:45:00,2025-07-10T08:46:00,2025-07-10T08:47:00,2025-07-10T08:48:00,2025-07-10T08:49:00,2025-07-10T08:50:00,2025-07-10T08:51:00,2025-07-10T08:52:00,2025-07-10T08:53:00,2025-07-10T08:54:00,2025-07-10T08:55:00,2025-07-10T08:56:00,2025-07-10T08:57:00,2025-07-10T08:58:00,2025-07-10T08:59:00,2025-07-10T09:00:00,2025-07-10T09:01:00,2025-07-10T09:02:00,2025-07-10T09:03:00,2025-07-10T09:04:00,2025-07-10T09:05:00,2025-07-10T09:06:00,2025-07-10T09:07:00,2025-07-10T09:08:00,2025-07-10T09:09:00,2025-07-10T09:10:00,2025-07-10T09:11:00,2025-07-10T09:12:00,2025-07-10T09:13:00,2025-07-10T09:14:00,2025-07-10T09:15:00,2025-07-10T09:16:00,2025-07-10T09:17:00,2025-07-10T09:18:00,2025-07-10T09:19:00,2025-07-10T09:20:00,2025-07-10T09:21:00,2025-07-10T09:22:00,2025-07-10T09:23:00,2025-07-10T09:24:00,2025-07-10T09:25:00,2025-07-10T09:26:00,2025-07-10T09:27:00,2025-07-10T09:28:00,2025-07-10T09:29:00,2025-07-10T09:30:00,2025-07-10T09:31:00,2025-07-10T09:32:00,2025-07-10T09:33:00,2025-07-10T09:34:00,2025-07-10T09:35:00,2025-07-10T09:36:00,2025-07-10T09:37:00,2025-07-10T09:38:00,2025-07-10T09:39:00,2025-07-10T09:40:00,2025-07-10T09:41:00,2025-07-10T09:42:00,2025-07-10T09:43:00,2025-07-10T09:44:00,2025-07-10T09:45:00,2025-07-10T09:46:00,2025-07-10T09:47:00,2025-07-10T09:48:00,2025-07-10T09:49:00,2025-07-10T09:50:00,2025-07-10T09:51:00,2025-07-10T09:52:00,2025-07-10T09:53:00,2025-07-10T09:54:00,2025-07-10T09:55:00,2025-07-10T09:56:00,2025-07-10T09:57:00,2025-07-10T09:58:00,2025-07-10T09:59:00,2025-07-10T10:00:00,2025-07-10T10:01:00,2025-07-10T10:02:00,2025-07-10T10:03:00,2025-07-10T10:04:00,2025-07-10T10:05:00,2025-07-10T10:06:00,2025-07-10T10:07:00,2025-07-10T10:08:00,2025-07-10T10:09:00,2025-07-10T10:10:00,2025-07-10T10:11:00,2025-07-10T10:12:00,2025-07-10T10:13:00,2025-07-10T10:14:00,2025-07-10T10:15:00,2025-07-10T10:16:00,2025-07-10T10:17:00,2025-07-10T10:18:00,2025-07-10T10:19:00,2025-07-10T10:20:00,2025-07-10T10:21:00,2025-07-10T10:22:00,2025-07-10T10:23:00,2025-07-10T10:24:00,2025-07-10T10:25:00,2025-07-10T10:26:00,2025-07-10T10:27:00,2025-07-10T10:28:00,2025-07-10T10:29:00,2025-07-10T10:30:00,2025-07-10T10:31:00,2025-07-10T10:32:00,2025-07-10T10:33:00,2025-07-10T10:34:00,2025-07-10T10:35:00,2025-07-10T10:36:00,2025-07-10T10:37:00,2025-07-10T10:38:00,2025-07-10T10:39:00,2025-07-10T10:40:00,2025-07-10T10:41:00,2025-07-10T10:42:00,2025-07-10T10:43:00,2025-07-10T10:44:00,2025-07-10T10:45:00,2025-07-10T10:46:00,2025-07-10T10:47:00,2025-07-10T10:48:00,2025-07-10T10:49:00,2025-07-10T10:50:00,2025-07-10T10:51:00,2025-07-10T10:52:00,2025-07-10T10:53:00,2025-07-10T10:54:00,2025-07-10T10:55:00,2025-07-10T10:56:00,2025-07-10T10:57:00,2025-07-10T10:58:00,2025-07-10T10:59:00,2025-07-10T11:00:00,2025-07-10T11:01:00,2025-07-10T11:02:00,2025-07-10T11:03:00,2025-07-10T11:04:00,2025-07-10T11:05:00,2025-07-10T11:06:00,2025-07-10T11:07:00,2025-07-10T11:08:00,2025-07-10T11:09:00,2025-07-10T11:10:00,2025-07-10T11:11:00,2025-07-10T11:12:00,2025-07-10T11:13:00,2025-07-10T11:14:00,2025-07-10T11:15:00,2025-07-10T11:16:00,2025-07-10T11:17:00,2025-07-10T11:18:00,2025-07-10T11:19:00,2025-07-10T11:20:00,2025-07-10T11:21:00,2025-07-10T11:22:00,2025-07-10T11:23:00,2025-07-10T11:24:00,2025-07-10T11:25:00,2025-07-10T11:26:00,2025-07-10T11:27:00,2025-07-10T11:28:00,2025-07-10T11:29:00,2025-07-10T11:30:00,2025-07-10T11:31:00,2025-07-10T11:32:00,2025-07-10T11:33:00,2025-07-10T11:34:00,2025-07-10T11:35:00,2025-07-10T11:36:00,2025-07-10T11:37:00,2025-07-10T11:38:00,2025-07-10T11:39:00,2025-07-10T11:40:00,2025-07-10T11:41:00,2025-07-10T11:42:00,2025-07-10T11:43:00,2025-07-10T11:44:00,2025-07-10T11:45:00,2025-07-10T11:46:00,2025-07-10T11:47:00,2025-07-10T11:48:00,2025-07-10T11:49:00,2025-07-10T11:50:00,2025-07-10T11:51:00,2025-07-10T11:52:00,2025-07-10T11:53:00,2025-07-10T11:54:00,2025-07-10T11:55:00,2025-07-10T11:56:00,2025-07-10T11:57:00,2025-07-10T11:58:00,2025-07-10T11:59:00,2025-07-10T12:00:00,2025-07-10T12:01:00,2025-07-10T12:02:00,2025-07-10T12:03:00,2025-07-10T12:04:00,2025-07-10T12:05:00,2025-07-10T12:06:00,2025-07-10T12:07:00,2025-07-10T12:08:00,2025-07-10T12:09:00,2025-07-10T12:10:00,2025-07-10T12:11:00,2025-07-10T12:12:00,2025-07-10T12:13:00,2025-07-10T12:14:00,2025-07-10T12:15:00,2025-07-10T12:16:00
-1316590794,63,63,47,73,64,53,47,50,76,60,70,64,72,88,59,59,78,58,73,96,86,71,52,79,79,69,70,63,72,82,59,74,70,71,91,72,82,61,40,85,68,79,75,46,83,85,72,84,72,92,92,53,88,66,68,74,54,85,52,76,68,59,88,88,94,66,77,95,51,52,80,81,87,62,71,93,75,71,78,82,75,52,68,83,70,110,44,65,72,52,62,52,70,83,81,60,91,75,72,64,66,96,72,86,100,52,76,54,92,97,98,122,84,75,90,84,74,76,47,99,92,84,92,63,114,72,68,102,80,86,76,67,82,86,120,67,60,88,71,72,64,68,73,57,56,67,75,95,68,81,95,74,75,75,70,79,90,93,74,53,87,95,118,112,81,86,84,69,105,96,90,106,70,115,84,85,78,74,113,85,98,85,79,118,103,102,100,114,86,79,105,104,85,73,92,83,100,104,66,79,83,110,99,95,80,76,73,85,86,88,56,48,106,78,74,63,54,99,75,71,83,70,47,86,128,111,96,99,70,78,87,78,84,81,92,98,75,88,74,84
-1379232589#1,26,28,14,19,28,20,12,27,11,17,30,29,14,26,18,15,24,36,19,16,20,34,18,21,26,26,14,16,21,32,24,9,23,30,28,10,13,23,32,20,10,30,30,27,14,26,30,35,12,13,25,29,32,16,19,24,34,17,27,32,36,35,21,22,22,37,19,16,26,31,25,15,27,31,19,14,23,34,32,16,21,24,33,32,20,20,36,30,28,28,18,27,27,35,24,16,26,32,31,30,17,17,24,29,22,23,25,20,28,18,18,21,22,29,19,16,24,28,16,19,24,34,19,27,28,30,26,10,25,23,18,35,20,20,23,30,18,16,21,27,28,24,11,30,28,26,30,18,10,24,29,28,25,14,12,14,21,30,29,14,16,20,19,30,22,18,29,29,31,36,21,20,23,15,27,12,16,22,26,24,13,10,14,12,20,24,26,13,18,21,23,27,21,16,27,28,30,29,20,13,25,23,25,24,12,9,16,12,21,16,15,22,24,8,8,16,17,26,19,9,30,24,14,10,10,21,24,30,22,11,31,30,16,6,15,18,22,20,16,30
-143364227,23,21,6,16,20,16,6,20,18,16,9,21,25,18,8,21,27,15,18,26,24,15,9,15,28,28,10,21,25,19,12,18,30,19,7,24,29,18,8,21,20,26,7,10,24,24,28,12,30,22,23,15,24,21,14,18,22,35,10,21,22,18,18,24,28,20,25,20,15,19,18,28,21,15,25,30,18,18,8,32,24,16,16,28,20,24,10,23,26,15,4,12,21,26,26,14,8,22,24,22,16,20,7,18,37,23,20,2,20,22,34,27,5,8,23,25,19,19,7,10,25,21,20,8,25,19,19,14,19,19,16,19,20,26,15,13,22,18,18,14,7,23,17,10,18,10,22,26,20,14,14,15,20,22,17,10,19,18,11,10,21,19,24,24,10,13,16,24,19,13,12,24,24,17,21,13,15,29,29,18,16,13,11,25,22,27,22,26,6,5,27,19,20,13,18,18,23,30,17,7,21,26,28,13,9,27,14,16,17,10,13,27,25,20,14,4,5,20,21,18,19,14,8,23,27,24,15,13,12,26,21,17,14,12,28,23,18,22,16,5
-1466165198,34,53,40,40,29,27,39,36,38,30,43,27,33,32,35,35,25,25,16,29,44,26,20,16,34,34,30,25,42,34,18,33,37,23,16,38,31,21,35,27,34,33,20,33,33,31,26,30,28,23,23,36,30,37,41,31,33,40,29,32,19,29,22,31,22,40,28,32,28,26,25,35,30,30,31,20,39,31,29,25,40,30,26,26,30,33,30,20,27,32,19,25,34,29,29,16,34,27,32,31,19,38,28,35,26,26,39,31,38,47,27,31,32,30,34,30,31,30,35,22,38,32,38,21,39,23,41,20,26,29,30,40,24,30,25,31,29,28,26,24,34,27,14,19,32,31,26,37,34,20,26,38,30,39,29,38,32,38,38,20,33,33,44,39,39,26,25,40,25,33,21,24,41,33,24,22,21,37,34,23,36,34,37,43,42,29,24,27,29,24,40,41,31,55,29,38,34,41,55,24,18,42,32,24,41,35,35,32,55,44,40,40,50,41,55,55,46,34,48,41,36,64,63,56,52,44,36,41,33,34,31,43,44,49,26,25,42,35,29,23
-172920274,14,12,10,12,9,10,15,11,17,14,9,15,11,17,15,10,16,16,15,15,19,22,18,16,20,14,21,13,13,23,14,16,14,14,19,13,15,15,13,20,13,17,15,14,18,13,14,18,16,19,12,11,18,14,21,15,13,21,16,17,18,9,21,17,13,25,15,22,19,16,25,17,18,19,12,24,18,21,16,12,28,15,12,26,17,19,25,15,24,18,11,19,12,19,23,18,24,16,19,20,14,20,16,28,20,14,29,11,20,21,14,15,21,13,24,26,19,16,10,21,13,16,17,16,21,19,32,15,14,15,16,15,18,14,24,24,15,25,12,12,14,17,18,15,25,14,14,20,20,15,19,11,21,17,11,32,13,13,17,13,16,10,17,17,16,16,13,11,18,14,16,12,11,15,14,16,17,11,21,17,12,20,13,10,15,13,15,13,16,14,8,21,8,7,14,13,21,14,12,16,8,21,15,10,16,11,13,14,12,16,13,16,14,11,9,12,10,19,15,19,11,11,14,14,24,15,16,19,14,11,15,13,17,9,13,14,14,16,17,10
-172920275,29,33,26,27,28,20,34,26,39,34,27,39,29,37,36,29,34,40,34,37,40,46,41,30,46,32,40,31,30,55,32,37,32,30,44,28,38,42,33,46,34,43,40,35,37,31,33,48,44,50,39,32,54,37,53,50,31,50,44,37,43,27,60,47,33,61,42,52,54,41,58,48,52,48,37,58,49,47,46,33,62,41,36,64,48,50,57,36,62,48,29,44,36,55,58,43,59,36,47,44,34,54,43,56,54,39,67,33,49,52,31,39,49,35,62,61,42,40,26,54,36,42,45,40,52,52,76,46,33,35,41,35,43,35,61,64,38,61,34,29,36,40,40,46,51,29,34,52,50,37,48,31,48,43,32,71,34,33,45,31,42,34,46,50,40,37,35,31,47,38,41,32,25,40,38,43,45,30,53,49,33,51,35,32,37,35,42,35,36,39,26,48,21,24,41,37,52,40,28,40,28,53,43,31,35,27,29,37,29,37,35,33,36,29,19,28,26,47,36,40,33,30,33,42,56,39,37,37,28,26,39,34,37,25,37,38,38,36,41,28
-172955372,28,19,28,29,26,38,30,25,31,29,24,23,36,19,30,28,18,35,36,17,27,27,20,37,34,24,38,32,23,22,34,25,24,28,20,32,26,20,26,40,27,26,30,20,39,28,23,20,38,22,40,22,22,27,40,27,29,26,29,26,32,16,22,26,21,34,48,38,30,26,28,38,33,30,31,28,30,34,42,29,27,33,28,46,41,36,22,28,26,46,33,25,22,38,28,26,38,30,31,22,41,42,29,28,34,35,28,36,33,33,26,33,36,33,25,30,21,30,40,40,30,32,28,29,27,39,37,19,28,23,37,37,26,32,34,28,29,31,40,27,25,19,24,36,36,28,24,24,28,31,22,44,41,41,35,30,28,28,35,37,36,40,28,22,24,26,32,22,35,28,22,37,34,31,16,16,22,30,35,21,26,36,42,37,36,36,33,27,36,30,37,36,27,40,38,39,37,31,31,20,27,40,34,26,37,32,35,36,34,28,30,32,43,36,32,38,39,44,36,34,26,45,45,43,35,26,34,30,40,38,33,32,37,54,28,15,30,36,31,22
-28126584,81,103,75,56,97,79,98,72,82,64,95,78,77,108,62,102,59,83,83,64,101,60,95,84,104,94,65,119,73,68,83,73,99,92,79,95,94,90,104,69,90,82,94,110,80,105,102,86,67,102,88,100,99,92,123,104,80,86,95,90,112,104,83,124,85,77,126,90,111,89,79,114,101,86,108,83,72,130,94,88,108,80,122,98,94,106,71,99,112,78,131,83,105,96,104,94,103,92,115,89,82,115,73,83,85,131,93,88,97,94,86,104,88,84,88,82,83,75,120,77,112,104,72,86,103,74,91,97,63,116,64,68,65,98,78,116,89,77,96,114,74,85,55,87,77,69,94,85,74,72,91,67,67,57,57,104,81,72,108,95,58,105,72,75,74,85,57,101,79,59,58,54,88,99,68,75,46,81,85,64,70,110,68,75,82,85,62,57,54,89,80,52,72,93,59,36,76,91,68,50,91,70,97,71,78,70,77,94,60,89,70,81,55,31,64,89,54,89,66,64,99,66,72,68,55,84,65,88,71,69,75,86,75,65,41,79,88,90,81,64
-28449770#0,0,0,0,0,0,0,0,0,0,0,0,0,0,0,0,0,0,0,0,0,0,0,0,0,0,0,0,0,0,0,0,0,0,0,0,0,0,0,0,0,0,0,0,0,0,0,0,0,0,0,0,0,0,0,0,0,0,0,0,0,0,0,0,0,0,0,0,0,0,0,0,0,0,0,0,0,0,0,0,0,0,0,0,0,0,0,0,0,0,0,0,0,0,0,0,0,0,0,0,0,0,0,0,0,0,0,0,0,0,0,0,0,0,0,0,0,0,0,0,0,0,0,0,0,0,0,0,0,0,0,0,0,0,0,0,0,0,0,0,0,0,0,0,0,0,0,0,0,0,0,0,0,0,0,0,0,0,0,0,0,0,0,0,0,0,0,0,0,0,0,0,0,0,0,0,0,0,0,0,0,0,0,0,0,0,0,0,0,0,0,0,0,0,0,0,0,0,0,0,0,0,0,0,0,0,0,0,0,0,0,0,0,0,0,0,0,0,0,0,0,0,0,0,0,0,0,0,0,0,0,0,0,0,0,0,0,0,0,0,0
-28449770#1,6,12,15,9,20,14,15,25,16,13,18,16,27,10,15,27,12,31,45,23,28,17,25,40,24,29,35,18,29,40,19,23,28,16,25,30,16,20,27,9,16,21,9,15,22,7,12,21,20,17,20,12,18,16,11,19,6,11,16,12,12,12,20,21,8,23,6,7,23,13,16,8,11,22,24,10,18,13,28,15,20,24,21,19,22,17,23,7,12,15,27,9,21,37,14,23,16,26,32,13,20,22,13,25,26,20,38,16,25,26,14,20,30,18,23,33,17,29,21,22,28,17,27,27,18,28,18,22,38,27,22,32,27,31,12,16,20,11,25,25,12,8,10,16,18,14,22,14,19,20,22,32,12,22,12,23,25,16,24,17,14,27,13,20,18,18,21,11,18,13,21,17,14,14,9,19,23,17,20,24,32,11,13,26,28,11,10,17,24,8,10,9,16,30,21,22,32,10,19,17,16,17,22,10,10,20,12,15,21,22,25,27,9,19,21,18,16,17,15,19,13,21,23,17,25,22,23,25,17,18,18,12,13,17,16,19,19,15,20,21
-36897656#1,20,10,22,13,25,12,23,11,24,9,25,9,25,11,18,17,22,18,17,18,21,15,31,10,33,8,30,8,27,15,29,18,31,16,26,17,25,15,30,3,20,18,27,24,21,15,44,37,16,26,28,18,35,30,15,27,39,30,11,23,24,49,15,39,20,27,21,39,25,28,15,38,26,17,21,24,40,14,38,26,26,22,23,23,13,31,16,29,22,17,39,34,28,16,42,21,11,43,29,27,14,42,38,18,8,12,34,24,43,31,11,31,31,14,6,29,47,25,2,3,35,29,12,43,40,28,20,29,36,11,41,40,24,10,11,37,30,9,36,20,28,10,29,40,41,27,18,34,19,36,17,16,25,27,20,12,32,13,15,23,31,19,12,6,34,26,13,32,36,13,23,30,9,30,32,30,25,10,30,14,27,36,22,4,26,36,20,6,32,32,14,10,29,19,36,23,12,14,32,32,16,22,15,25,30,7,22,21,7,37,19,14,13,33,8,27,31,6,28,22,24,9,17,13,30,7,24,25,30,8,20,29,22,12,14,33,16,13,7,31
-46728021,17,20,24,18,23,15,22,18,18,20,14,28,20,24,11,14,22,21,20,32,20,18,31,24,22,23,24,20,21,32,26,20,23,34,27,25,27,18,28,28,26,28,20,28,25,24,30,26,24,40,22,26,16,26,16,17,32,35,36,38,22,31,27,32,27,28,28,26,26,32,27,28,29,26,26,23,24,22,30,36,22,28,37,23,36,25,22,30,18,29,32,30,16,29,28,36,40,38,26,30,31,30,36,36,23,28,34,32,32,33,34,24,29,31,28,24,19,29,28,27,44,39,45,41,43,46,42,45,36,54,54,52,41,44,32,30,34,27,30,45,37,30,15,22,20,29,34,36,32,42,47,38,29,19,27,41,42,37,33,36,42,38,45,52,37,28,26,29,46,54,39,28,36,23,28,38,30,24,31,43,28,34,40,32,35,41,50,34,26,44,38,46,31,28,32,41,37,42,30,33,46,34,37,34,47,43,44,31,33,35,18,26,38,44,22,50,28,38,33,28,22,26,27,45,19,44,39,32,31,24,36,37,36,38,27,34,50,50,59,32
-763175327#1,0,0,0,0,0,0,0,0,0,0,0,0,0,0,0,0,0,0,0,0,0,0,0,0,0,0,0,0,0,0,0,0,0,0,0,0,0,0,0,0,0,0,0,0,0,0,0,0,0,0,0,0,0,0,0,0,0,0,0,0,0,0,0,0,0,0,0,0,0,0,0,0,0,0,0,0,0,0,0,0,0,0,0,0,0,0,0,0,0,0,0,0,0,0,0,0,0,0,0,0,0,0,0,0,0,0,0,0,0,0,0,0,0,0,0,0,0,0,0,0,0,0,0,0,0,0,0,0,0,0,0,0,0,0,0,0,0,0,0,0,0,0,0,0,0,0,0,0,0,0,0,0,0,0,0,0,0,0,0,0,0,0,0,0,0,0,0,0,0,0,0,0,0,0,0,0,0,0,0,0,0,0,0,0,0,0,0,0,0,0,0,0,0,0,0,0,0,0,0,0,0,0,0,0,0,0,0,0,0,0,0,0,0,0,0,0,0,0,0,0,0,0,0,0,0,0,0,0,0,0,0,0,0,0,0,0,0,0,0,0
1015024215,26,16,23,24,30,34,21,21,28,21,25,23,29,19,27,40,25,30,32,18,24,33,20,39,30,19,34,34,20,26,38,25,20,33,20,30,30,25,37,39,26,44,29,20,42,33,26,40,45,24,34,26,28,47,44,27,35,22,29,43,34,20,23,32,27,40,60,34,25,30,31,43,30,26,33,29,34,43,52,32,21,33,45,52,43,27,28,27,28,52,37,35,32,29,41,41,40,22,27,33,47,46,25,35,39,30,32,37,30,26,20,35,49,36,26,26,28,40,47,47,33,33,35,30,34,39,38,20,26,33,33,32,22,26,35,29,28,34,37,27,26,28,24,28,46,24,21,36,35,38,27,32,42,41,32,28,24,34,30,36,34,31,26,18,25,27,35,34,35,28,35,36,38,26,23,24,29,37,27,22,30,36,35,31,37,34,20,30,38,34,38,30,22,32,46,44,28,27,23,28,34,45,31,36,42,40,36,33,30,44,38,42,49,30,32,26,39,34,29,35,27,38,34,26,36,34,35,30,46,31,38,40,40,38,33,34,27,20,35,34
1015024216#0,28,19,29,28,23,45,26,21,33,26,20,25,38,15,33,36,17,39,48,19,35,33,18,51,35,18,39,36,13,28,45,21,18,34,19,41,25,18,35,47,19,41,38,16,48,34,13,31,52,22,49,22,20,40,46,31,35,22,36,41,40,20,23,35,26,50,75,37,30,31,32,51,36,31,35,27,36,49,55,39,20,38,46,59,51,26,27,36,24,56,35,31,26,39,39,39,51,28,34,28,56,58,26,34,41,38,34,45,37,34,24,40,54,41,26,28,24,36,57,49,31,26,32,32,33,51,40,24,25,35,43,42,28,29,45,29,32,46,48,25,28,23,27,46,50,28,20,27,38,38,29,49,58,51,38,29,28,35,34,49,37,38,26,13,23,29,34,25,42,28,31,44,39,28,16,21,25,38,32,17,28,31,39,30,44,36,29,28,46,35,42,35,24,36,56,48,37,26,21,22,36,48,36,31,40,43,32,31,30,25,32,39,53,31,29,25,41,43,34,36,27,36,29,27,24,31,37,30,50,32,34,37,35,46,29,19,29,30,30,24
1015024219,23,25,30,27,23,35,21,22,32,20,22,23,34,20,32,36,19,34,27,20,21,26,24,38,27,22,25,28,19,30,31,27,20,34,16,34,33,23,31,30,26,42,39,18,49,34,21,31,35,25,33,26,19,34,30,22,30,25,35,34,27,19,21,30,29,42,44,22,28,22,26,36,23,24,22,22,30,37,38,33,14,36,43,48,34,25,26,26,23,40,30,26,27,25,24,29,34,22,34,30,34,32,27,26,38,33,37,30,29,18,20,28,39,30,23,22,25,29,40,29,20,25,22,30,27,33,24,22,23,33,35,32,22,17,26,21,23,32,32,22,20,21,22,27,38,24,25,25,34,29,29,26,40,40,33,28,23,27,22,32,28,25,21,18,18,27,26,29,34,23,31,31,35,22,23,19,26,32,26,15,32,21,30,33,33,21,25,26,28,30,36,22,23,25,35,33,24,20,21,27,42,44,37,33,42,41,38,31,25,24,32,28,41,23,32,21,31,31,26,30,25,39,28,29,14,28,27,26,38,25,33,38,27,30,31,26,29,21,30,28
1054230460,0,0,0,0,0,0,0,0,0,0,0,0,0,0,0,0,0,0,0,0,0,0,0,0,0,0,0,0,0,0,0,0,0,0,0,0,0,0,0,0,0,0,0,0,0,0,0,0,0,0,0,0,0,0,0,0,0,0,0,0,0,0,0,0,0,0,0,0,0,0,0,0,0,0,0,0,0,0,0,0,0,0,0,0,0,0,0,0,0,0,0,0,0,0,0,0,0,0,0,0,0,0,0,0,0,0,0,0,0,0,0,0,0,0,0,0,0,0,0,0,0,0,0,0,0,0,0,0,0,0,0,0,0,0,0,0,0,0,0,0,0,0,0,0,0,0,0,0,0,0,0,0,0,0,0,0,0,0,0,0,0,0,0,0,0,0,0,0,0,0,0,0,0,0,0,0,0,0,0,0,0,0,0,0,0,0,0,0,0,0,0,0,0,0,0,0,0,0,0,0,0,0,0,0,0,0,0,0,0,0,0,0,0,0,0,0,0,0,0,0,0,0,0,0,0,0,0,0,0,0,0,0,0,0,0,0,0,0,0,0
1054230460-AddedOnRampEdge,3,2,1,2,5,3,1,7,3,1,2,4,1,3,2,3,6,2,2,3,2,1,4,1,2,5,1,2,5,1,2,4,2,0,0,0,0,0,0,0,0,0,0,0,0,0,0,0,1,4,5,2,5,3,2,2,5,2,4,3,5,7,1,2,4,5,4,4,4,3,4,3,3,7,5,3,2,3,2,2,4,2,5,2,5,4,1,4,4,2,6,6,3,7,4,2,6,4,5,3,3,4,4,5,4,5,5,4,6,3,5,6,5,6,6,2,4,2,6,3,5,4,5,4,5,3,5,4,4,4,5,5,6,3,7,6,5,3,6,3,4,7,4,4,7,2,5,4,3,6,5,2,5,6,2,3,5,3,6,1,4,4,8,7,5,7,5,7,3,3,6,11,6,5,6,9,4,3,4,5,4,2,5,7,1,3,3,7,7,5,4,3,4,4,3,4,4,4,6,9,6,3,2,5,3,2,6,8,5,4,1,3,3,5,2,3,9,5,2,8,3,6,3,2,4,10,2,2,7,2,3,4,6,6,5,5,5,3,5,8
1056563196#0,134,115,101,193,93,98,110,63,149,133,79,152,115,161,98,91,168,92,49,116,84,112,214,60,120,104,104,148,56,97,134,128,87,150,116,83,82,78,72,193,108,81,120,195,89,108,173,76,91,216,109,99,185,106,69,156,96,84,70,201,134,91,108,186,113,90,124,187,95,84,163,162,111,77,160,178,84,76,225,126,142,100,77,64,90,253,70,82,79,218,96,74,76,85,197,122,81,150,148,76,73,141,255,134,77,68,174,165,106,61,81,173,230,86,81,154,169,85,68,159,108,74,76,126,192,94,127,158,93,64,109,146,164,75,72,175,123,128,138,95,92,109,69,212,104,51,48,121,163,74,74,215,137,54,71,65,76,242,122,74,113,126,56,160,104,75,62,139,121,72,101,75,103,106,67,61,90,154,69,59,54,166,94,63,59,60,189,96,72,68,58,57,63,178,223,141,81,153,94,79,67,78,133,177,77,51,71,138,129,96,66,58,176,66,70,136,168,56,54,59,179,129,88,64,193,98,91,140,49,44,95,121,93,53,121,120,93,92,72,79
1066870622,0,0,0,0,0,0,0,0,0,0,0,0,0,0,0,0,0,0,0,0,0,0,0,0,0,0,0,0,0,0,0,0,0,0,0,0,0,0,0,0,0,0,0,0,0,0,0,0,0,0,0,0,0,0,0,0,0,0,0,0,0,0,0,0,0,0,0,0,0,0,0,0,0,0,0,0,0,0,0,0,0,0,0,0,0,0,0,0,0,0,0,0,0,0,0,0,0,0,0,0,0,0,0,0,0,0,0,0,0,0,0,0,0,0,0,0,0,0,0,0,0,0,0,0,0,0,0,0,0,0,0,0,0,0,0,0,0,0,0,0,0,0,0,0,0,0,0,0,0,0,0,0,0,0,0,0,0,0,0,0,0,0,0,0,0,0,0,0,0,0,0,0,0,0,0,0,0,0,0,0,0,0,0,0,0,0,0,0,0,0,0,0,0,0,0,0,0,0,0,0,0,0,0,0,0,0,0,0,0,0,0,0,0,0,0,0,0,0,0,0,0,0,0,0,0,0,0,0,0,0,0,0,0,0,0,0,0,0,0,0
1066870623#0,40,31,59,37,38,49,41,45,32,65,31,41,32,50,49,55,30,34,40,43,25,68,29,53,37,60,42,50,52,49,54,48,70,27,61,58,40,60,42,59,22,80,32,48,59,46,53,34,70,34,72,46,66,49,59,61,39,80,58,65,62,51,75,45,56,77,58,54,76,78,56,82,64,40,80,44,66,63,62,21,81,80,33,68,75,86,47,38,61,95,71,47,67,50,77,81,70,78,58,82,61,57,69,64,82,62,69,64,56,64,57,82,59,51,57,53,45,68,42,86,56,82,72,44,53,70,61,67,71,78,49,55,74,73,79,32,24,65,63,69,83,60,72,56,76,72,65,76,54,59,66,46,38,40,46,38,64,22,55,73,64,53,73,60,79,70,57,24,49,70,44,24,65,73,42,27,14,72,72,68,74,55,51,70,48,63,27,56,74,74,61,40,70,81,63,48,72,49,54,37,32,68,73,72,58,54,58,59,62,54,70,39,43,41,25,76,44,71,43,54,68,51,58,61,75,52,40,75,46,56,47,60,67,40,70,50,57,62,37,68
107215088#0,47,56,68,36,54,62,37,52,61,28,54,70,67,64,66,61,52,52,35,63,60,38,60,72,50,57,72,46,56,82,40,64,68,58,60,66,60,75,68,39,69,58,51,58,82,43,67,68,71,63,72,71,66,60,56,76,75,63,67,68,44,77,80,62,63,75,68,70,85,71,66,71,62,80,67,66,67,59,62,75,73,76,65,74,58,62,92,60,73,84,65,77,74,56,70,80,66,64,85,74,67,69,68,65,74,67,70,80,67,50,71,72,61,68,88,72,74,88,76,66,69,48,77,64,66,63,68,60,75,70,80,84,80,68,74,83,66,70,92,76,68,34,72,61,72,82,52,79,61,70,73,61,74,77,52,64,59,62,55,74,64,56,74,65,60,60,65,56,68,74,66,66,58,76,64,66,61,63,71,82,90,67,62,68,80,60,58,68,54,54,61,52,60,62,54,66,64,79,67,55,64,56,61,32,35,72,75,88,60,72,59,49,57,68,58,66,54,74,68,78,60,70,66,67,69,51,76,69,72,58,62,67,54,64,68,46,68,69,44,76
1086212781,0,0,0,0,0,0,0,0,0,0,0,0,0,0,0,0,0,0,0,0,0,0,0,0,0,0,0,0,0,0,0,0,0,0,0,0,0,0,0,0,0,0,0,0,0,0,0,0,0,0,0,0,0,0,0,0,0,0,0,0,0,0,0,0,0,0,0,0,0,0,0,0,0,0,0,0,0,0,0,0,0,0,0,0,0,0,0,0,0,0,0,0,0,0,0,0,0,0,0,0,0,0,0,0,0,0,0,0,0,0,0,0,0,0,0,0,0,0,0,0,0,0,0,0,0,0,0,0,0,0,0,0,0,0,0,0,0,0,0,0,0,0,0,0,0,0,0,0,0,0,0,0,0,0,0,0,0,0,0,0,0,0,0,0,0,0,0,0,0,0,0,0,0,0,0,0,0,0,0,0,0,0,0,0,0,0,0,0,0,0,0,0,0,0,0,0,0,0,0,0,0,0,0,0,0,0,0,0,0,0,0,0,0,0,0,0,0,0,0,0,0,0,0,0,0,0,0,0,0,0,0,0,0,0,0,0,0,0,0,0
1096797091#0,49,50,53,84,44,69,61,55,48,50,25,31,19,46,74,58,29,63,81,62,46,75,16,10,66,28,11,44,46,22,12,41,64,20,12,20,31,11,14,50,70,26,13,85,62,50,60,93,64,64,49,39,16,30,42,10,71,26,66,82,38,80,85,46,73,103,38,78,42,10,54,64,19,85,88,37,92,80,24,109,101,66,18,7,8,74,32,19,62,81,30,77,98,80,40,84,74,10,28,74,20,17,32,87,50,19,72,80,74,58,36,73,21,22,62,14,18,68,90,34,58,74,80,50,111,36,23,21,76,30,14,17,47,86,80,54,111,27,30,94,95,104,14,8,8,37,53,12,57,55,82,75,75,62,72,80,20,92,94,11,34,37,7,45,64,76,61,24,84,65,18,24,82,67,40,8,8,7,40,76,77,34,23,98,83,33,53,38,66,64,17,14,57,72,45,27,34,116,61,54,23,35,46,61,24,17,61,29,42,39,93,70,21,33,24,54,69,19,6,24,46,11,11,70,72,30,70,93,47,39,53,28,45,60,16,10,15,38,80,54
1096873562,179,197,140,172,185,170,203,140,171,125,182,171,154,204,131,224,124,178,162,144,226,120,231,162,197,201,155,236,170,162,243,162,215,185,200,248,207,258,232,174,214,198,202,227,178,275,214,171,175,243,178,204,214,211,265,212,152,185,199,226,239,195,237,238,166,193,238,174,250,194,205,245,183,168,202,183,183,224,185,217,222,178,254,194,218,226,192,243,212,181,244,206,223,188,242,193,234,234,186,175,206,215,158,200,206,257,191,189,201,181,203,220,180,179,160,164,210,172,204,168,202,214,152,216,192,162,206,189,185,236,133,142,156,176,154,235,186,151,228,209,139,179,114,199,145,166,186,131,164,177,187,143,131,183,177,167,161,149,215,199,142,218,143,167,154,188,178,157,150,134,171,177,175,174,136,163,138,163,160,174,185,195,144,176,180,140,115,157,158,161,152,124,166,195,119,88,154,176,142,151,180,162,190,110,172,152,168,192,127,186,157,176,138,106,137,173,136,193,141,157,206,129,153,138,130,194,121,171,143,166,181,142,168,130,140,171,160,194,161,156
1101271052#0,90,65,74,77,78,72,99,96,78,104,66,86,77,66,74,85,85,80,92,101,78,63,91,87,85,74,83,91,97,92,85,106,77,83,87,105,107,83,84,97,120,86,85,74,96,101,120,94,101,84,116,115,85,90,86,87,111,118,90,99,105,84,123,113,78,94,99,112,131,118,81,94,90,93,126,120,81,87,93,109,138,122,85,96,95,98,128,105,86,83,91,101,123,114,87,93,93,111,126,94,67,100,118,89,120,95,87,84,100,109,114,83,89,93,114,104,125,93,70,90,120,100,116,89,84,90,113,91,111,92,64,92,116,93,99,92,72,77,107,90,109,107,89,73,84,91,102,110,105,116,99,66,81,85,93,112,123,99,83,85,69,96,93,96,108,101,82,96,112,90,89,81,89,103,101,74,92,80,111,109,104,84,87,80,85,86,121,101,91,103,92,95,103,85,88,92,85,111,111,87,80,85,95,100,100,76,78,91,88,93,96,72,96,94,90,78,98,80,99,88,70,69,83,88,89,97,64,89,82,91,74,97,93,98,100,77,93,97,78,80
1102326203,103,106,122,102,64,68,126,93,64,90,106,117,74,30,85,98,33,74,108,89,46,62,56,34,100,82,36,50,91,37,35,54,129,72,10,0,0,0,0,0,0,0,0,0,0,0,0,0,0,58,80,34,22,44,112,29,102,88,65,117,62,95,118,56,62,125,56,79,102,46,71,134,52,102,106,48,97,124,44,48,152,110,58,44,31,116,112,59,98,134,50,49,152,52,36,29,150,78,83,124,64,39,34,134,98,45,49,134,89,61,39,108,72,38,119,58,34,132,108,35,48,123,70,64,110,91,58,32,133,114,60,42,58,126,135,72,113,52,48,51,98,134,68,38,54,55,116,54,30,24,93,96,104,90,71,122,56,57,108,74,48,128,48,26,60,135,84,54,102,108,46,57,80,139,112,51,36,31,45,97,76,36,46,102,104,46,48,54,123,102,67,26,98,90,42,32,27,110,118,62,50,38,68,114,78,47,104,78,38,37,120,92,66,26,41,28,102,82,59,52,100,54,38,103,94,54,74,133,89,77,64,52,54,96,65,53,34,48,106,64
1109914957,11,2,2,8,8,2,4,12,1,8,8,4,2,7,2,7,12,8,2,8,10,3,2,8,14,3,2,5,12,9,3,1,1,0,0,0,0,0,0,0,0,0,0,0,0,0,0,2,1,2,15,15,3,4,4,14,7,2,10,17,14,3,3,11,15,9,2,3,14,14,4,4,13,6,1,5,12,13,2,3,8,15,15,5,2,7,17,12,4,2,2,13,10,8,3,2,12,17,16,2,8,8,17,13,6,8,12,13,7,9,10,14,14,2,8,12,10,10,4,12,8,6,3,12,12,8,5,2,10,11,10,10,6,2,12,10,7,3,12,15,4,4,2,15,12,10,3,4,1,9,15,11,6,6,6,10,15,5,2,1,5,12,13,7,0,2,7,12,13,5,3,6,14,5,3,2,6,13,8,2,1,1,3,2,11,12,3,2,7,14,8,2,3,3,12,12,13,3,1,2,8,13,10,5,2,1,11,12,4,2,6,12,2,3,2,11,12,7,3,2,8,1,3,2,4,13,11,6,2,4,14,6,2,1,10,12,2,3,2,12
1109914958,11,2,2,8,8,2,4,12,1,8,8,4,2,7,2,7,12,8,2,8,10,3,2,8,14,3,2,5,12,9,3,1,1,0,0,0,0,0,0,0,0,0,0,0,0,0,0,2,1,2,15,15,3,4,4,14,7,2,10,17,14,3,3,11,15,9,2,3,14,14,4,4,13,6,1,5,12,13,2,3,8,15,15,5,2,7,17,12,4,2,2,13,10,8,3,2,12,17,16,2,8,8,17,13,6,8,12,13,7,9,10,14,14,2,8,12,10,10,4,12,8,6,3,12,12,8,5,2,10,11,10,10,6,2,12,10,7,3,12,15,4,4,2,15,12,10,3,4,1,9,15,11,6,6,6,10,15,5,2,1,5,12,13,7,0,2,7,12,13,5,3,6,14,5,3,2,6,13,8,2,1,1,3,2,11,12,3,2,7,14,8,2,3,3,12,12,13,3,1,2,8,13,10,5,2,1,11,12,4,2,6,12,2,3,2,11,12,7,3,2,8,1,3,2,4,13,11,6,2,4,14,6,2,1,10,12,2,3,2,12
1109915137#0,33,24,41,41,30,26,23,31,22,27,20,26,28,26,24,35,26,28,36,29,27,29,22,28,27,21,25,20,36,33,22,25,21,28,26,30,26,26,26,30,31,27,24,30,24,23,26,22,28,21,27,21,21,28,28,29,22,38,30,28,25,24,34,39,44,30,34,40,36,31,33,25,35,23,36,30,34,23,42,31,40,30,19,31,29,32,31,32,40,32,21,30,32,36,36,36,31,25,16,20,27,26,37,44,28,24,18,12,23,34,44,31,33,28,17,34,48,47,26,24,46,45,33,30,51,44,14,24,35,17,23,40,26,15,10,27,40,35,30,16,43,16,12,25,20,29,40,27,18,38,38,12,30,26,17,38,37,27,19,35,25,27,24,18,28,27,27,21,24,16,35,17,8,24,13,32,21,36,22,27,20,34,26,18,22,21,29,16,13,24,22,8,16,25,30,35,18,11,18,30,14,34,26,24,17,30,27,25,18,16,27,17,27,13,24,13,31,13,10,7,25,18,30,21,32,18,32,16,27,17,12,26,23,29,19,34,26,32,17,29
1112419802,73,62,57,61,70,50,82,84,58,76,58,64,58,61,52,67,74,61,60,85,61,50,74,68,62,65,64,66,80,71,62,94,57,58,68,81,80,64,62,74,94,67,65,62,73,77,106,72,67,69,96,86,74,66,56,76,86,90,75,72,76,70,96,88,69,69,73,97,104,90,70,72,60,80,100,98,74,68,64,100,108,102,75,70,66,85,98,82,74,62,59,88,90,85,74,65,73,102,101,70,55,70,85,78,95,78,68,65,90,86,86,63,71,69,84,91,94,65,58,64,93,93,86,69,74,67,75,80,88,63,54,66,84,81,78,68,64,55,77,81,85,72,69,54,62,82,76,89,98,90,76,60,64,60,82,83,88,88,60,54,50,80,66,80,86,67,75,74,83,75,66,62,83,80,75,68,66,68,90,75,89,71,64,64,70,65,90,91,70,79,81,76,77,75,72,70,78,83,80,74,60,60,82,73,70,72,55,57,76,71,71,58,72,64,81,63,69,68,75,66,54,45,55,77,72,74,54,66,62,59,50,70,82,75,72,66,74,77,64,59
1112419802-AddedOnRampEdge,0,0,0,0,0,0,0,0,0,0,0,0,0,0,0,0,0,0,0,0,0,0,0,0,0,0,0,0,0,0,0,0,0,0,0,0,0,0,0,0,0,0,0,0,0,0,0,0,0,0,0,0,0,0,0,0,0,0,0,0,0,0,0,0,0,0,0,0,0,0,0,0,0,0,0,0,0,0,0,0,0,0,0,0,0,0,0,0,0,0,0,0,0,0,0,0,0,0,0,0,0,0,0,0,0,0,0,0,0,0,0,0,0,0,0,0,0,0,0,0,0,0,0,0,0,0,0,0,0,0,0,0,0,0,0,0,0,0,0,0,0,0,0,0,0,0,0,0,0,0,0,0,0,0,0,0,0,0,0,0,0,0,0,0,0,0,0,0,0,0,0,0,0,0,0,0,0,0,0,0,0,0,0,0,0,0,0,0,0,0,0,0,0,0,0,0,0,0,0,0,0,0,0,0,0,0,0,0,0,0,0,0,0,0,0,0,0,0,0,0,0,0,0,0,0,0,0,0,0,0,0,0,0,0,0,0,0,0,0,0
111867007,13,12,13,9,12,12,18,10,16,22,12,16,14,17,11,18,13,16,16,16,14,9,18,18,18,17,16,13,19,23,18,21,14,14,20,14,14,22,26,22,24,22,28,20,18,22,24,24,26,38,53,45,56,60,57,56,49,48,60,45,46,33,36,32,41,25,34,35,32,29,28,30,36,31,41,36,38,36,31,40,24,32,25,23,22,26,22,21,34,30,32,15,28,26,39,26,28,29,27,25,20,31,31,21,27,29,28,29,34,36,27,36,29,34,25,22,30,27,23,36,24,31,35,17,35,18,18,20,22,27,19,26,17,20,33,37,35,27,36,54,34,30,30,33,32,37,30,43,23,28,28,26,36,37,35,30,27,30,29,25,26,28,33,32,39,28,27,35,31,50,33,35,34,40,43,31,36,29,42,38,37,28,37,42,48,35,38,38,40,38,29,37,49,40,37,35,36,40,38,45,32,37,41,38,39,38,32,27,50,36,31,30,35,32,42,37,39,35,31,38,28,30,27,38,26,29,28,42,34,42,36,39,33,39,41,34,41,38,44,38
111867007-AddedOffRampEdge,82,50,87,62,96,58,89,46,80,76,83,66,74,70,48,87,50,104,55,102,64,102,62,114,64,103,78,97,87,103,77,91,70,82,88,103,83,80,122,86,72,94,136,93,56,142,138,94,96,162,81,138,168,135,120,118,144,130,70,116,152,105,97,148,128,77,170,135,112,70,144,134,141,92,66,148,102,126,117,104,138,116,65,92,148,90,102,100,70,130,142,119,113,128,136,61,108,184,166,102,132,131,142,82,46,116,132,136,150,120,109,88,126,156,84,132,162,171,96,61,98,91,154,110,166,109,46,88,131,76,138,148,83,48,134,143,116,90,184,158,83,142,141,146,136,134,103,88,114,120,67,103,130,120,138,107,95,118,102,115,166,100,73,111,145,139,52,140,138,128,56,128,122,105,156,151,94,138,118,104,142,154,72,91,182,144,112,64,118,131,62,98,145,119,126,126,96,66,124,162,86,50,118,112,110,101,76,71,172,112,55,79,128,104,76,118,127,91,72,60,148,110,91,76,111,121,62,108,124,124,64,118,116,132,102,106,78,112,96,98
1125542419,0,0,0,0,0,0,0,0,0,0,0,0,0,0,0,0,0,0,0,0,0,0,0,0,0,0,0,0,0,0,0,0,0,0,0,0,0,0,0,0,0,0,0,0,0,0,0,0,0,0,0,0,0,0,0,0,0,0,0,0,0,0,0,0,0,0,0,0,0,0,0,0,0,0,0,0,0,0,0,0,0,0,0,0,0,0,0,0,0,0,0,0,0,0,0,0,0,0,0,0,0,0,0,0,0,0,0,0,0,0,0,0,0,0,0,0,0,0,0,0,0,0,0,0,0,0,0,0,0,0,0,0,0,0,0,0,0,0,0,0,0,0,0,0,0,0,0,0,0,0,0,0,0,0,0,0,0,0,0,0,0,0,0,0,0,0,0,0,0,0,0,0,0,0,0,0,0,0,0,0,0,0,0,0,0,0,0,0,0,0,0,0,0,0,0,0,0,0,0,0,0,0,0,0,0,0,0,0,0,0,0,0,0,0,0,0,0,0,0,0,0,0,0,0,0,0,0,0,0,0,0,0,0,0,0,0,0,0,0,0
1125542419-AddedOffRampEdge,56,52,68,66,54,32,68,38,40,40,76,62,36,19,44,58,16,23,84,78,26,39,34,24,63,70,19,32,72,25,19,38,100,71,32,34,64,22,17,34,102,100,25,52,96,29,20,92,61,38,54,24,12,25,75,16,74,67,39,86,33,64,74,32,39,97,30,44,62,26,42,96,40,54,80,24,58,102,36,33,114,88,30,20,16,76,96,38,38,109,30,18,102,38,26,14,104,50,42,82,54,20,18,93,80,24,34,87,67,34,24,74,56,18,74,39,20,82,84,18,18,66,68,38,88,66,36,17,97,90,38,30,39,86,110,53,76,31,34,26,52,99,48,24,31,33,90,36,19,13,60,73,62,96,50,98,32,44,82,48,30,96,28,12,33,102,65,33,62,87,26,30,42,88,86,42,22,22,28,70,64,28,22,73,104,48,36,41,90,82,50,26,66,77,32,22,14,78,92,53,31,22,44,90,80,42,70,66,34,33,82,92,64,36,48,26,92,96,67,46,94,64,38,82,90,56,62,100,80,78,48,42,44,80,75,48,37,42,90,68
113287088#0,25,19,37,29,37,29,31,23,33,28,28,29,19,28,30,23,33,26,29,27,28,41,27,41,21,33,33,32,24,35,22,39,24,32,31,34,29,31,38,31,36,32,22,29,45,21,37,34,39,37,41,42,36,33,35,34,45,33,47,31,32,40,40,37,38,38,40,39,41,45,29,37,26,47,37,45,30,36,44,38,44,36,50,31,41,45,51,27,27,38,55,39,32,36,50,56,31,44,39,38,54,50,31,46,40,42,47,30,22,39,34,46,53,35,43,38,35,45,46,41,32,41,40,61,51,52,45,43,38,41,55,50,51,61,24,60,72,44,40,39,73,68,27,63,81,43,31,28,77,33,31,42,88,74,63,43,35,60,57,39,28,74,74,42,13,19,73,56,26,66,76,76,66,33,43,73,72,70,71,62,31,77,50,39,49,27,45,86,76,56,41,50,81,71,42,55,73,41,77,54,38,25,73,67,54,50,44,50,52,56,50,55,42,61,57,42,41,41,64,56,38,36,57,54,35,46,47,46,46,40,59,52,50,49,61,54,53,44,48,55
1148194090#0,0,0,0,0,0,0,0,0,0,0,0,0,0,0,0,0,0,0,0,0,0,0,0,0,0,0,0,0,0,0,0,0,0,0,0,0,0,0,0,0,0,0,0,0,0,0,0,0,0,0,0,0,0,0,0,0,0,0,0,0,0,0,0,0,0,0,0,0,0,0,0,0,0,0,0,0,0,0,0,0,0,0,0,0,0,0,0,0,0,0,0,0,0,0,0,0,0,0,0,0,0,0,0,0,0,0,0,0,0,0,0,0,0,0,0,0,0,0,0,0,0,0,0,0,0,0,0,0,0,0,0,0,0,0,0,0,0,0,0,0,0,0,0,0,0,0,0,0,0,0,0,0,0,0,0,0,0,0,0,0,0,0,0,0,0,0,0,0,0,0,0,0,0,0,0,0,0,0,0,0,0,0,0,0,0,0,0,0,0,0,0,0,0,0,0,0,0,0,0,0,0,0,0,0,0,0,0,0,0,0,0,0,0,0,0,0,0,0,0,0,0,0,0,0,0,0,0,0,0,0,0,0,0,0,0,0,0,0,0,0
1148395508#0,47,56,68,36,54,62,37,52,61,28,54,70,67,64,66,61,52,52,35,63,60,38,60,72,50,57,72,46,56,82,40,64,68,58,60,66,60,75,68,39,69,58,51,58,82,43,67,68,71,63,72,71,66,60,56,76,75,63,67,68,44,77,80,62,63,75,68,70,85,71,66,71,62,80,67,66,67,59,62,75,73,76,65,74,58,62,92,60,73,84,65,77,74,56,70,80,66,64,85,74,67,69,68,65,74,67,70,80,67,50,71,72,61,68,88,72,74,88,76,66,69,48,77,64,66,63,68,60,75,70,80,84,80,68,74,83,66,70,92,76,68,34,72,61,72,82,52,79,61,70,73,61,74,77,52,64,59,62,55,74,64,56,74,65,60,60,65,56,68,74,66,66,58,76,64,66,61,63,71,82,90,67,62,68,80,60,58,68,54,54,61,52,60,62,54,66,64,79,67,55,64,56,61,32,35,72,75,88,60,72,59,49,57,68,58,66,54,74,68,78,60,70,66,67,69,51,76,69,72,58,62,67,54,64,68,46,68,69,44,76
1148515025#0,157,188,154,166,117,215,148,176,179,185,170,131,138,178,173,152,152,152,186,169,126,177,211,192,161,236,185,195,193,165,210,139,240,155,135,218,214,130,120,100,98,82,92,138,189,125,146,146,113,136,119,104,174,219,241,198,192,177,253,170,200,190,264,204,228,219,140,191,252,155,126,255,193,159,283,142,226,240,198,167,207,200,254,182,149,352,310,172,232,122,188,276,233,181,204,339,379,232,225,234,274,161,116,205,200,245,273,210,224,222,186,166,271,238,177,340,115,207,299,236,160,162,101,229,144,172,187,204,297,253,200,212,177,291,130,195,352,229,140,134,311,142,244,211,238,256,212,196,194,156,286,106,276,216,234,276,275,188,282,164,178,309,262,148,226,315,291,182,256,260,211,139,235,234,159,283,188,148,142,232,220,198,297,190,206,273,244,244,135,249,221,241,200,191,216,182,237,145,168,166,187,313,170,208,287,249,218,206,166,220,276,166,199,257,158,165,262,284,200,275,87,263,189,184,100,212,242,182,243,290,238,264,299,168,219,211,232,189,192,272
1151692614,71,62,53,78,39,40,45,47,66,41,31,58,40,58,39,35,64,26,20,47,23,47,75,24,34,49,46,52,19,40,62,55,46,69,32,39,48,45,31,67,30,44,64,68,38,51,62,32,47,81,44,56,72,51,58,61,54,60,65,76,70,49,78,69,53,42,69,68,64,52,84,72,53,51,68,56,31,49,93,58,70,75,47,35,46,89,52,56,57,87,41,39,44,44,86,48,47,61,61,58,47,62,110,60,54,50,79,77,64,40,48,91,74,53,66,93,74,50,60,82,52,48,48,70,67,38,57,62,50,37,55,58,55,57,45,85,48,56,52,39,44,62,40,86,46,49,39,60,54,48,41,84,56,43,56,43,46,95,52,51,63,44,33,76,57,39,67,64,53,27,50,38,51,57,35,52,58,59,42,38,36,69,56,26,38,38,79,54,47,50,40,46,37,69,88,55,45,71,58,50,45,44,62,74,32,46,42,60,55,63,62,47,84,46,40,70,73,33,49,38,86,59,62,43,69,52,53,63,35,49,54,52,36,34,64,51,57,54,59,47
115837334#0,76,90,62,85,108,75,48,99,106,50,84,107,109,76,84,74,89,63,92,122,74,84,50,102,96,101,93,70,57,84,66,113,100,73,106,85,119,114,65,98,111,88,80,55,103,131,87,126,92,116,119,94,103,92,55,106,133,92,56,110,109,117,121,128,145,83,112,86,91,93,113,173,99,98,107,130,116,62,117,128,157,88,115,108,112,141,73,137,123,95,105,68,114,107,114,113,94,107,144,100,106,110,51,118,120,142,62,62,115,115,105,131,74,91,134,77,114,124,34,99,99,148,80,98,121,140,86,74,126,109,111,126,116,81,110,69,116,119,108,114,132,74,95,110,104,98,125,134,94,110,57,91,110,116,111,122,110,124,120,118,121,141,94,117,58,70,104,94,117,52,84,98,92,121,92,77,74,104,86,105,105,128,59,102,126,111,107,69,44,79,93,101,123,66,80,77,92,105,103,69,103,100,90,82,109,97,96,100,48,45,81,99,64,98,108,105,79,108,99,88,83,87,136,94,77,68,78,56,100,77,90,99,52,70,106,62,76,82,61,60
1158621923#0,34,32,20,24,25,13,31,19,29,32,30,31,26,24,24,34,20,36,18,25,22,40,40,30,33,22,29,18,38,20,35,27,30,30,33,35,21,40,24,41,48,45,38,33,40,38,40,34,55,32,42,31,39,38,34,33,29,42,28,40,32,42,51,45,47,48,44,40,50,32,42,40,40,27,42,36,36,48,38,56,30,42,37,43,49,48,35,30,30,38,48,37,53,36,57,48,54,45,38,56,45,42,41,36,48,34,36,33,51,28,49,41,42,43,44,44,43,40,36,50,41,47,27,48,28,42,40,39,34,32,40,30,51,28,33,28,40,47,42,48,47,52,33,54,36,40,39,48,53,34,40,24,45,26,44,40,38,40,44,31,35,45,36,50,34,32,57,37,60,38,35,37,38,47,43,40,42,50,37,36,36,34,43,36,46,35,37,40,49,36,46,27,49,27,38,36,34,48,50,36,34,38,35,26,38,27,30,36,36,37,52,51,38,45,36,44,36,41,30,37,36,34,43,64,49,53,40,48,33,45,32,36,35,30,47,41,42,39,46,35
1158656974#1,53,72,69,68,65,46,65,51,70,68,65,74,57,83,59,59,66,69,76,92,75,65,73,75,77,68,79,63,67,92,72,74,64,81,95,67,78,70,73,86,73,84,88,62,73,68,74,99,80,109,88,77,84,72,71,75,67,97,82,95,74,72,96,92,91,88,80,96,79,70,89,84,100,77,78,94,84,83,102,92,80,75,95,91,94,106,64,75,76,79,82,73,63,93,86,92,113,90,79,82,76,101,93,101,92,64,89,84,108,107,86,96,86,91,95,83,74,80,71,113,102,101,109,90,118,110,105,120,95,117,112,94,106,105,122,95,78,97,86,98,88,84,66,74,64,76,82,107,82,101,120,94,86,71,75,114,106,107,95,78,108,100,120,126,102,82,80,76,118,123,103,89,75,96,88,107,82,61,101,113,94,99,93,100,89,93,117,96,93,105,89,107,75,76,95,105,108,119,83,101,104,104,99,102,111,83,94,93,91,107,64,59,108,96,74,106,79,115,84,82,79,82,73,101,106,114,114,104,78,68,99,85,106,89,82,103,105,112,114,102
1158656976,40,56,58,53,56,44,62,53,47,61,40,71,62,78,44,44,61,54,48,84,66,50,78,74,58,63,66,64,65,78,60,62,69,75,73,60,62,50,67,63,57,66,49,65,60,59,74,61,51,85,52,57,42,61,45,43,61,66,77,79,54,74,62,81,60,63,71,67,66,72,68,63,78,66,69,53,64,59,67,83,61,63,72,61,81,69,67,72,55,57,79,68,45,64,75,83,84,76,66,74,78,62,92,86,59,73,81,84,69,77,85,79,66,78,75,67,49,69,80,61,76,79,97,97,93,100,92,91,80,105,114,106,91,107,84,76,75,74,70,96,72,84,41,61,63,73,82,85,84,95,101,82,75,46,66,79,82,87,74,77,96,90,94,106,91,74,52,64,93,103,90,62,79,51,69,77,66,56,69,93,68,75,87,86,83,71,94,96,60,73,86,87,61,73,64,95,76,87,70,71,84,80,84,71,93,83,88,70,83,70,54,79,86,99,64,111,64,87,87,68,57,76,65,100,56,93,87,78,75,65,84,88,75,81,62,65,92,99,128,86
1166322819#0,73,62,57,61,70,50,82,84,58,76,58,64,58,61,52,67,74,61,60,85,61,50,74,68,62,65,64,66,80,71,62,94,57,58,68,81,80,64,62,74,94,67,65,62,73,77,106,72,67,69,96,86,74,66,56,76,86,90,75,72,76,70,96,88,69,69,73,97,104,90,70,72,60,80,100,98,74,68,64,100,108,102,75,70,66,85,98,82,74,62,59,88,90,85,74,65,73,102,101,70,55,70,85,78,95,78,68,65,90,86,86,63,71,69,84,91,94,65,58,64,93,93,86,69,74,67,75,80,88,63,54,66,84,81,78,68,64,55,77,81,85,72,69,54,62,82,76,89,98,90,76,60,64,60,82,83,88,88,60,54,50,80,66,80,86,67,75,74,83,75,66,62,83,80,75,68,66,68,90,75,89,71,64,64,70,65,90,91,70,79,81,76,77,75,72,70,78,83,80,74,60,60,82,73,70,72,55,57,76,71,71,58,72,64,81,63,69,68,75,66,54,45,55,77,72,74,54,66,62,59,50,70,82,75,72,66,74,77,64,59
1166571294,83,43,111,68,79,160,70,100,106,119,85,155,79,45,131,87,56,149,142,97,112,88,77,129,96,90,107,106,116,156,96,62,118,127,120,152,112,131,157,112,151,150,94,98,156,105,104,172,166,115,152,117,81,144,145,102,182,135,94,160,191,97,178,151,76,159,138,106,161,163,70,156,166,96,180,106,64,155,156,75,200,119,78,162,176,70,148,141,90,184,191,95,198,156,100,198,166,80,170,108,84,184,164,102,163,130,190,125,77,132,172,137,115,156,146,84,187,126,93,132,176,89,174,123,91,189,198,79,116,154,74,150,180,97,178,151,77,137,209,70,159,177,113,156,148,79,161,150,66,151,144,77,170,178,64,153,212,82,152,182,116,146,153,84,129,219,74,144,160,100,168,147,61,132,183,67,170,101,146,178,102,103,133,130,93,142,152,96,148,120,70,150,156,82,147,158,79,163,161,93,147,129,88,178,142,68,150,181,58,145,147,82,158,158,56,100,150,89,155,86,88,152,150,65,151,155,67,142,121,174,143,150,94,153,153,78,119,106,108,162
1167355003,0,0,0,0,0,0,0,0,0,0,0,0,0,0,0,0,0,0,0,0,0,0,0,0,0,0,0,0,0,0,0,0,0,0,0,0,0,0,0,0,0,0,0,0,0,0,0,0,0,0,0,0,0,0,0,0,0,0,0,0,0,0,0,0,0,0,0,0,0,0,0,0,0,0,0,0,0,0,0,0,0,0,0,0,0,0,0,0,0,0,0,0,0,0,0,0,0,0,0,0,0,0,0,0,0,0,0,0,0,0,0,0,0,0,0,0,0,0,0,0,0,0,0,0,0,0,0,0,0,0,0,0,0,0,0,0,0,0,0,0,0,0,0,0,0,0,0,0,0,0,0,0,0,0,0,0,0,0,0,0,0,0,0,0,0,0,0,0,0,0,0,0,0,0,0,0,0,0,0,0,0,0,0,0,0,0,0,0,0,0,0,0,0,0,0,0,0,0,0,0,0,0,0,0,0,0,0,0,0,0,0,0,0,0,0,0,0,0,0,0,0,0,0,0,0,0,0,0,0,0,0,0,0,0,0,0,0,0,0,0
1195630059#0,74,64,42,59,87,44,35,84,87,46,63,105,88,70,56,71,64,58,74,98,63,64,44,70,101,64,53,65,22,71,49,84,102,44,71,83,81,95,59,70,97,73,53,59,71,106,61,91,100,93,95,68,89,88,69,83,98,100,66,82,89,73,113,89,126,80,96,80,74,92,105,126,103,70,81,138,100,68,82,79,128,71,75,120,82,107,75,94,116,65,70,65,74,110,114,71,89,83,118,91,61,104,56,91,79,108,80,47,79,100,93,97,67,60,114,89,80,96,35,80,60,128,86,65,85,120,107,69,74,67,91,105,98,42,88,91,88,116,84,67,91,75,65,89,97,62,106,126,87,91,69,56,106,111,75,109,113,101,91,101,96,122,91,100,60,48,92,90,101,54,63,89,74,99,86,61,74,70,101,97,78,104,59,70,94,106,92,65,44,68,70,75,102,52,61,58,111,96,76,63,79,116,78,48,85,92,62,95,44,27,52,93,68,70,77,77,57,78,93,74,60,48,98,96,79,83,55,26,76,75,66,75,50,61,87,75,58,53,55,46
1196514128#0,0,0,0,0,0,0,0,0,0,0,0,0,0,0,0,0,0,0,0,0,0,0,0,0,0,0,0,0,0,0,0,0,0,0,0,0,0,0,0,0,0,0,0,0,0,0,0,0,0,0,0,0,0,0,0,0,0,0,0,0,0,0,0,0,0,0,0,0,0,0,0,0,0,0,0,0,0,0,0,0,0,0,0,0,0,0,0,0,0,0,0,0,0,0,0,0,0,0,0,0,0,0,0,0,0,0,0,0,0,0,0,0,0,0,0,0,0,0,0,0,0,0,0,0,0,0,0,0,0,0,0,0,0,0,0,0,0,0,0,0,0,0,0,0,0,0,0,0,0,0,0,0,0,0,0,0,0,0,0,0,0,0,0,0,0,0,0,0,0,0,0,0,0,0,0,0,0,0,0,0,0,0,0,0,0,0,0,0,0,0,0,0,0,0,0,0,0,0,0,0,0,0,0,0,0,0,0,0,0,0,0,0,0,0,0,0,0,0,0,0,0,0,0,0,0,0,0,0,0,0,0,0,0,0,0,0,0,0,0,0
1201585648,51,73,60,64,61,41,62,47,74,68,69,71,56,79,70,64,62,72,75,81,77,72,64,65,82,63,74,60,63,92,63,74,59,62,94,56,73,79,66,84,68,82,92,55,68,62,63,103,84,100,94,72,105,70,86,92,54,90,75,77,77,59,107,91,84,96,80,100,87,63,95,86,105,81,77,105,90,88,103,77,91,74,81,106,88,111,75,65,97,79,68,69,71,101,93,80,109,71,81,76,65,105,85,93,103,62,93,74,106,106,69,96,85,83,105,94,78,75,59,118,80,88,91,72,106,96,107,107,78,83,83,62,90,81,128,105,68,105,77,70,72,78,73,82,69,62,69,103,80,81,102,76,84,78,69,111,84,91,90,60,92,86,104,108,89,75,78,67,101,93,88,81,53,99,84,95,80,56,102,101,87,96,74,89,76,74,95,85,88,86,69,89,57,66,90,87,101,104,68,92,76,102,89,90,83,56,65,86,75,93,68,51,91,71,62,72,67,106,72,76,79,74,65,84,119,94,97,90,61,58,87,69,90,67,79,92,79,83,78,87
1210473310#0,7,3,7,3,11,8,7,7,6,7,9,5,9,5,7,6,5,13,9,8,5,8,11,6,8,6,5,12,3,0,0,0,0,0,0,0,0,0,0,0,0,0,0,5,11,14,7,9,7,9,10,6,13,7,7,7,8,15,4,11,12,6,15,8,8,9,8,11,7,10,9,10,8,7,12,12,7,11,6,9,12,7,12,6,11,9,7,13,7,13,12,6,12,9,6,5,4,22,9,12,15,14,6,9,26,14,12,6,13,8,9,8,8,7,5,15,9,7,17,15,10,4,10,8,9,4,18,9,7,12,8,11,10,7,8,16,8,5,11,11,6,5,8,13,12,8,9,14,11,7,17,14,5,4,15,11,8,7,7,8,9,7,7,8,11,12,8,13,11,11,8,7,10,8,7,17,8,8,16,12,7,13,6,11,10,4,11,5,9,11,10,7,7,8,8,11,16,7,9,16,12,6,13,6,5,21,6,10,7,6,10,8,15,8,8,12,9,9,11,10,11,7,16,5,8,16,7,15,8,6,14,5,9,9,8,12,8,13,6,10
1214076611,83,68,77,97,98,66,71,101,91,94,79,101,66,85,76,106,82,110,75,83,102,92,74,88,102,101,100,100,106,107,111,126,96,76,133,82,109,76,87,81,67,102,140,89,70,143,119,90,127,86,83,127,118,84,116,97,116,96,94,119,173,91,137,106,97,70,133,94,63,87,148,102,106,91,72,167,62,94,79,129,124,103,105,121,142,71,93,90,53,199,139,87,114,157,124,82,109,106,129,94,146,130,94,66,97,118,162,64,132,118,86,63,151,87,63,42,150,146,105,76,55,72,145,95,158,84,63,71,99,126,177,92,56,78,132,92,79,68,90,103,96,144,105,160,106,85,85,88,139,93,98,131,136,138,128,151,68,166,91,104,97,91,108,166,104,107,102,124,163,117,60,145,165,62,174,95,128,91,106,129,145,89,47,98,120,91,102,68,184,103,86,105,138,85,116,138,77,77,183,164,78,67,152,142,84,106,94,109,228,86,71,133,214,75,148,204,112,78,64,56,149,157,111,67,159,188,90,110,125,100,141,174,86,114,93,64,50,148,154,110
1227562843,17,3,17,16,8,21,18,12,20,28,9,22,19,5,21,18,11,20,32,16,17,13,16,19,23,9,19,25,17,21,23,12,20,25,19,24,26,19,21,23,25,19,20,12,23,24,15,22,34,15,20,28,11,23,30,12,25,29,15,27,29,14,27,26,9,25,26,15,27,28,10,23,30,13,26,22,7,19,29,10,31,20,9,25,29,13,30,22,13,21,32,13,33,28,13,28,21,8,25,24,12,31,33,11,25,16,19,19,11,23,27,20,17,24,29,13,30,28,13,26,27,7,29,20,10,23,38,11,23,29,10,26,32,12,21,25,9,21,30,9,24,35,21,19,22,9,26,21,7,26,23,6,17,25,10,29,35,12,23,30,19,16,26,17,22,34,7,22,29,15,24,20,6,23,26,6,26,12,21,33,15,13,22,16,15,21,31,10,22,24,11,19,26,10,16,22,8,27,31,13,20,25,13,27,30,4,23,34,11,23,25,15,23,30,9,15,29,12,25,22,17,24,28,10,17,23,11,24,20,32,24,27,12,23,27,10,19,20,14,21
1231870395#0,80,61,59,86,68,86,67,76,75,57,91,80,69,77,51,84,63,74,82,64,74,64,76,90,61,92,46,82,81,76,85,72,62,78,82,78,67,80,58,76,79,87,77,66,91,97,73,83,54,71,78,66,86,67,76,88,106,73,85,88,126,71,79,60,103,70,81,76,78,82,64,77,92,79,71,63,81,73,83,90,88,85,84,81,77,96,77,85,90,77,94,93,90,77,86,85,86,93,83,94,103,98,70,83,50,88,88,83,98,84,105,81,91,96,89,99,97,95,103,106,107,69,70,105,80,99,82,93,107,85,88,66,82,77,96,101,73,89,88,46,97,96,92,106,79,70,102,70,91,103,75,108,80,85,74,119,102,99,93,113,77,96,92,67,101,106,92,72,65,107,87,76,95,89,95,96,83,69,68,72,98,71,36,80,76,93,65,85,68,82,72,61,96,74,94,79,91,101,82,109,80,87,83,80,81,116,85,89,94,88,96,85,91,90,111,90,90,69,82,74,87,94,85,69,69,85,82,78,94,73,102,79,82,92,85,68,94,83,118,65
124316745#0,0,0,0,0,0,0,0,0,0,0,0,0,0,0,0,0,0,0,0,0,0,0,0,0,0,0,0,0,0,0,0,0,0,0,0,0,0,0,0,0,0,0,0,0,0,0,0,0,0,0,0,0,0,0,0,0,0,0,0,0,0,0,0,0,0,0,0,0,0,0,0,0,0,0,0,0,0,0,0,0,0,0,0,0,0,0,0,0,0,0,0,0,0,0,0,0,0,0,0,0,0,0,0,0,0,0,0,0,0,0,0,0,0,0,0,0,0,0,0,0,0,0,0,0,0,0,0,0,0,0,0,0,0,0,0,0,0,0,0,0,0,0,0,0,0,0,0,0,0,0,0,0,0,0,0,0,0,0,0,0,0,0,0,0,0,0,0,0,0,0,0,0,0,0,0,0,0,0,0,0,0,0,0,0,0,0,0,0,0,0,0,0,0,0,0,0,0,0,0,0,0,0,0,0,0,0,0,0,0,0,0,0,0,0,0,0,0,0,0,0,0,0,0,0,0,0,0,0,0,0,0,0,0,0,0,0,0,0,0,0
1276784689,28,19,28,29,26,38,30,25,31,29,24,23,36,19,30,28,18,35,36,17,27,27,20,37,34,24,38,32,23,22,34,25,24,28,20,32,26,20,26,40,27,26,30,20,39,28,23,20,38,22,40,22,22,27,40,27,29,26,29,26,32,16,22,26,21,34,48,38,30,26,28,38,33,30,31,28,30,34,42,29,27,33,28,46,41,36,22,28,26,46,33,25,22,38,28,26,38,30,31,22,41,42,29,28,34,35,28,36,33,33,26,33,36,33,25,30,21,30,40,40,30,32,28,29,27,39,37,19,28,23,37,37,26,32,34,28,29,31,40,27,25,19,24,36,36,28,24,24,28,31,22,44,41,41,35,30,28,28,35,37,36,40,28,22,24,26,32,22,35,28,22,37,34,31,16,16,22,30,35,21,26,36,42,37,36,36,33,27,36,30,37,36,27,40,38,39,37,31,31,20,27,40,34,26,37,32,35,36,34,28,30,32,43,36,32,38,39,44,36,34,26,45,45,43,35,26,34,30,40,38,33,32,37,54,28,15,30,36,31,22
1276784690#0,28,19,29,28,23,45,26,21,33,26,20,25,38,15,33,36,17,39,48,19,35,33,18,51,35,18,39,36,13,28,45,21,18,34,19,41,25,18,35,47,19,41,38,16,48,34,13,31,52,22,49,22,20,40,46,31,35,22,36,41,40,20,23,35,26,50,75,37,30,31,32,51,36,31,35,27,36,49,55,39,20,38,46,59,51,26,27,36,24,56,35,31,26,39,39,39,51,28,34,28,56,58,26,34,41,38,34,45,37,34,24,40,54,41,26,28,24,36,57,49,31,26,32,32,33,51,40,24,25,35,43,42,28,29,45,29,32,46,48,25,28,23,27,46,50,28,20,27,38,38,29,49,58,51,38,29,28,35,34,49,37,38,26,13,23,29,34,25,42,28,31,44,39,28,16,21,25,38,32,17,28,31,39,30,44,36,29,28,46,35,42,35,24,36,56,48,37,26,21,22,36,48,36,31,40,43,32,31,30,25,32,39,53,31,29,25,41,43,34,36,27,36,29,27,24,31,37,30,50,32,34,37,35,46,29,19,29,30,30,24
1280466960#0,0,0,0,0,0,0,0,0,0,0,0,0,0,0,0,0,0,0,0,0,0,0,0,0,0,0,0,0,0,0,0,0,0,0,0,0,0,0,0,0,0,0,0,0,0,0,0,0,0,0,0,0,0,0,0,0,0,0,0,0,0,0,0,0,0,0,0,0,0,0,0,0,0,0,0,0,0,0,0,0,0,0,0,0,0,0,0,0,0,0,0,0,0,0,0,0,0,0,0,0,0,0,0,0,0,0,0,0,0,0,0,0,0,0,0,0,0,0,0,0,0,0,0,0,0,0,0,0,0,0,0,0,0,0,0,0,0,0,0,0,0,0,0,0,0,0,0,0,0,0,0,0,0,0,0,0,0,0,0,0,0,0,0,0,0,0,0,0,0,0,0,0,0,0,0,0,0,0,0,0,0,0,0,0,0,0,0,0,0,0,0,0,0,0,0,0,0,0,0,0,0,0,0,0,0,0,0,0,0,0,0,0,0,0,0,0,0,0,0,0,0,0,0,0,0,0,0,0,0,0,0,0,0,0,0,0,0,0,0,0
1304119370#0,56,52,68,66,54,32,68,38,40,40,76,62,36,19,44,58,16,23,84,78,26,39,34,24,63,70,19,32,72,25,19,38,100,71,32,34,64,22,17,34,102,100,25,52,96,29,20,92,61,38,54,24,12,25,75,16,74,67,39,86,33,64,74,32,39,97,30,44,62,26,42,96,40,54,80,24,58,102,36,33,114,88,30,20,16,76,96,38,38,109,30,18,102,38,26,14,104,50,42,82,54,20,18,93,80,24,34,87,67,34,24,74,56,18,74,39,20,82,84,18,18,66,68,38,88,66,36,17,97,90,38,30,39,86,110,53,76,31,34,26,52,99,48,24,31,33,90,36,19,13,60,73,62,96,50,98,32,44,82,48,30,96,28,12,33,102,65,33,62,87,26,30,42,88,86,42,22,22,28,70,64,28,22,73,104,48,36,41,90,82,50,26,66,77,32,22,14,78,92,53,31,22,44,90,80,42,70,66,34,33,82,92,64,36,48,26,92,96,67,46,94,64,38,82,90,56,62,100,80,78,48,42,44,80,75,48,37,42,90,68
1306071444,0,0,0,0,0,0,0,0,0,0,0,0,0,0,0,0,0,0,0,0,0,0,0,0,0,0,0,0,0,0,0,0,0,0,0,0,0,0,0,0,0,0,0,0,0,0,0,0,0,0,0,0,0,0,0,0,0,0,0,0,0,0,0,0,0,0,0,0,0,0,0,0,0,0,0,0,0,0,0,0,0,0,0,0,0,0,0,0,0,0,0,0,0,0,0,0,0,0,0,0,0,0,0,0,0,0,0,0,0,0,0,0,0,0,0,0,0,0,0,0,0,0,0,0,0,0,0,0,0,0,0,0,0,0,0,0,0,0,0,0,0,0,0,0,0,0,0,0,0,0,0,0,0,0,0,0,0,0,0,0,0,0,0,0,0,0,0,0,0,0,0,0,0,0,0,0,0,0,0,0,0,0,0,0,0,0,0,0,0,0,0,0,0,0,0,0,0,0,0,0,0,0,0,0,0,0,0,0,0,0,0,0,0,0,0,0,0,0,0,0,0,0,0,0,0,0,0,0,0,0,0,0,0,0,0,0,0,0,0,0
1307397842#0,87,107,121,100,68,68,119,77,82,96,110,100,68,54,122,79,25,64,138,75,57,76,42,35,130,75,31,85,99,46,35,84,146,65,12,20,31,11,14,50,70,26,13,67,37,15,25,70,16,73,91,55,30,60,116,28,138,77,86,119,58,105,130,53,88,137,54,92,104,47,98,145,50,121,105,40,122,154,45,92,174,100,40,34,27,148,116,58,86,142,54,57,160,59,57,54,160,56,75,152,69,40,56,158,83,34,60,152,92,55,37,128,70,43,138,52,36,146,119,44,58,129,95,72,169,81,46,41,170,110,50,52,86,166,147,62,122,55,49,42,116,154,55,34,40,79,129,54,38,31,115,112,126,82,104,130,40,69,130,63,60,124,43,33,77,157,94,46,118,116,36,39,91,160,122,52,28,36,50,126,87,43,45,132,151,47,50,60,148,137,66,40,127,104,55,44,45,159,139,61,41,35,90,145,88,51,138,84,46,46,148,121,65,34,34,38,134,102,55,64,136,55,38,127,120,66,102,159,100,98,54,56,73,137,78,45,33,70,141,76
1308725870#0,86,78,64,108,84,102,93,79,77,92,100,122,92,102,84,110,85,100,91,100,117,115,112,97,76,89,67,76,80,81,73,79,91,66,75,80,62,82,60,86,103,73,85,85,82,86,86,73,68,77,66,76,82,71,94,107,117,105,98,98,86,92,92,50,85,98,57,91,90,71,74,92,86,82,92,102,101,89,77,104,104,68,71,83,75,89,91,78,103,94,78,92,89,73,88,110,98,97,87,110,90,120,80,122,87,92,88,108,123,71,123,119,107,125,91,125,97,98,105,117,112,97,117,110,91,104,93,105,93,75,88,89,77,117,96,77,98,86,86,14,100,95,118,125,100,93,92,77,111,72,69,114,126,102,49,124,114,119,115,136,109,130,101,91,110,117,104,74,73,115,117,73,119,97,98,109,88,90,66,69,101,60,53,89,66,106,83,101,79,74,86,71,113,105,95,89,101,120,98,116,112,105,109,116,129,116,104,111,111,126,115,91,103,82,121,110,119,95,85,87,102,82,91,69,86,72,75,84,117,105,116,78,57,95,104,95,94,104,111,87
1308725870#1,68,84,49,107,79,115,75,76,87,69,98,109,78,82,54,98,49,95,71,61,103,73,100,71,61,98,43,110,78,73,94,55,81,53,101,78,63,88,53,101,103,71,91,61,115,77,75,82,61,101,74,72,80,69,101,87,128,82,83,123,114,93,99,62,93,101,85,101,76,72,68,75,102,78,89,82,110,98,84,89,108,92,78,96,95,93,96,79,107,71,118,90,107,93,97,93,97,95,91,102,107,108,90,96,57,59,89,102,142,69,127,96,118,103,75,125,99,110,90,130,122,84,100,159,82,114,99,109,124,86,97,94,102,97,108,117,106,101,94,45,112,97,88,123,81,74,143,78,106,108,70,102,111,99,42,132,99,119,97,134,88,132,102,71,106,98,113,63,75,102,122,82,134,103,117,112,81,75,84,70,104,59,26,61,78,118,62,126,72,82,84,49,124,84,106,72,100,101,84,128,78,105,89,109,80,120,82,101,110,105,90,82,105,71,133,99,112,64,100,76,89,108,107,68,77,57,78,66,103,83,116,78,86,68,96,79,106,69,115,59
1308725870#2,65,78,88,63,42,104,78,68,68,58,76,78,92,45,86,63,70,55,112,74,85,72,120,71,76,70,107,68,74,66,118,90,89,87,72,96,79,64,100,74,112,70,67,92,114,88,62,110,108,60,50,81,131,124,79,52,74,58,81,71,58,83,134,62,54,86,118,77,50,82,101,110,68,53,128,96,82,86,86,87,102,124,72,88,139,100,58,53,82,108,104,80,66,70,111,139,89,69,72,98,104,110,70,66,116,106,127,69,86,90,100,52,74,116,93,89,92,110,124,86,68,90,117,114,94,94,96,87,63,64,62,116,127,102,91,86,91,61,86,62,80,91,96,67,74,52,97,98,78,90,62,80,100,128,60,78,72,72,107,98,90,93,60,64,111,131,76,79,111,98,144,108,70,96,82,166,109,100,64,66,60,74,98,116,73,66,112,114,82,81,72,87,139,108,47,54,74,97,114,110,78,80,90,96,97,72,73,59,103,137,102,112,112,136,137,86,96,86,74,79,126,141,116,92,104,104,98,74,116,86,126,122,138,108,112,102,106,114,122,100
1308725870#2-AddedOnRampEdge,103,125,113,120,80,168,119,109,116,95,132,134,132,90,114,114,95,106,148,107,141,108,174,107,106,121,129,131,115,102,166,119,131,114,128,140,110,108,131,132,168,106,114,124,178,128,105,154,143,118,92,124,172,162,134,97,144,102,124,141,121,132,191,94,103,141,166,132,92,118,136,151,122,99,174,142,143,139,130,133,164,174,115,140,189,147,111,94,141,149,169,126,123,121,162,181,140,121,115,152,162,170,117,116,145,133,176,122,160,123,165,103,139,167,128,154,141,168,168,156,130,138,175,200,139,158,147,145,129,108,114,168,181,149,148,151,145,110,137,101,140,145,142,131,116,90,175,145,131,143,100,134,158,178,72,147,128,136,155,168,138,163,112,101,163,180,135,107,150,148,215,150,143,147,144,224,146,140,110,105,118,102,110,145,112,132,143,186,122,123,116,112,206,150,105,90,128,147,158,174,121,137,131,154,138,135,116,113,158,193,147,154,167,171,205,141,152,116,127,115,167,196,172,124,145,132,138,108,169,127,188,161,185,143,164,142,164,146,182,130
1308734871,68,83,89,104,85,91,88,84,96,68,96,80,112,68,78,88,78,100,96,84,113,88,76,106,68,82,73,88,78,90,75,94,60,103,70,115,86,92,97,83,107,74,104,89,111,76,105,86,117,74,94,76,80,120,102,118,107,114,116,112,123,77,116,103,128,107,112,118,86,117,101,111,97,122,96,121,96,98,111,111,92,112,78,108,105,109,100,106,98,103,102,90,118,99,120,104,118,90,87,112,115,116,103,100,72,82,92,79,113,138,124,98,99,96,98,129,146,107,90,110,132,110,125,108,111,131,84,134,133,93,114,114,90,86,78,118,125,88,97,87,124,93,78,109,95,118,113,84,74,112,99,65,120,100,76,137,112,84,98,112,106,80,107,94,120,92,94,100,112,99,96,75,76,97,80,84,82,92,89,76,76,58,60,84,89,103,98,58,80,105,71,61,74,106,98,125,104,80,106,90,76,85,98,80,99,96,98,80,79,82,92,110,108,103,87,87,74,58,59,58,111,90,88,84,68,97,79,84,74,71,70,92,93,89,91,92,96,98,86,92
1311251824#0,45,51,53,44,49,32,65,18,69,59,61,28,47,69,54,46,52,37,45,62,38,40,54,17,76,29,45,34,51,39,80,36,54,64,50,52,59,33,64,30,42,59,54,43,59,29,84,62,55,48,46,68,86,67,60,52,85,65,34,59,56,86,58,83,49,76,45,72,83,60,53,105,54,54,92,57,76,50,98,55,82,58,52,71,46,65,87,100,55,92,85,90,124,106,120,51,68,131,98,92,52,137,135,112,73,64,89,67,80,103,54,67,83,95,83,108,91,106,63,61,121,111,97,116,89,72,40,94,115,64,119,102,108,86,80,127,84,66,119,61,72,66,53,102,105,52,43,63,78,107,46,57,82,93,60,55,88,88,92,84,80,94,50,24,82,59,75,71,80,33,85,75,51,95,96,77,76,49,66,64,68,64,70,43,64,75,48,12,84,71,32,60,66,60,84,64,51,51,84,68,36,75,55,62,66,43,54,76,59,87,51,67,45,68,47,68,63,50,68,64,64,81,84,54,71,38,87,75,95,37,100,70,70,56,48,83,46,52,32,67
1311751492,16,16,12,21,18,15,23,21,20,15,21,19,21,10,28,20,12,31,22,12,17,24,13,23,23,15,29,37,17,18,34,15,47,35,17,35,35,28,31,29,30,26,24,29,37,39,42,28,17,28,36,13,21,29,17,35,27,33,32,39,27,27,41,42,43,37,44,25,15,31,24,32,35,27,27,28,29,28,40,28,25,19,32,36,46,35,33,26,30,30,45,34,34,21,28,46,26,28,30,35,33,27,32,39,47,51,41,51,47,42,55,38,34,28,34,44,47,29,39,36,46,33,36,23,34,38,57,40,39,47,37,41,45,50,56,46,41,54,41,53,52,43,47,34,29,52,44,46,50,54,39,56,35,32,25,51,53,58,34,37,23,47,52,52,47,68,37,51,40,30,60,26,37,46,51,49,41,35,44,32,36,37,38,35,38,35,28,43,46,57,33,32,42,35,33,43,43,57,48,32,54,30,40,30,34,46,33,34,43,46,27,29,34,27,35,48,25,28,57,35,48,45,40,39,61,37,34,44,28,39,21,28,53,39,32,31,19,47,32,39
1312448620#2,70,86,36,66,78,70,34,70,82,54,45,68,101,58,62,64,100,50,68,98,74,65,36,66,79,108,67,57,102,82,42,82,79,81,66,62,119,76,32,95,69,95,59,22,106,89,98,75,78,99,84,72,97,64,40,82,78,88,44,82,97,80,73,109,81,82,67,86,62,41,87,123,77,84,76,92,97,55,80,114,98,71,78,77,100,91,46,103,94,79,62,35,93,77,84,87,48,83,97,66,84,70,26,90,135,95,56,40,87,84,111,105,44,57,81,78,80,80,24,70,89,76,67,62,100,83,59,68,82,97,65,75,86,102,83,32,94,76,73,76,65,59,74,72,68,61,67,86,76,66,40,75,65,73,84,59,48,86,71,45,85,80,73,88,30,66,68,66,79,44,60,72,80,68,74,60,40,104,72,73,72,65,28,100,92,80,89,75,36,48,83,85,66,57,69,72,68,101,77,34,72,64,100,66,52,74,78,53,58,47,65,82,84,84,58,50,46,86,74,74,61,70,61,72,79,62,82,55,53,74,94,77,42,36,102,56,78,85,55,40
1312448620#2-AddedOnRampEdge,54,38,2,25,39,28,2,40,41,31,6,42,62,33,13,42,58,22,32,53,42,20,8,18,58,53,8,34,50,37,7,32,62,36,4,45,59,30,6,40,34,54,8,5,54,45,54,10,57,45,33,24,46,37,22,24,24,69,26,34,52,18,26,40,42,43,24,52,10,16,46,46,47,26,25,64,50,34,14,45,36,28,16,51,40,26,16,38,49,20,8,6,29,44,48,20,7,39,42,33,20,30,4,36,60,36,36,4,21,38,82,48,9,3,23,55,23,28,8,18,26,30,44,6,34,30,36,32,12,35,20,34,44,42,24,14,42,37,28,12,2,37,22,20,36,10,28,47,38,24,23,20,34,42,27,8,31,42,14,10,34,37,42,38,10,22,34,40,33,22,15,44,47,20,44,16,12,52,55,33,24,10,7,47,39,53,47,48,16,12,42,32,32,25,23,30,56,66,34,4,28,48,60,10,8,54,30,25,36,8,14,58,66,38,16,5,8,28,46,40,16,12,4,46,49,53,38,7,14,58,46,32,20,10,58,46,37,36,26,9
1316590794,63,63,47,73,64,53,47,50,76,60,70,64,72,88,59,59,78,58,73,96,86,71,52,79,79,69,70,63,72,82,59,74,70,71,91,72,82,61,40,85,68,79,75,46,83,85,72,84,72,92,92,53,88,66,68,74,54,85,52,76,68,59,88,88,94,66,77,95,51,52,80,81,87,62,71,93,75,71,78,82,75,52,68,83,70,110,44,65,72,52,62,52,70,83,81,60,91,75,72,64,66,96,72,86,100,52,76,54,92,97,98,122,84,75,90,84,74,76,47,99,92,84,92,63,114,72,68,102,80,86,76,67,82,86,120,67,60,88,71,72,64,68,73,57,56,67,75,95,68,81,95,74,75,75,70,79,90,93,74,53,87,95,118,112,81,86,84,69,105,96,90,106,70,115,84,85,78,74,113,85,98,85,79,118,103,102,100,114,86,79,105,104,85,73,92,83,100,104,66,79,83,110,99,95,80,76,73,85,86,88,56,48,106,78,74,63,54,99,75,71,83,70,47,86,128,111,96,99,70,78,87,78,84,81,92,98,75,88,74,84
1321767442#0,25,37,29,33,30,13,23,27,23,15,26,38,21,21,23,21,22,28,24,23,26,19,28,20,16,15,29,18,26,33,29,22,40,21,20,34,30,15,29,25,27,31,38,36,33,29,39,31,36,37,24,23,36,46,35,37,22,41,46,30,33,52,38,21,36,49,52,19,32,45,37,22,16,35,46,42,16,29,48,59,30,23,51,61,56,38,31,43,56,58,42,28,36,48,48,52,14,21,38,48,27,15,25,44,30,36,27,40,55,57,56,59,36,52,28,36,53,50,38,28,17,23,55,68,56,33,42,60,30,34,43,44,65,44,43,19,48,49,48,65,51,38,39,50,43,74,49,27,30,45,34,65,48,47,56,67,29,51,42,39,47,63,45,30,24,58,41,47,38,37,62,41,17,27,45,55,52,58,51,35,22,41,45,35,52,51,60,49,29,34,34,38,31,28,22,36,44,40,15,27,46,33,61,46,27,49,56,17,24,49,43,48,52,46,41,71,20,24,61,31,22,39,36,50,64,32,24,42,35,30,32,41,51,33,21,40,34,71,35,26
1321767442#1,41,53,41,54,48,28,47,48,43,29,46,57,42,31,51,41,34,58,46,35,43,43,41,43,39,30,57,55,43,51,63,38,87,56,38,69,65,43,60,55,58,57,63,65,70,68,81,60,53,65,60,35,57,74,51,73,49,74,78,70,60,79,79,62,79,85,96,44,47,75,61,54,51,63,73,71,45,57,88,86,54,42,83,97,103,73,64,69,85,88,87,62,70,69,76,97,40,49,67,82,60,42,56,83,77,87,68,91,102,99,111,97,71,79,62,80,100,79,77,64,63,56,91,91,90,71,99,99,68,81,79,85,110,94,98,65,89,103,89,118,103,81,86,84,72,126,92,73,80,99,74,121,83,79,80,118,82,109,77,76,69,110,96,82,71,126,78,98,77,67,122,67,54,73,96,104,93,94,94,67,58,78,83,69,91,86,88,92,75,92,67,69,73,63,56,79,86,98,63,59,100,63,101,76,62,96,89,51,67,95,70,77,86,73,76,119,45,52,118,66,70,84,76,89,125,70,58,86,64,69,52,69,104,73,53,71,53,118,68,65
132191813,73,34,44,72,66,58,55,69,40,60,62,38,48,49,39,58,81,64,26,64,68,62,52,73,92,47,42,52,81,78,36,54,34,0,0,0,0,0,0,0,0,0,0,0,0,0,0,13,34,44,89,90,32,52,66,81,78,58,76,92,81,75,64,77,81,79,62,68,86,92,42,69,88,68,68,70,92,88,30,88,77,93,84,81,62,91,94,81,44,54,42,81,67,65,55,44,80,100,95,53,118,64,98,80,70,71,76,98,41,71,93,98,75,31,75,98,71,68,90,82,46,53,60,74,84,52,70,45,72,77,96,64,74,50,71,76,66,44,81,81,46,58,50,93,83,70,38,58,34,74,96,80,64,58,55,68,86,50,15,36,60,75,80,71,28,26,55,78,90,50,33,56,82,68,32,33,52,82,62,36,36,55,44,38,80,80,40,32,70,86,66,36,54,35,70,74,87,30,30,42,58,87,59,52,46,38,74,72,30,40,44,74,42,48,36,66,81,62,36,36,66,24,33,32,34,71,65,71,36,42,93,72,50,30,76,75,46,34,61,88
132191814,11,2,2,8,8,2,4,12,1,8,8,4,2,7,2,7,12,8,2,8,10,3,2,8,14,3,2,5,12,9,3,1,1,0,0,0,0,0,0,0,0,0,0,0,0,0,0,2,1,2,15,15,3,4,4,14,7,2,10,17,14,3,3,11,15,9,2,3,14,14,4,4,13,6,1,5,12,13,2,3,8,15,15,5,2,7,17,12,4,2,2,13,10,8,3,2,12,17,16,2,8,8,17,13,6,8,12,13,7,9,10,14,14,2,8,12,10,10,4,12,8,6,3,12,12,8,5,2,10,11,10,10,6,2,12,10,7,3,12,15,4,4,2,15,12,10,3,4,1,9,15,11,6,6,6,10,15,5,2,1,5,12,13,7,0,2,7,12,13,5,3,6,14,5,3,2,6,13,8,2,1,1,3,2,11,12,3,2,7,14,8,2,3,3,12,12,13,3,1,2,8,13,10,5,2,1,11,12,4,2,6,12,2,3,2,11,12,7,3,2,8,1,3,2,4,13,11,6,2,4,14,6,2,1,10,12,2,3,2,12
132191815,42,36,54,65,42,59,70,32,53,42,54,43,57,44,56,53,65,46,43,53,50,61,65,67,54,49,66,55,46,49,49,69,68,67,58,59,59,59,60,47,59,57,52,47,78,60,68,58,55,56,64,50,38,59,62,51,57,54,57,72,62,55,60,66,72,71,68,50,58,55,45,58,43,52,55,60,73,89,68,71,62,55,57,51,59,80,76,55,49,64,43,75,61,61,52,59,66,75,72,65,75,64,80,67,49,58,51,72,41,61,51,58,54,38,56,74,67,74,65,53,62,43,65,47,45,68,60,43,53,42,64,67,65,60,50,50,65,53,47,52,62,60,67,53,49,57,57,60,43,51,42,60,35,58,52,52,51,58,32,53,51,49,62,61,35,55,48,48,48,44,31,55,61,76,51,41,47,36,36,29,51,52,38,50,44,51,55,49,70,54,57,59,62,44,56,55,49,42,42,52,40,39,46,34,62,49,50,42,28,46,55,53,57,49,36,55,63,49,54,55,71,40,49,35,40,49,42,60,25,56,45,60,61,47,58,56,48,51,63,51
132191817#0,36,44,38,48,43,55,47,58,51,51,58,51,64,30,41,38,39,63,48,54,54,44,49,69,45,49,62,62,50,62,52,34,23,39,50,39,38,43,44,40,37,40,48,52,47,35,30,34,48,57,32,33,32,48,63,51,40,25,31,55,84,44,34,42,43,67,50,52,33,39,43,62,66,43,42,52,27,69,53,54,61,47,72,87,73,57,48,39,51,74,50,50,63,40,62,63,47,52,26,50,53,45,64,68,44,60,37,41,74,58,60,44,43,41,56,58,29,37,50,80,41,46,30,33,67,61,47,30,20,63,75,47,59,36,61,74,31,54,51,47,44,47,69,64,51,62,61,48,30,34,63,60,67,52,56,46,32,56,57,56,53,32,38,51,30,46,39,50,41,32,62,54,45,68,53,29,65,72,44,36,55,58,48,35,52,81,56,55,48,48,77,61,50,53,66,52,36,55,53,34,60,86,67,52,56,52,68,68,44,36,32,72,79,60,47,62,68,30,32,53,36,58,59,59,62,57,42,43,75,54,44,74,57,52,53,62,40,27,36,73
132191818,26,24,50,48,17,46,52,35,33,48,24,49,46,30,56,44,28,39,26,38,26,50,55,62,40,27,61,38,26,33,29,62,64,48,30,74,60,30,40,34,66,56,37,33,80,84,43,46,51,63,44,34,30,45,85,44,30,78,78,37,29,23,78,48,34,30,44,91,52,36,37,65,60,26,66,68,35,42,34,89,86,42,26,26,76,76,55,28,26,62,60,46,58,32,56,72,49,40,39,21,78,61,30,38,38,65,42,44,37,58,56,50,38,24,62,64,38,36,78,62,42,52,67,48,32,39,48,52,40,48,46,46,60,50,26,32,64,51,46,34,30,60,57,54,50,48,28,66,49,44,42,44,51,54,50,48,49,43,42,65,50,36,32,36,40,62,44,70,41,38,40,66,41,54,36,46,58,26,24,36,50,56,47,46,48,30,52,70,58,58,37,28,52,43,52,32,35,28,50,48,40,40,22,31,59,66,40,38,36,53,56,50,35,58,54,36,54,40,62,56,40,26,54,52,51,46,48,52,49,66,44,39,52,47,48,32,40,56,70,56
133467629,120,100,92,118,103,135,104,114,111,91,137,115,105,121,74,124,91,107,116,114,113,93,117,134,93,131,81,131,120,108,129,104,91,116,127,124,99,106,100,125,117,132,116,95,139,147,120,127,86,115,122,109,123,107,118,134,147,122,123,141,180,105,123,92,152,109,127,117,117,121,95,124,138,136,100,113,127,114,126,128,141,127,118,120,121,136,117,120,136,126,137,129,137,114,119,103,128,129,112,143,150,144,95,119,83,122,123,115,140,113,131,121,139,122,110,124,130,145,146,151,149,118,115,152,126,154,121,141,151,122,124,100,124,102,136,159,105,124,132,108,152,155,125,141,127,107,147,112,124,138,120,151,108,115,98,153,163,155,129,151,120,136,129,99,146,152,121,103,101,153,140,119,144,118,135,143,113,101,95,114,159,98,55,104,109,146,103,136,113,129,115,106,144,109,147,127,136,133,119,147,125,135,112,108,122,169,137,137,133,115,145,132,139,128,148,145,137,94,116,91,130,130,130,108,113,129,105,129,135,107,144,110,130,135,120,91,135,126,171,92
133632532#1,58,52,52,63,67,73,72,72,66,73,74,65,91,45,64,64,50,85,78,65,73,66,63,109,74,55,95,85,60,78,81,54,36,56,61,58,54,58,66,79,64,60,65,68,80,54,48,45,84,75,76,57,50,81,100,75,61,51,59,98,130,61,60,61,53,91,90,100,55,59,65,92,102,65,82,68,39,95,84,71,79,63,91,121,106,71,66,48,72,113,75,67,78,56,83,83,73,73,49,68,84,89,79,87,67,79,47,62,92,84,73,67,79,71,77,86,46,65,90,130,71,69,58,55,93,101,74,43,43,70,104,73,74,66,97,99,60,77,96,82,75,89,109,108,94,102,91,68,65,82,74,102,85,82,76,67,50,67,77,72,84,52,55,56,40,59,64,67,68,58,77,80,69,95,62,39,83,99,70,50,63,78,67,48,73,114,80,84,72,66,105,93,71,85,91,96,67,66,65,44,75,112,88,65,70,79,86,85,64,55,41,100,109,93,57,69,77,61,51,78,42,75,78,68,91,66,72,74,111,83,77,98,95,81,71,75,75,57,66,98
133632534#0,120,124,95,140,118,128,161,133,124,113,150,101,113,117,135,92,156,114,128,140,122,103,152,132,116,139,161,135,160,120,115,108,76,128,154,84,110,99,113,118,171,83,121,141,109,101,109,68,111,136,100,120,75,125,154,135,116,93,92,130,152,124,131,95,116,139,93,128,114,143,101,132,131,87,171,155,83,165,116,146,153,131,146,158,179,170,192,79,135,146,139,130,141,120,184,106,110,171,110,129,94,113,189,117,103,123,73,187,137,134,149,130,134,98,157,158,104,98,105,158,136,138,73,122,128,143,142,121,84,125,124,148,142,101,132,129,110,132,145,162,116,116,160,125,112,137,130,145,66,98,147,156,150,100,120,87,104,145,103,111,130,88,118,105,83,87,94,108,94,98,150,129,105,135,153,108,201,146,99,114,118,119,112,134,110,194,154,153,132,116,169,125,142,118,157,116,123,131,152,153,147,156,142,139,102,112,199,132,115,113,104,178,160,145,127,137,108,88,122,111,88,147,106,137,138,89,102,108,116,208,112,135,157,118,144,169,95,110,76,154
1343714137#0,7,3,7,3,11,8,7,7,6,7,9,5,9,5,7,6,5,13,9,8,5,8,11,6,8,6,5,12,3,0,0,0,0,0,0,0,0,0,0,0,0,0,0,5,11,14,7,9,7,9,10,6,13,7,7,7,8,15,4,11,12,6,15,8,8,9,8,11,7,10,9,10,8,7,12,12,7,11,6,9,12,7,12,6,11,9,7,13,7,13,12,6,12,9,6,5,4,22,9,12,15,14,6,9,26,14,12,6,13,8,9,8,8,7,5,15,9,7,17,15,10,4,10,8,9,4,18,9,7,12,8,11,10,7,8,16,8,5,11,11,6,5,8,13,12,8,9,14,11,7,17,14,5,4,15,11,8,7,7,8,9,7,7,8,11,12,8,13,11,11,8,7,10,8,7,17,8,8,16,12,7,13,6,11,10,4,11,5,9,11,10,7,7,8,8,11,16,7,9,16,12,6,13,6,5,21,6,10,7,6,10,8,15,8,8,12,9,9,11,10,11,7,16,5,8,16,7,15,8,6,14,5,9,9,8,12,8,13,6,10
1347255639,16,16,12,21,18,15,23,21,20,15,21,19,21,10,28,20,12,31,22,12,17,24,13,23,23,15,29,37,17,18,34,15,47,35,17,35,35,28,31,29,30,26,24,29,37,39,42,28,17,28,36,13,21,29,17,35,27,33,32,39,27,27,41,42,43,37,44,25,15,31,24,32,35,27,27,28,29,28,40,28,25,19,32,36,46,35,33,26,30,30,45,34,34,21,28,46,26,28,30,35,33,27,32,39,47,51,41,51,47,42,55,38,34,28,34,44,47,29,39,36,46,33,36,23,34,38,57,40,39,47,37,41,45,50,56,46,41,54,41,53,52,43,47,34,29,52,44,46,50,54,39,56,35,32,25,51,53,58,34,37,23,47,52,52,47,68,37,51,40,30,60,26,37,46,51,49,41,35,44,32,36,37,38,35,38,35,28,43,46,57,33,32,42,35,33,43,43,57,48,32,54,30,40,30,34,46,33,34,43,46,27,29,34,27,35,48,25,28,57,35,48,45,40,39,61,37,34,44,28,39,21,28,53,39,32,31,19,47,32,39
1347255640,51,42,57,60,70,56,54,58,66,56,63,47,58,49,56,62,52,67,57,56,70,84,59,59,67,61,61,68,75,77,63,75,58,59,75,76,61,64,67,70,69,88,100,78,61,104,94,88,86,69,60,92,78,78,93,116,86,75,83,79,96,87,90,86,65,69,106,80,71,59,93,77,88,72,81,112,83,73,79,85,92,78,81,78,98,43,77,101,69,104,103,74,119,98,85,51,73,99,107,81,97,111,93,65,82,70,94,101,84,74,68,63,83,79,74,62,80,102,70,29,60,71,91,85,81,61,49,66,93,77,118,89,48,63,84,71,63,92,79,73,78,80,76,89,84,82,79,87,75,65,66,56,85,80,78,88,69,99,66,61,87,72,71,93,67,81,86,106,94,88,77,85,90,81,80,77,81,77,72,62,82,76,50,61,93,74,66,54,101,71,51,70,89,69,72,74,67,63,76,98,48,55,96,91,59,79,70,76,106,52,60,71,120,79,60,81,70,68,59,45,95,85,60,62,78,82,63,65,87,75,82,93,70,85,56,60,49,82,94,84
1352261231,59,69,37,62,51,69,40,78,44,54,64,69,47,59,40,52,54,84,67,51,71,66,60,37,76,58,60,34,63,78,55,40,44,69,57,56,34,61,64,66,48,58,81,63,59,57,76,65,66,37,68,62,64,61,76,76,78,65,78,79,98,82,76,56,75,80,66,42,66,71,79,53,73,73,64,50,58,74,77,55,44,72,71,80,41,64,71,83,75,54,41,60,69,71,60,55,64,78,61,75,50,69,77,65,64,74,61,35,63,66,82,73,60,68,49,60,73,82,72,56,76,94,45,69,79,74,48,49,71,61,64,87,53,34,44,79,77,64,59,54,87,50,32,77,66,82,77,33,30,72,78,50,78,62,40,71,68,78,76,43,37,50,61,57,68,56,65,66,75,64,68,50,51,69,52,43,47,64,68,64,37,38,45,24,54,49,59,40,50,64,64,51,54,63,59,82,58,55,66,60,68,55,60,61,47,46,65,40,64,35,52,58,58,50,36,34,41,55,46,37,72,55,50,39,36,48,64,57,69,55,69,69,48,48,43,64,57,55,43,65
1386556901,98,94,65,116,88,90,104,68,89,62,87,92,77,96,69,122,64,94,78,80,125,60,136,78,92,107,90,117,97,94,160,90,116,94,122,152,113,168,128,104,124,116,108,117,98,170,112,85,108,140,90,104,116,120,142,108,72,99,104,136,126,92,154,114,81,116,112,84,138,105,126,132,82,82,94,100,111,94,91,128,114,98,132,96,124,120,121,144,100,103,112,122,118,92,138,99,130,142,70,86,124,100,86,118,122,126,98,102,104,88,117,116,92,95,72,82,127,96,84,90,90,110,80,130,88,88,115,92,122,120,69,74,92,78,76,119,98,74,132,95,65,94,58,112,68,98,92,46,90,104,96,76,64,126,120,63,80,77,108,104,84,113,71,92,80,104,120,56,71,75,113,124,87,76,68,88,92,82,74,110,115,86,76,102,98,55,53,100,104,72,72,72,94,102,60,52,78,85,74,101,88,92,93,39,94,82,91,98,67,96,86,96,83,74,74,84,82,104,75,93,106,63,81,70,75,110,56,83,72,98,106,56,93,66,100,92,72,104,80,92
1415917704,36,47,44,47,42,39,54,46,46,55,35,58,52,71,49,41,56,50,44,68,66,53,65,65,55,53,63,57,57,69,48,58,60,55,64,49,50,47,51,56,43,54,44,51,53,48,59,53,42,63,42,41,44,49,50,41,42,52,57,59,50,52,56,66,46,60,58,64,59,57,66,52,67,59,55,54,57,58,53,59,67,50,47,64,62,63,71,57,61,46,58,57,42,55,69,65,67,54,59,64,62,51,72,79,57,58,75,63,57,65,65,70,58,59,71,69,48,56,63,55,45,56,69,72,72,74,81,62,58,65,76,69,69,77,76,71,56,71,52,63,48,71,44,54,68,58,62,69,72,67,73,56,67,45,49,70,53,63,57,54,71,62,67,71,70,63,39,45,65,64,67,46,53,43,56,54,54,44,59,68,52,61,59,64,63,43,59,74,50,43,56,63,39,52,46,67,60,60,51,55,46,66,62,46,62,51,56,53,61,51,48,69,62,66,50,72,46,69,68,59,47,61,52,68,60,64,64,65,58,52,62,64,56,52,48,45,57,66,85,64
143364227,23,21,6,16,20,16,6,20,18,16,9,21,25,18,8,21,27,15,18,26,24,15,9,15,28,28,10,21,25,19,12,18,30,19,7,24,29,18,8,21,20,26,7,10,24,24,28,12,30,22,23,15,24,21,14,18,22,35,10,21,22,18,18,24,28,20,25,20,15,19,18,28,21,15,25,30,18,18,8,32,24,16,16,28,20,24,10,23,26,15,4,12,21,26,26,14,8,22,24,22,16,20,7,18,37,23,20,2,20,22,34,27,5,8,23,25,19,19,7,10,25,21,20,8,25,19,19,14,19,19,16,19,20,26,15,13,22,18,18,14,7,23,17,10,18,10,22,26,20,14,14,15,20,22,17,10,19,18,11,10,21,19,24,24,10,13,16,24,19,13,12,24,24,17,21,13,15,29,29,18,16,13,11,25,22,27,22,26,6,5,27,19,20,13,18,18,23,30,17,7,21,26,28,13,9,27,14,16,17,10,13,27,25,20,14,4,5,20,21,18,19,14,8,23,27,24,15,13,12,26,21,17,14,12,28,23,18,22,16,5
143368260#0,128,123,150,119,108,125,107,124,158,142,136,97,124,146,162,123,143,147,138,119,112,123,122,135,108,130,145,140,130,128,135,130,158,131,102,147,177,185,153,142,117,92,154,164,184,143,176,165,123,134,195,148,165,181,159,165,144,155,183,176,157,177,181,165,199,139,144,159,178,125,118,173,160,156,161,121,197,169,175,130,160,178,164,176,129,208,164,185,188,101,191,185,172,170,187,227,167,125,197,182,177,108,87,184,202,217,184,198,178,162,140,186,204,179,171,173,102,197,209,168,159,147,102,180,151,205,172,159,179,182,189,233,188,198,160,198,183,204,159,169,228,149,217,156,166,228,193,203,165,195,225,132,186,194,202,221,232,194,230,182,177,179,203,176,229,202,194,169,249,202,201,126,200,205,151,229,178,152,139,180,211,215,210,169,145,195,193,199,160,220,182,218,164,165,191,177,193,132,159,195,181,236,189,208,215,202,206,170,153,196,217,167,203,208,150,149,247,190,209,185,114,214,183,202,126,220,210,185,192,173,223,219,243,165,209,170,194,136,181,231
1452617365,23,20,27,20,30,20,33,18,31,16,45,8,39,8,41,13,38,18,6,34,24,33,26,44,12,37,16,26,23,19,17,27,29,19,30,23,33,14,18,27,28,22,40,33,28,34,21,35,14,34,26,44,32,17,30,26,26,40,24,30,26,37,18,42,18,45,20,41,14,42,21,44,27,41,24,38,24,23,23,39,39,30,34,27,49,22,40,20,23,60,36,34,26,28,32,44,29,40,55,30,28,22,20,14,20,54,59,56,30,9,18,12,48,53,44,23,18,16,52,46,20,20,58,26,16,61,53,34,36,48,13,6,46,58,46,10,8,7,54,34,22,50,33,31,56,21,32,43,24,8,51,30,18,38,35,20,11,30,34,37,27,25,24,41,26,46,23,47,24,38,35,44,25,22,33,19,29,31,26,27,25,14,29,48,20,40,22,23,41,21,35,40,40,19,42,24,45,21,17,18,49,28,32,32,30,28,36,43,16,43,18,46,23,33,26,31,18,27,28,46,19,39,17,38,20,43,33,28,14,32,40,26,36,16,41,14,41,31,37,14
1452617366,58,80,75,83,85,84,97,70,106,57,121,61,124,51,96,66,90,90,66,89,110,92,80,122,52,99,64,94,66,76,70,96,67,94,74,108,93,80,88,81,104,69,120,92,115,88,100,100,104,86,93,99,90,110,105,114,111,116,110,115,124,90,99,106,102,122,98,120,65,128,90,130,89,140,84,130,87,98,92,118,91,111,93,104,125,99,109,94,80,132,118,94,112,92,116,112,116,104,126,122,115,112,86,70,63,113,133,122,120,113,98,79,114,122,126,118,116,76,115,132,106,85,150,104,76,148,122,144,134,124,104,79,110,128,114,102,93,60,122,104,102,126,100,116,132,110,104,100,81,82,113,83,108,112,94,120,86,88,113,114,108,78,106,117,119,110,91,126,111,121,96,102,94,95,100,71,90,87,92,76,80,38,63,113,88,122,91,65,108,102,84,92,98,100,109,114,131,90,105,77,110,80,104,88,112,94,108,98,77,109,83,138,104,124,88,105,60,72,78,97,106,111,76,101,57,122,80,96,62,86,97,92,107,77,113,72,111,98,106,77
1452617367,56,61,51,64,52,70,60,69,64,54,79,47,73,40,62,49,68,66,54,69,75,65,68,60,62,70,63,45,65,64,48,58,50,58,59,69,54,52,50,73,65,50,92,69,73,66,68,65,68,57,68,77,63,62,87,78,70,88,74,78,89,84,73,76,71,88,68,67,54,82,75,81,73,83,70,74,60,64,68,78,62,78,72,76,70,66,74,73,70,86,60,67,68,65,69,82,66,86,85,75,61,74,73,50,62,106,95,71,66,58,82,64,86,92,74,66,67,70,108,82,73,80,85,68,66,104,76,72,81,86,59,58,79,72,67,60,66,55,92,61,80,76,54,78,94,76,79,58,43,57,100,53,72,86,63,77,58,79,82,66,48,55,66,68,72,84,59,84,68,66,82,73,53,77,58,50,60,74,67,67,49,42,60,61,54,66,55,50,73,64,76,64,73,67,74,78,74,47,63,64,92,60,68,69,65,66,86,71,59,62,55,81,57,74,54,49,41,56,56,74,62,70,54,67,46,70,72,56,62,76,78,64,68,59,69,60,76,66,64,49
1452617368,66,65,65,84,52,76,50,82,54,64,54,66,62,58,45,72,56,76,83,64,78,61,64,43,77,53,72,38,78,78,53,56,43,67,54,77,47,64,59,75,68,55,76,65,69,54,73,52,82,45,70,54,53,72,84,82,66,86,80,76,88,72,90,73,98,73,82,66,76,71,87,63,81,64,82,65,69,64,87,71,63,79,57,79,50,76,66,84,87,58,44,64,74,72,72,75,69,72,46,65,60,78,90,80,71,75,54,27,58,83,108,84,70,68,47,77,97,100,83,60,99,105,60,72,102,87,37,63,80,55,69,93,59,30,32,77,98,84,67,44,102,43,32,72,57,84,88,42,37,86,87,35,82,73,45,95,84,75,66,63,45,57,66,44,74,65,63,58,69,44,82,46,36,78,38,63,52,78,63,67,44,62,58,32,56,46,62,42,45,67,62,32,48,73,63,89,47,37,64,77,57,65,62,61,52,67,76,53,61,35,64,52,61,54,52,31,55,42,37,36,67,48,66,50,57,44,71,44,75,61,50,65,54,71,46,80,62,66,44,64
1461533619,0,0,0,0,0,0,0,0,0,0,0,0,0,0,0,0,0,0,0,0,0,0,0,0,0,0,0,0,0,0,0,0,0,0,0,0,0,0,0,0,0,0,0,0,0,0,0,0,0,0,0,0,0,0,0,0,0,0,0,0,0,0,0,0,0,0,0,0,0,0,0,0,0,0,0,0,0,0,0,0,0,0,0,0,0,0,0,0,0,0,0,0,0,0,0,0,0,0,0,0,0,0,0,0,0,0,0,0,0,0,0,0,0,0,0,0,0,0,0,0,0,0,0,0,0,0,0,0,0,0,0,0,0,0,0,0,0,0,0,0,0,0,0,0,0,0,0,0,0,0,0,0,0,0,0,0,0,0,0,0,0,0,0,0,0,0,0,0,0,0,0,0,0,0,0,0,0,0,0,0,0,0,0,0,0,0,0,0,0,0,0,0,0,0,0,0,0,0,0,0,0,0,0,0,0,0,0,0,0,0,0,0,0,0,0,0,0,0,0,0,0,0,0,0,0,0,0,0,0,0,0,0,0,0,0,0,0,0,0,0
1466165198,34,53,40,40,29,27,39,36,38,30,43,27,33,32,35,35,25,25,16,29,44,26,20,16,34,34,30,25,42,34,18,33,37,23,16,38,31,21,35,27,34,33,20,33,33,31,26,30,28,23,23,36,30,37,41,31,33,40,29,32,19,29,22,31,22,40,28,32,28,26,25,35,30,30,31,20,39,31,29,25,40,30,26,26,30,33,30,20,27,32,19,25,34,29,29,16,34,27,32,31,19,38,28,35,26,26,39,31,38,47,27,31,32,30,34,30,31,30,35,22,38,32,38,21,39,23,41,20,26,29,30,40,24,30,25,31,29,28,26,24,34,27,14,19,32,31,26,37,34,20,26,38,30,39,29,38,32,38,38,20,33,33,44,39,39,26,25,40,25,33,21,24,41,33,24,22,21,37,34,23,36,34,37,43,42,29,24,27,29,24,40,41,31,55,29,38,34,41,55,24,18,42,32,24,41,35,35,32,55,44,40,40,50,41,55,55,46,34,48,41,36,64,63,56,52,44,36,41,33,34,31,43,44,49,26,25,42,35,29,23
1469037766,106,74,98,88,118,76,74,87,89,77,73,96,73,90,61,114,63,129,65,94,77,125,77,109,83,118,80,106,89,116,91,125,83,72,119,90,110,78,98,69,64,88,164,105,59,134,132,84,84,129,42,104,118,103,104,92,138,118,78,92,177,76,115,132,111,70,128,114,65,34,153,109,119,101,44,180,64,96,73,75,147,123,98,81,160,80,109,81,37,177,149,104,104,147,147,82,91,134,140,88,166,146,89,75,131,77,198,79,123,139,94,40,133,122,59,38,130,170,110,68,56,42,131,68,156,122,66,87,104,76,207,136,82,72,132,118,110,75,109,119,57,176,63,150,136,124,103,62,128,112,78,113,140,103,162,156,56,155,101,86,122,128,61,116,147,141,94,112,162,144,46,117,177,44,140,120,106,131,84,136,129,129,69,64,141,119,118,38,180,141,92,74,153,110,77,172,88,48,137,180,114,50,143,164,96,136,56,69,230,119,46,100,226,59,100,195,145,100,44,42,153,164,115,52,107,184,72,124,146,124,84,185,114,144,104,58,51,130,151,82
1474402823,0,0,0,0,0,0,0,0,0,0,0,0,0,0,0,0,0,0,0,0,0,0,0,0,0,0,0,0,0,0,0,0,0,0,0,0,0,0,0,0,0,0,0,0,0,0,0,0,0,0,0,0,0,0,0,0,0,0,0,0,0,0,0,0,0,0,0,0,0,0,0,0,0,0,0,0,0,0,0,0,0,0,0,0,0,0,0,0,0,0,0,0,0,0,0,0,0,0,0,0,0,0,0,0,0,0,0,0,0,0,0,0,0,0,0,0,0,0,0,0,0,0,0,0,0,0,0,0,0,0,0,0,0,0,0,0,0,0,0,0,0,0,0,0,0,0,0,0,0,0,0,0,0,0,0,0,0,0,0,0,0,0,0,0,0,0,0,0,0,0,0,0,0,0,0,0,0,0,0,0,0,0,0,0,0,0,0,0,0,0,0,0,0,0,0,0,0,0,0,0,0,0,0,0,0,0,0,0,0,0,0,0,0,0,0,0,0,0,0,0,0,0,0,0,0,0,0,0,0,0,0,0,0,0,0,0,0,0,0,0
1474402823-AddedOnRampEdge,0,0,0,0,0,0,0,0,0,0,0,0,0,0,0,0,0,0,0,0,0,0,0,0,0,0,0,0,0,0,0,0,0,0,0,0,0,0,0,0,0,0,0,0,0,0,0,0,0,0,0,0,0,0,0,0,0,0,0,0,0,0,0,0,0,0,0,0,0,0,0,0,0,0,0,0,0,0,0,0,0,0,0,0,0,0,0,0,0,0,0,0,0,0,0,0,0,0,0,0,0,0,0,0,0,0,0,0,0,0,0,0,0,0,0,0,0,0,0,0,0,0,0,0,0,0,0,0,0,0,0,0,0,0,0,0,0,0,0,0,0,0,0,0,0,0,0,0,0,0,0,0,0,0,0,0,0,0,0,0,0,0,0,0,0,0,0,0,0,0,0,0,0,0,0,0,0,0,0,0,0,0,0,0,0,0,0,0,0,0,0,0,0,0,0,0,0,0,0,0,0,0,0,0,0,0,0,0,0,0,0,0,0,0,0,0,0,0,0,0,0,0,0,0,0,0,0,0,0,0,0,0,0,0,0,0,0,0,0,0
148016866,49,33,52,36,54,25,57,31,61,29,58,36,51,38,42,49,50,45,45,40,51,39,57,32,65,37,61,31,52,22,40,23,39,26,38,28,32,23,37,9,27,25,37,39,42,57,86,69,38,41,61,43,75,61,58,60,79,63,50,58,74,96,51,82,58,61,55,85,61,65,38,76,66,52,54,55,72,28,71,65,58,62,64,56,49,70,45,58,56,65,78,72,75,53,91,48,33,88,64,64,64,88,77,43,24,45,68,55,87,69,37,63,66,44,36,60,91,65,42,28,66,65,35,94,71,58,33,56,76,55,88,75,52,33,51,79,56,31,83,58,62,44,66,74,82,56,50,77,47,72,49,54,73,64,69,72,75,47,54,60,68,54,44,34,74,54,50,60,83,48,67,66,49,77,62,78,58,46,79,56,81,75,40,37,62,84,61,48,61,84,40,36,56,54,75,56,37,67,67,74,46,55,38,64,67,45,67,61,40,72,68,55,51,85,35,77,71,39,57,47,55,41,58,40,70,47,60,52,85,38,69,67,52,46,47,65,48,51,51,70
148016873#0,41,27,40,32,41,24,48,30,52,27,45,31,43,32,33,43,47,40,38,34,46,31,50,33,58,33,54,28,40,15,29,18,31,16,26,17,25,15,30,3,20,18,27,33,38,56,70,61,37,35,54,37,59,48,47,53,65,56,46,55,64,81,46,70,55,53,51,65,48,51,37,64,59,44,46,43,54,33,59,56,48,58,54,43,44,56,34,45,50,57,65,55,62,39,73,43,30,67,52,53,54,74,64,34,19,44,62,50,76,61,38,55,54,39,32,50,77,54,42,27,50,55,27,76,61,55,40,48,66,55,71,62,43,29,45,63,47,21,58,48,55,43,59,60,69,52,44,64,42,59,42,48,64,47,57,65,60,44,40,47,53,46,53,34,61,47,46,51,73,49,57,57,36,59,51,64,52,37,65,46,66,60,33,32,47,70,55,48,50,73,38,32,50,46,65,50,33,60,58,62,47,46,36,54,59,47,59,56,36,58,57,54,47,76,33,63,61,32,50,42,46,34,47,37,59,45,45,44,71,35,61,59,45,42,39,53,43,45,48,57
150785556#1-AddedOffRampEdge,19,12,14,13,21,15,9,21,10,13,14,19,12,17,11,17,24,10,18,17,13,8,16,20,9,21,14,17,16,16,19,15,19,9,19,16,21,24,23,17,18,19,13,21,17,13,24,25,20,12,27,17,19,20,22,25,17,24,24,19,23,16,17,14,28,26,21,23,21,23,15,21,19,24,17,19,25,17,20,22,25,19,24,22,22,28,27,32,24,23,25,26,24,23,30,20,31,29,22,17,23,25,6,11,16,32,17,9,10,19,24,16,17,26,19,8,16,29,29,18,9,2,4,28,18,17,4,7,20,13,5,14,26,22,19,7,5,15,23,14,20,21,6,8,26,21,34,12,3,6,10,5,7,18,11,24,26,8,7,26,28,25,37,22,11,13,12,5,20,22,29,35,14,6,6,9,23,27,26,28,27,2,12,14,21,21,14,21,31,18,10,11,24,21,16,17,13,11,21,8,10,10,10,21,19,17,15,24,7,5,7,17,19,23,20,17,32,14,14,21,6,10,14,21,19,33,6,5,15,14,21,21,21,29,20,10,18,13,23,31
150785556#2,23,15,15,15,26,18,10,28,12,14,16,23,13,20,13,19,30,12,20,20,15,9,20,20,10,26,15,19,21,17,21,19,21,10,19,16,21,24,23,17,18,19,13,21,17,13,24,25,21,16,32,19,25,23,24,27,22,27,28,22,27,24,18,17,31,31,25,27,25,27,19,24,22,31,22,22,27,20,22,23,29,21,29,25,26,31,28,35,27,25,30,32,27,30,34,22,37,33,27,20,26,29,10,16,20,37,21,12,16,23,29,21,22,32,25,11,20,31,35,21,14,5,9,31,22,20,9,11,24,17,11,19,32,25,26,13,10,18,29,18,23,28,10,12,33,23,39,16,6,12,15,7,12,24,14,27,31,11,13,27,31,29,45,29,16,20,17,12,23,25,35,46,20,11,12,18,26,30,30,33,31,3,17,21,22,24,17,28,38,23,14,14,28,25,19,22,17,15,27,17,16,14,12,26,22,19,21,32,12,9,8,20,21,28,21,20,41,19,16,30,9,16,17,23,23,43,9,7,23,16,24,25,28,35,25,15,22,16,28,38
152051153#3,124,166,94,132,140,124,107,156,184,86,146,159,184,130,158,144,168,113,170,190,136,143,96,157,144,180,162,131,186,152,118,160,146,136,172,139,204,174,98,202,178,148,146,79,146,188,150,210,147,198,168,154,149,123,90,158,166,140,107,181,198,189,171,152,195,156,186,126,100,136,173,230,155,144,168,163,187,98,195,234,228,140,188,164,190,200,124,194,185,184,166,98,174,164,170,178,154,151,186,140,202,158,62,182,162,220,87,110,200,186,166,194,98,145,196,135,181,178,43,186,148,209,118,186,176,188,140,122,178,137,158,180,192,196,196,102,183,164,170,166,168,111,169,182,155,118,164,187,149,172,92,160,149,178,174,170,125,170,147,140,192,194,156,202,93,154,157,165,188,76,158,152,152,176,159,142,114,162,120,160,148,166,90,158,172,160,170,147,58,123,100,152,164,110,136,134,129,162,138,100,156,146,143,131,162,150,158,144,84,98,148,141,112,163,171,128,126,156,160,145,149,117,190,152,136,128,171,128,159,132,162,174,80,123,177,96,145,184,110,104
152051153#3-AddedOffRampEdge,124,166,94,132,140,124,107,156,184,86,146,159,184,130,158,144,168,113,170,190,136,143,96,157,144,180,162,131,186,152,118,160,146,136,172,139,204,174,98,202,178,148,146,79,146,188,150,210,147,198,168,154,149,123,90,158,166,140,107,181,198,189,171,152,195,156,186,126,100,136,173,230,155,144,168,163,187,98,195,234,228,140,188,164,190,200,124,194,185,184,166,98,174,164,170,178,154,151,186,140,202,158,62,182,162,220,87,110,200,186,166,194,98,145,196,135,181,178,43,186,148,209,118,186,176,188,140,122,178,137,158,180,192,196,196,102,183,164,170,166,168,111,169,182,155,118,164,187,149,172,92,160,149,178,174,170,125,170,147,140,192,194,156,202,93,154,157,165,188,76,158,152,152,176,159,142,114,162,120,160,148,166,90,158,172,160,170,147,58,123,100,152,164,110,136,134,129,162,138,100,156,146,143,131,162,150,158,144,84,98,148,141,112,163,171,128,126,156,160,145,149,117,190,152,136,128,171,128,159,132,162,174,80,123,177,96,145,184,110,104
152582846,56,70,61,58,45,77,51,66,62,72,65,47,52,69,69,60,61,57,64,63,45,67,76,69,55,86,63,73,66,71,75,54,88,53,53,80,44,0,0,0,0,0,0,0,0,0,0,0,0,0,0,19,69,87,97,70,79,67,102,65,71,73,113,75,90,79,48,79,99,56,48,94,77,63,107,54,86,97,74,61,77,84,98,76,64,139,111,69,85,40,67,107,93,73,78,140,153,101,80,84,105,54,47,85,80,101,100,88,88,81,71,65,102,90,75,133,49,89,122,97,64,67,43,96,54,74,72,85,123,105,80,89,72,118,51,72,149,99,54,56,128,63,93,84,105,104,82,70,73,55,118,40,114,95,96,111,112,77,116,59,66,122,101,62,91,128,128,67,95,99,70,49,86,95,68,113,75,52,55,93,86,77,121,69,83,102,90,96,50,97,79,92,78,72,79,64,88,54,69,65,63,121,66,63,100,97,74,84,57,78,102,65,74,95,48,56,94,117,70,105,33,106,69,66,35,83,93,66,96,116,97,106,121,66,81,75,79,71,76,101
154340361#1,42,32,59,37,47,25,45,39,43,37,47,28,44,39,36,43,33,38,34,45,33,40,43,29,60,26,47,32,51,36,64,39,60,38,57,37,60,31,67,15,51,38,51,60,41,24,71,63,50,41,55,37,67,55,40,62,69,61,32,49,49,91,30,89,33,54,46,97,50,74,31,69,51,47,52,56,86,24,57,42,65,38,47,67,42,61,35,60,59,42,60,73,70,53,76,56,26,75,53,67,39,74,76,43,24,18,48,46,79,56,15,64,66,32,21,53,87,68,12,17,72,57,34,76,77,42,30,53,56,17,76,80,55,28,29,68,63,35,70,43,71,24,45,68,68,57,38,60,38,70,48,30,46,64,59,32,57,44,44,49,63,57,12,19,66,46,29,74,61,19,50,58,34,59,67,65,59,36,49,36,69,55,49,16,58,72,40,14,53,68,34,24,45,38,75,56,30,36,54,70,33,52,42,47,44,14,55,54,24,64,44,39,43,58,18,57,56,28,44,41,54,26,39,37,58,25,52,58,70,30,40,46,52,33,34,53,44,48,28,54
154340361#3,14,17,25,19,9,13,13,27,10,26,8,15,11,21,9,20,8,15,10,20,7,16,5,20,20,14,10,22,11,14,24,16,20,13,19,9,27,8,30,6,24,13,14,29,17,8,10,19,34,10,20,14,16,12,13,28,16,24,16,23,15,28,11,39,11,19,20,37,12,32,15,20,18,22,24,20,28,14,7,7,29,13,14,32,25,16,8,18,32,17,8,23,29,24,16,30,12,11,12,29,15,18,25,15,11,6,8,18,24,18,6,25,24,14,11,13,26,33,10,12,21,18,15,15,27,11,16,16,10,6,19,27,22,13,12,15,25,15,10,14,36,13,9,14,15,26,14,13,14,21,25,8,12,20,27,12,10,27,16,12,17,29,9,13,19,13,12,33,16,8,17,20,12,12,24,22,27,17,5,12,27,4,19,7,17,22,13,9,10,25,17,11,11,11,29,28,15,15,14,25,18,21,25,12,7,9,25,27,12,12,14,24,26,16,8,15,16,14,8,14,21,11,11,21,16,15,12,26,26,18,11,9,22,17,12,9,22,30,18,10
160558221#0,0,0,0,0,0,0,0,0,0,0,0,0,0,0,0,0,0,0,0,0,0,0,0,0,0,0,0,0,0,0,0,0,0,0,0,0,0,0,0,0,0,0,0,0,0,0,0,0,0,0,0,0,0,0,0,0,0,0,0,0,0,0,0,0,0,0,0,0,0,0,0,0,0,0,0,0,0,0,0,0,0,0,0,0,0,0,0,0,0,0,0,0,0,0,0,0,0,0,0,0,0,0,0,0,0,0,0,0,0,0,0,0,0,0,0,0,0,0,0,0,0,0,0,0,0,0,0,0,0,0,0,0,0,0,0,0,0,0,0,0,0,0,0,0,0,0,0,0,0,0,0,0,0,0,0,0,0,0,0,0,0,0,0,0,0,0,0,0,0,0,0,0,0,0,0,0,0,0,0,0,0,0,0,0,0,0,0,0,0,0,0,0,0,0,0,0,0,0,0,0,0,0,0,0,0,0,0,0,0,0,0,0,0,0,0,0,0,0,0,0,0,0,0,0,0,0,0,0,0,0,0,0,0,0,0,0,0,0,0,0
160558221#4,0,0,0,0,0,0,0,0,0,0,0,0,0,0,0,0,0,0,0,0,0,0,0,0,0,0,0,0,0,0,0,0,0,0,0,0,0,0,0,0,0,0,0,0,0,0,0,0,0,0,0,0,0,0,0,0,0,0,0,0,0,0,0,0,0,0,0,0,0,0,0,0,0,0,0,0,0,0,0,0,0,0,0,0,0,0,0,0,0,0,0,0,0,0,0,0,0,0,0,0,0,0,0,0,0,0,0,0,0,0,0,0,0,0,0,0,0,0,0,0,0,0,0,0,0,0,0,0,0,0,0,0,0,0,0,0,0,0,0,0,0,0,0,0,0,0,0,0,0,0,0,0,0,0,0,0,0,0,0,0,0,0,0,0,0,0,0,0,0,0,0,0,0,0,0,0,0,0,0,0,0,0,0,0,0,0,0,0,0,0,0,0,0,0,0,0,0,0,0,0,0,0,0,0,0,0,0,0,0,0,0,0,0,0,0,0,0,0,0,0,0,0,0,0,0,0,0,0,0,0,0,0,0,0,0,0,0,0,0,0
161416660#0,17,48,35,41,39,42,32,30,41,23,39,26,39,26,49,22,42,28,36,45,32,45,28,47,22,55,58,23,52,44,35,50,16,44,62,17,60,46,26,55,36,41,52,17,52,44,44,65,21,54,51,48,50,27,18,58,54,20,18,48,45,61,47,69,39,39,43,35,52,25,41,78,30,58,51,27,47,21,66,70,63,43,63,26,60,64,30,65,45,60,53,29,64,34,36,66,41,44,54,33,65,41,22,54,75,59,20,36,66,46,30,58,36,54,58,23,58,52,15,52,62,46,22,56,66,53,23,36,70,62,45,41,42,60,60,18,52,39,45,64,64,22,53,52,33,50,39,39,38,41,16,55,31,31,57,51,18,44,57,35,52,44,31,50,21,43,34,26,46,22,45,28,32,48,30,43,27,52,17,40,48,56,21,54,52,27,42,27,21,36,41,53,34,32,46,42,11,35,43,30,44,16,40,55,43,20,49,28,21,40,52,23,18,46,42,45,38,58,28,34,45,58,57,27,30,9,45,48,38,17,48,45,22,25,43,11,41,49,30,31
161984942,168,134,140,176,91,178,142,190,186,182,189,140,153,204,158,177,152,195,182,181,144,153,174,188,192,183,202,194,206,139,207,148,226,170,160,223,220,231,234,174,169,168,160,208,272,202,214,218,218,186,240,198,226,256,172,223,164,177,236,214,198,200,254,218,248,185,166,206,230,174,197,252,214,163,221,150,240,232,236,180,209,226,232,190,210,306,220,238,242,168,170,236,206,200,174,332,205,116,234,202,240,131,108,149,212,274,188,238,236,240,225,226,271,264,240,260,174,206,248,266,171,154,120,220,238,216,247,224,250,222,186,210,223,267,232,246,288,266,194,195,356,181,266,240,222,296,264,244,265,210,292,213,256,188,206,214,290,211,292,214,178,314,261,172,248,335,213,231,310,256,208,160,236,339,190,327,156,131,159,271,238,299,276,242,250,243,236,238,201,265,250,296,195,196,288,208,235,189,207,172,184,336,214,191,256,312,284,213,232,242,324,266,245,298,202,204,304,309,247,296,160,302,201,250,194,286,235,168,250,280,271,211,326,197,284,266,250,208,204,358
164042287#0,0,0,0,0,0,0,0,0,0,0,0,0,0,0,0,0,0,0,0,0,0,0,0,0,0,0,0,0,0,0,0,0,0,0,0,0,0,0,0,0,0,0,0,0,0,0,0,0,0,0,0,0,0,0,0,0,0,0,0,0,0,0,0,0,0,0,0,0,0,0,0,0,0,0,0,0,0,0,0,0,0,0,0,0,0,0,0,0,0,0,0,0,0,0,0,0,0,0,0,0,0,0,0,0,0,0,0,0,0,0,0,0,0,0,0,0,0,0,0,0,0,0,0,0,0,0,0,0,0,0,0,0,0,0,0,0,0,0,0,0,0,0,0,0,0,0,0,0,0,0,0,0,0,0,0,0,0,0,0,0,0,0,0,0,0,0,0,0,0,0,0,0,0,0,0,0,0,0,0,0,0,0,0,0,0,0,0,0,0,0,0,0,0,0,0,0,0,0,0,0,0,0,0,0,0,0,0,0,0,0,0,0,0,0,0,0,0,0,0,0,0,0,0,0,0,0,0,0,0,0,0,0,0,0,0,0,0,0,0,0
171887405#1,77,65,82,73,54,71,44,84,70,64,76,81,67,60,54,77,65,51,53,37,53,78,64,68,53,47,74,54,44,89,85,59,84,80,54,49,40,82,72,79,72,94,90,57,86,76,56,69,74,65,84,76,52,61,77,45,80,76,70,55,68,82,95,47,43,77,99,68,84,85,74,48,80,81,92,50,76,82,74,79,48,90,85,78,79,70,78,101,83,75,72,81,106,123,98,51,113,80,78,82,78,73,87,71,91,90,88,52,78,91,91,103,63,80,80,92,55,79,94,95,49,79,87,87,59,87,120,46,61,83,76,43,66,88,93,95,46,80,42,47,83,103,78,89,50,78,74,82,53,86,83,83,54,87,81,65,67,90,61,73,66,42,60,59,48,80,72,60,62,55,70,57,41,39,71,71,85,52,45,71,74,55,44,64,77,71,77,48,86,85,76,72,70,80,79,65,81,65,46,73,81,80,76,54,67,71,69,70,44,80,101,80,78,76,79,89,61,72,70,76,74,53,87,76,63,55,92,47,59,82,63,38,54,69,74,38,52,90,86,89
171887405#3,26,25,49,9,36,42,14,54,17,34,55,30,38,12,27,57,12,35,42,4,35,40,4,57,30,10,47,10,28,55,36,14,56,29,33,27,10,62,57,23,51,63,48,5,61,41,11,54,43,2,59,44,2,33,52,6,61,53,43,5,23,59,48,3,10,62,56,19,57,59,18,12,54,55,38,10,56,56,13,47,10,51,59,56,46,6,57,62,54,10,46,59,76,92,34,30,80,32,31,58,53,34,3,35,59,59,28,2,43,68,60,39,5,49,43,30,11,59,58,40,31,53,62,42,7,55,74,4,30,57,33,5,26,54,64,31,20,40,4,23,50,55,59,28,28,51,56,39,18,58,55,14,19,60,52,46,43,8,27,44,28,18,49,15,18,57,44,20,29,43,33,40,16,5,54,48,51,11,26,52,53,7,14,56,50,46,13,23,60,50,54,52,51,24,4,33,58,15,14,42,54,59,36,5,52,45,46,30,11,45,64,57,17,49,52,35,8,55,47,55,8,18,52,49,11,24,59,8,44,56,27,4,32,50,33,6,17,55,43,59
172920274,14,12,10,12,9,10,15,11,17,14,9,15,11,17,15,10,16,16,15,15,19,22,18,16,20,14,21,13,13,23,14,16,14,14,19,13,15,15,13,20,13,17,15,14,18,13,14,18,16,19,12,11,18,14,21,15,13,21,16,17,18,9,21,17,13,25,15,22,19,16,25,17,18,19,12,24,18,21,16,12,28,15,12,26,17,19,25,15,24,18,11,19,12,19,23,18,24,16,19,20,14,20,16,28,20,14,29,11,20,21,14,15,21,13,24,26,19,16,10,21,13,16,17,16,21,19,32,15,14,15,16,15,18,14,24,24,15,25,12,12,14,17,18,15,25,14,14,20,20,15,19,11,21,17,11,32,13,13,17,13,16,10,17,17,16,16,13,11,18,14,16,12,11,15,14,16,17,11,21,17,12,20,13,10,15,13,15,13,16,14,8,21,8,7,14,13,21,14,12,16,8,21,15,10,16,11,13,14,12,16,13,16,14,11,9,12,10,19,15,19,11,11,14,14,24,15,16,19,14,11,15,13,17,9,13,14,14,16,17,10
172920275,29,33,26,27,28,20,34,26,39,34,27,39,29,37,36,29,34,40,34,37,40,46,41,30,46,32,40,31,30,55,32,37,32,30,44,28,38,42,33,46,34,43,40,35,37,31,33,48,44,50,39,32,54,37,53,50,31,50,44,37,43,27,60,47,33,61,42,52,54,41,58,48,52,48,37,58,49,47,46,33,62,41,36,64,48,50,57,36,62,48,29,44,36,55,58,43,59,36,47,44,34,54,43,56,54,39,67,33,49,52,31,39,49,35,62,61,42,40,26,54,36,42,45,40,52,52,76,46,33,35,41,35,43,35,61,64,38,61,34,29,36,40,40,46,51,29,34,52,50,37,48,31,48,43,32,71,34,33,45,31,42,34,46,50,40,37,35,31,47,38,41,32,25,40,38,43,45,30,53,49,33,51,35,32,37,35,42,35,36,39,26,48,21,24,41,37,52,40,28,40,28,53,43,31,35,27,29,37,29,37,35,33,36,29,19,28,26,47,36,40,33,30,33,42,56,39,37,37,28,26,39,34,37,25,37,38,38,36,41,28
172920277#0,0,0,0,0,0,0,0,0,0,0,0,0,0,0,0,0,0,0,0,0,0,0,0,0,0,0,0,0,0,0,0,0,0,0,0,0,0,0,0,0,0,0,0,0,0,0,0,0,0,0,0,0,0,0,0,0,0,0,0,0,0,0,0,0,0,0,0,0,0,0,0,0,0,0,0,0,0,0,0,0,0,0,0,0,0,0,0,0,0,0,0,0,0,0,0,0,0,0,0,0,0,0,0,0,0,0,0,0,0,0,0,0,0,0,0,0,0,0,0,0,0,0,0,0,0,0,0,0,0,0,0,0,0,0,0,0,0,0,0,0,0,0,0,0,0,0,0,0,0,0,0,0,0,0,0,0,0,0,0,0,0,0,0,0,0,0,0,0,0,0,0,0,0,0,0,0,0,0,0,0,0,0,0,0,0,0,0,0,0,0,0,0,0,0,0,0,0,0,0,0,0,0,0,0,0,0,0,0,0,0,0,0,0,0,0,0,0,0,0,0,0,0,0,0,0,0,0,0,0,0,0,0,0,0,0,0,0,0,0,0
172947338#1,73,62,57,61,70,50,82,84,58,76,58,64,58,61,52,67,74,61,60,85,61,50,74,68,62,65,64,66,80,71,62,94,57,58,68,81,80,64,62,74,94,67,65,62,73,77,106,72,67,69,96,86,74,66,56,76,86,90,75,72,76,70,96,88,69,69,73,97,104,90,70,72,60,80,100,98,74,68,64,100,108,102,75,70,66,85,98,82,74,62,59,88,90,85,74,65,73,102,101,70,55,70,85,78,95,78,68,65,90,86,86,63,71,69,84,91,94,65,58,64,93,93,86,69,74,67,75,80,88,63,54,66,84,81,78,68,64,55,77,81,85,72,69,54,62,82,76,89,98,90,76,60,64,60,82,83,88,88,60,54,50,80,66,80,86,67,75,74,83,75,66,62,83,80,75,68,66,68,90,75,89,71,64,64,70,65,90,91,70,79,81,76,77,75,72,70,78,83,80,74,60,60,82,73,70,72,55,57,76,71,71,58,72,64,81,63,69,68,75,66,54,45,55,77,72,74,54,66,62,59,50,70,82,75,72,66,74,77,64,59
180375724#0,88,100,87,108,102,109,108,108,116,94,114,92,121,98,114,116,122,112,114,94,136,102,78,113,100,108,83,102,92,84,81,106,77,119,90,110,93,88,82,104,117,77,128,95,112,84,101,94,118,86,100,85,86,108,94,125,100,116,113,104,122,94,112,112,118,116,94,111,100,121,98,114,108,117,106,131,106,116,106,117,114,119,92,102,101,110,104,118,102,113,108,112,123,86,114,121,118,106,104,122,86,101,104,114,100,116,111,76,106,100,117,124,134,126,74,112,106,88,118,108,127,100,120,128,104,156,94,112,141,116,92,106,112,132,77,94,95,78,108,109,123,100,40,136,92,108,93,62,68,94,132,88,104,100,90,94,102,95,104,94,92,76,100,97,94,112,98,113,109,105,117,122,94,86,110,93,112,112,92,100,85,79,96,118,84,118,76,72,98,100,113,100,112,108,112,114,69,62,102,98,112,72,117,86,110,90,103,106,80,96,100,132,94,116,84,106,84,92,90,110,91,107,97,104,75,98,104,87,36,58,108,78,98,92,95,90,108,92,98,99
180375724#1,88,100,87,108,102,109,108,108,116,94,114,92,121,98,114,116,122,112,114,94,136,102,78,113,100,108,83,102,92,84,81,106,77,119,90,110,93,88,82,104,117,77,128,95,112,84,101,94,118,86,100,85,86,108,94,125,100,116,113,104,122,94,112,112,118,116,94,111,100,121,98,114,108,117,106,131,106,116,106,117,114,119,92,102,101,110,104,118,102,113,108,112,123,86,114,121,118,106,104,122,86,101,104,114,100,116,111,76,106,100,117,124,134,126,74,112,106,88,118,108,127,100,120,128,104,156,94,112,141,116,92,106,112,132,77,94,95,78,108,109,123,100,40,136,92,108,93,62,68,94,132,88,104,100,90,94,102,95,104,94,92,76,100,97,94,112,98,113,109,105,117,122,94,86,110,93,112,112,92,100,85,79,96,118,84,118,76,72,98,100,113,100,112,108,112,114,69,62,102,98,112,72,117,86,110,90,103,106,80,96,100,132,94,116,84,106,84,92,90,110,91,107,97,104,75,98,104,87,36,58,108,78,98,92,95,90,108,92,98,99
208827400,3,2,1,2,5,3,1,7,3,1,2,4,1,3,2,3,6,2,2,3,2,1,4,1,2,5,1,2,5,1,2,4,2,0,0,0,0,0,0,0,0,0,0,0,0,0,0,0,1,4,5,2,5,3,2,2,5,2,4,3,5,7,1,2,4,5,4,4,4,3,4,3,3,7,5,3,2,3,2,2,4,2,5,2,5,4,1,4,4,2,6,6,3,7,4,2,6,4,5,3,3,4,4,5,4,5,5,4,6,3,5,6,5,6,6,2,4,2,6,3,5,4,5,4,5,3,5,4,4,4,5,5,6,3,7,6,5,3,6,3,4,7,4,4,7,2,5,4,3,6,5,2,5,6,2,3,5,3,6,1,4,4,8,7,5,7,5,7,3,3,6,11,6,5,6,9,4,3,4,5,4,2,5,7,1,3,3,7,7,5,4,3,4,4,3,4,4,4,6,9,6,3,2,5,3,2,6,8,5,4,1,3,3,5,2,3,9,5,2,8,3,6,3,2,4,10,2,2,7,2,3,4,6,6,5,5,5,3,5,8
224618934#1,50,23,35,36,26,36,32,40,36,26,48,28,30,39,24,37,39,30,48,37,27,27,30,55,29,46,26,35,43,38,38,45,23,52,36,44,35,36,35,33,32,53,33,37,40,61,42,46,28,28,45,38,46,36,30,47,49,35,45,34,75,27,37,29,59,24,43,30,44,46,30,43,44,47,28,28,32,29,44,47,41,43,49,36,31,50,34,46,42,46,40,49,40,35,40,34,40,50,36,46,54,50,27,37,22,56,48,34,30,48,42,36,38,44,49,38,48,44,57,46,48,33,28,31,43,49,34,42,50,43,43,23,34,28,44,48,20,37,46,40,45,52,50,47,41,33,36,38,38,47,42,60,29,36,44,56,60,45,44,50,37,34,42,34,48,58,38,37,30,57,36,37,35,37,40,42,39,34,29,40,53,40,22,48,37,41,35,32,36,43,32,36,39,33,46,44,44,49,42,44,45,40,36,29,41,60,46,42,38,39,51,45,41,55,46,47,35,34,35,34,40,41,35,34,33,56,43,48,44,31,48,39,44,60,42,30,46,48,63,35
224618934#2,32,60,25,49,34,46,57,30,63,50,42,52,33,54,45,58,49,27,50,56,37,61,48,28,61,80,47,65,52,46,74,37,54,67,40,72,58,40,52,53,41,55,71,52,67,58,59,35,57,66,68,95,57,78,72,28,90,70,42,78,71,57,84,58,58,88,56,68,90,56,92,76,46,81,72,77,72,82,93,60,70,79,56,74,72,63,98,84,57,90,77,86,105,108,84,56,66,85,82,58,64,105,91,114,81,74,84,89,68,66,65,73,67,89,96,80,72,76,87,102,102,100,94,66,61,73,64,86,98,67,87,55,86,89,82,117,91,68,81,57,109,81,67,88,100,63,80,66,71,95,79,85,80,93,77,66,73,105,91,89,75,71,83,75,103,74,90,85,87,62,89,82,74,70,81,54,80,71,68,72,79,44,68,73,65,54,85,48,82,60,61,89,52,73,82,67,83,61,79,78,62,61,79,51,78,75,74,73,98,85,75,61,72,57,58,77,63,53,89,71,57,81,68,71,64,70,68,104,89,61,91,61,71,85,71,76,65,72,46,68
224618934#3,50,95,44,76,44,66,91,35,100,97,64,67,47,105,72,81,75,41,71,94,50,77,63,36,97,97,55,88,63,63,113,51,69,105,52,96,85,50,79,74,57,89,88,64,102,71,82,54,95,83,79,140,92,101,106,46,121,99,60,111,94,80,123,91,85,129,75,80,136,74,129,132,68,110,136,99,89,122,140,80,117,111,75,110,101,84,159,142,85,157,110,126,188,185,144,80,120,152,139,111,93,186,175,198,141,125,133,128,94,131,110,100,108,165,169,148,102,146,148,158,172,172,172,120,101,114,90,143,167,120,149,103,162,159,145,192,136,114,139,89,146,137,84,136,152,84,100,82,125,153,102,120,128,142,106,102,115,175,154,136,109,137,130,93,138,100,149,115,122,84,141,118,103,118,134,88,124,101,90,111,106,56,108,107,88,79,106,55,122,88,76,136,84,106,119,102,119,91,123,102,84,105,117,78,107,114,98,122,145,120,96,113,101,82,95,103,86,90,121,108,88,146,124,109,94,98,115,146,140,86,163,94,112,125,96,114,90,106,68,91
22893740,61,44,66,55,82,50,69,45,64,45,83,43,71,53,66,60,62,53,58,61,68,75,78,53,76,47,71,46,88,70,80,74,76,68,82,82,71,68,80,52,86,82,87,64,54,88,118,92,70,75,78,81,99,90,88,104,106,86,64,76,87,122,67,105,65,83,95,118,90,82,77,106,100,62,93,100,119,58,114,95,93,79,90,89,70,63,86,115,84,80,109,105,109,88,116,62,69,124,108,95,98,142,119,82,72,59,96,88,103,90,61,83,95,77,68,90,108,101,47,19,99,93,73,129,107,71,43,80,105,60,125,112,72,73,74,105,82,80,120,79,79,60,85,102,100,82,70,98,66,93,77,59,90,98,90,82,100,69,71,79,108,77,51,59,87,88,78,98,103,72,90,88,74,100,93,101,86,80,99,61,93,105,69,51,106,107,69,44,88,91,52,58,79,77,95,72,53,60,85,112,55,72,64,83,83,64,83,82,72,97,75,60,74,97,45,86,87,67,78,65,91,67,76,63,92,54,82,77,99,63,71,81,74,72,59,88,65,74,73,104
23018325#3,26,28,14,19,28,20,12,27,11,17,30,29,14,26,18,15,24,36,19,16,20,34,18,21,26,26,14,16,21,32,24,9,23,30,28,10,13,23,32,20,10,30,30,27,14,26,30,35,12,13,25,29,32,16,19,24,34,17,27,32,36,35,21,22,22,37,19,16,26,31,25,15,27,31,19,14,23,34,32,16,21,24,33,32,20,20,36,30,28,28,18,27,27,35,24,16,26,32,31,30,17,17,24,29,22,23,25,20,28,18,18,21,22,29,19,16,24,28,16,19,24,34,19,27,28,30,26,10,25,23,18,35,20,20,23,30,18,16,21,27,28,24,11,30,28,26,30,18,10,24,29,28,25,14,12,14,21,30,29,14,16,20,19,30,22,18,29,29,31,36,21,20,23,15,27,12,16,22,26,24,13,10,14,12,20,24,26,13,18,21,23,27,21,16,27,28,30,29,20,13,25,23,25,24,12,9,16,12,21,16,15,22,24,8,8,16,17,26,19,9,30,24,14,10,10,21,24,30,22,11,31,30,16,6,15,18,22,20,16,30
23029281,99,80,128,38,78,136,81,98,101,117,130,63,92,101,96,126,67,116,76,59,90,106,39,118,101,78,127,81,79,80,122,124,134,80,100,128,50,122,114,89,94,124,122,78,139,76,127,119,110,88,166,100,90,137,101,79,150,121,90,100,49,152,146,53,98,143,105,114,142,104,141,101,89,149,120,57,155,154,38,137,98,68,119,160,138,113,121,132,157,121,128,146,161,164,106,136,191,104,121,126,114,98,85,131,100,121,126,86,112,136,156,107,72,99,119,73,85,139,148,81,127,140,171,93,88,129,136,96,109,121,92,95,93,139,130,64,88,98,88,97,118,143,121,98,108,134,133,108,111,122,134,56,67,121,114,138,70,88,118,109,83,102,99,101,99,141,91,82,120,116,78,119,104,49,73,62,138,110,123,136,119,72,111,137,131,88,82,111,136,130,79,120,144,123,55,136,151,86,52,66,130,155,116,89,96,113,133,114,81,126,147,110,53,95,136,120,96,93,102,137,89,75,117,150,80,44,155,95,122,123,101,72,122,124,94,64,99,152,130,112
23029284,150,167,144,124,131,182,108,162,118,137,164,113,191,117,135,198,97,122,151,99,150,202,99,150,123,120,149,122,94,182,161,88,189,144,108,154,149,126,164,132,148,171,131,90,203,120,126,161,104,136,167,94,165,124,148,192,101,129,148,93,169,178,135,157,80,165,158,131,177,115,179,108,167,160,115,143,147,173,171,136,189,144,193,149,158,160,115,196,152,152,103,177,217,178,162,136,212,167,142,162,213,179,118,79,176,173,181,92,103,237,182,170,85,134,184,169,118,135,185,182,130,171,165,117,149,129,206,142,78,163,199,130,141,123,174,154,96,174,150,103,148,179,182,149,116,187,150,158,91,185,125,140,92,166,194,156,164,90,97,149,157,96,132,164,116,119,137,148,102,127,173,85,132,102,121,142,152,172,94,157,169,139,68,102,169,169,133,62,151,190,147,162,132,173,136,117,126,170,92,176,182,164,179,97,92,175,157,157,83,117,172,137,160,106,210,156,129,128,151,172,148,83,154,176,157,113,144,110,114,110,131,125,65,173,130,142,88,112,120,196
23029284-AddedOnRampEdge,123,124,127,81,93,127,87,118,77,100,122,76,128,71,108,153,74,69,132,63,144,126,66,101,107,78,114,112,57,157,115,82,123,124,66,158,90,108,145,115,105,155,85,83,148,104,66,154,55,122,119,76,122,101,124,149,81,119,112,70,111,145,110,117,50,146,128,87,142,94,139,90,117,140,106,87,128,143,120,101,135,116,150,130,142,104,90,150,122,123,54,155,182,147,117,103,178,137,80,152,131,155,72,63,115,140,153,60,59,176,167,124,65,87,149,142,104,101,148,136,100,158,140,71,112,108,163,99,54,137,149,120,80,103,140,118,58,108,116,68,142,159,128,122,90,158,144,151,46,121,125,114,54,126,152,145,131,69,53,124,138,69,122,136,75,90,120,124,64,96,138,58,104,74,86,118,143,145,58,116,152,101,35,93,144,143,98,27,113,141,135,153,95,154,92,71,105,123,75,115,129,162,149,53,61,131,141,133,69,62,139,130,127,84,171,159,77,90,138,150,116,64,118,139,127,78,111,88,81,72,100,108,44,131,126,91,63,100,127,130
23029696,173,180,204,165,116,109,201,146,122,136,190,186,124,66,152,161,52,112,180,140,74,104,89,60,164,129,56,90,144,62,58,97,212,118,10,0,0,0,0,0,0,0,0,0,0,0,0,0,0,96,133,64,36,74,186,48,170,140,103,192,102,150,184,92,104,206,90,126,164,84,114,216,83,160,174,78,156,225,77,90,248,182,89,70,50,190,198,98,144,226,82,72,246,87,72,48,251,124,130,202,112,62,58,212,167,72,82,218,146,101,64,175,121,60,194,98,53,210,181,61,79,192,130,116,203,150,96,52,227,193,96,77,98,218,218,112,183,90,76,76,144,218,110,64,85,97,192,96,49,36,151,166,169,148,118,208,88,93,176,126,74,216,84,50,96,224,146,88,168,172,70,84,120,232,195,96,56,60,71,160,138,64,78,174,192,82,87,96,206,176,116,52,168,162,79,58,47,194,211,108,81,64,110,198,142,81,181,132,64,65,198,171,118,51,69,46,180,166,108,92,190,99,64,174,176,106,130,237,158,154,108,96,94,173,127,88,52,80,183,122
23029701#1,40,31,59,37,38,49,41,45,32,65,31,41,32,50,49,55,30,34,40,43,25,68,29,53,37,60,42,50,52,49,54,48,70,27,61,58,40,60,42,59,22,80,32,48,59,46,53,34,70,34,72,46,66,49,59,61,39,80,58,65,62,51,75,45,56,77,58,54,76,78,56,82,64,40,80,44,66,63,62,21,81,80,33,68,75,86,47,38,61,95,71,47,67,50,77,81,70,78,58,82,61,57,69,64,82,62,69,64,56,64,57,82,59,51,57,53,45,68,42,86,56,82,72,44,53,70,61,67,71,78,49,55,74,73,79,32,24,65,63,69,83,60,72,56,76,72,65,76,54,59,66,46,38,40,46,38,64,22,55,73,64,53,73,60,79,70,57,24,49,70,44,24,65,73,42,27,14,72,72,68,74,55,51,70,48,63,27,56,74,74,61,40,70,81,63,48,72,49,54,37,32,68,73,72,58,54,58,59,62,54,70,39,43,41,25,76,44,71,43,54,68,51,58,61,75,52,40,75,46,56,47,60,67,40,70,50,57,62,37,68
23076279#0,26,19,20,15,29,26,30,22,17,25,26,16,26,23,22,26,19,35,31,38,29,27,33,26,27,39,27,34,27,19,24,19,16,17,17,22,24,26,17,20,27,22,19,28,35,40,33,39,23,25,33,30,32,34,29,33,34,40,23,41,39,26,35,34,42,36,35,39,35,40,39,32,35,32,39,44,33,40,24,45,54,35,43,29,33,41,37,53,44,47,47,29,52,35,35,42,30,66,42,42,47,59,43,44,55,77,50,36,57,48,47,32,38,46,17,42,50,40,48,71,56,29,37,53,42,34,53,43,51,45,33,41,49,35,34,47,54,21,52,60,28,11,21,31,65,48,36,59,57,24,40,71,37,45,60,48,32,43,30,38,40,33,30,41,39,36,32,44,41,37,39,27,37,29,34,46,39,36,49,43,28,28,25,39,36,21,35,34,43,31,37,34,31,35,39,32,59,34,34,39,47,31,42,31,29,43,25,34,37,30,51,26,40,43,25,61,46,36,54,24,53,54,43,25,13,54,40,34,44,28,52,27,23,34,30,45,33,59,32,37
23076921,85,70,57,92,38,102,65,110,93,94,80,80,66,90,70,90,58,86,86,76,69,83,84,109,105,113,74,102,106,64,116,59,93,64,97,90,110,94,128,70,84,87,57,96,164,94,74,97,109,112,99,99,108,140,101,112,98,78,135,107,113,80,154,100,116,104,83,91,112,88,105,138,93,48,138,64,95,126,112,97,96,104,136,65,94,180,115,107,137,70,42,122,117,56,40,208,130,72,92,85,128,86,89,49,81,109,89,84,90,108,124,88,120,116,100,166,89,76,120,150,66,58,55,108,95,72,113,119,168,129,54,47,74,161,100,96,176,125,58,66,199,54,112,136,137,133,129,104,124,60,158,76,137,65,53,81,138,56,148,83,48,188,116,48,65,155,121,107,136,150,69,60,89,157,74,163,50,26,56,175,87,116,151,122,144,114,88,104,80,112,131,149,87,82,137,81,105,104,97,54,54,167,86,58,111,153,115,102,109,91,142,128,91,148,93,83,129,185,76,171,66,152,88,92,92,139,104,32,119,166,109,62,156,91,127,136,119,115,99,160
23076927#2,52,42,59,57,70,56,62,51,57,57,68,54,53,56,61,55,62,47,55,56,62,80,60,77,51,61,59,62,67,75,56,82,54,65,68,79,60,68,73,62,85,80,67,54,64,88,84,75,87,74,76,91,75,72,93,95,87,77,84,73,80,90,80,84,68,80,99,86,85,78,86,85,85,74,94,101,84,78,101,89,92,82,89,76,77,54,100,92,76,86,102,88,95,87,98,82,81,98,103,88,118,125,93,91,90,82,94,81,62,82,75,79,92,83,87,75,74,96,82,48,72,88,86,118,99,82,64,79,88,80,114,100,80,105,73,102,107,95,90,78,108,103,67,101,116,84,68,68,107,69,74,66,126,118,109,98,81,103,91,74,82,114,114,86,47,69,123,106,74,118,122,118,106,76,81,121,117,116,115,86,70,116,76,74,102,73,77,114,108,98,68,79,110,107,81,88,104,70,108,112,66,57,108,101,88,99,88,96,102,93,86,86,90,100,72,71,73,88,97,79,84,79,97,90,78,83,83,82,89,84,92,90,88,96,90,89,81,92,100,107
23443806#2,38,61,39,52,52,48,69,66,45,68,63,55,64,28,51,39,42,74,49,73,51,48,68,60,42,74,63,63,82,62,42,38,26,39,73,28,42,66,47,46,57,24,47,80,35,25,48,31,39,80,24,36,40,44,82,57,27,25,33,57,114,45,52,45,49,70,19,69,37,40,54,46,82,48,49,64,14,70,40,47,83,38,72,95,67,60,69,25,48,86,62,49,75,30,74,76,30,69,18,44,49,35,95,69,31,54,26,29,103,66,59,40,31,54,69,54,21,49,38,97,36,47,27,39,91,59,33,23,26,61,101,46,79,39,51,99,29,46,64,43,37,41,78,81,41,79,75,45,16,29,81,66,63,38,47,46,36,64,61,43,50,16,43,78,32,62,37,45,44,45,87,40,37,71,61,35,68,89,37,63,54,67,51,46,47,104,69,86,46,49,89,61,68,65,48,55,31,45,56,44,55,93,69,50,58,46,78,66,48,50,27,58,76,68,38,72,69,32,34,44,39,72,66,59,89,60,51,38,62,73,50,82,85,44,44,54,38,44,34,86
234946738#0,8,8,2,10,10,3,1,10,6,6,6,8,4,6,6,10,2,4,8,9,6,2,9,4,8,8,4,2,10,8,6,6,6,11,9,12,8,8,6,12,4,14,4,16,7,2,3,6,12,7,4,4,8,12,6,11,10,8,2,13,10,8,5,13,20,8,7,6,16,2,9,11,10,13,18,17,10,6,2,6,9,22,5,12,21,6,18,9,22,13,10,16,13,13,20,12,13,26,8,20,14,18,6,10,26,4,21,12,4,12,34,28,6,12,28,15,5,12,5,12,30,17,20,4,27,18,28,17,16,27,27,24,24,26,30,28,8,21,28,10,34,15,8,29,12,6,47,23,22,12,14,14,37,20,14,18,28,14,15,8,24,10,21,17,12,8,29,21,12,10,10,30,12,12,8,9,8,16,12,24,11,8,22,31,10,18,22,16,16,26,21,12,12,16,5,9,23,14,6,6,20,28,14,16,7,26,16,34,12,12,14,31,10,20,8,15,17,29,36,24,18,4,12,22,24,21,22,5,16,20,16,16,10,22,14,24,8,8,12,20
234946738#0-AddedOnRampEdge,8,8,2,10,10,3,1,10,6,6,6,8,4,6,6,10,2,4,8,9,6,2,9,4,8,8,4,2,10,8,6,6,6,11,9,12,8,8,6,12,4,14,4,16,7,2,3,6,12,7,4,4,8,12,6,11,10,8,2,13,10,8,5,13,20,8,7,6,16,2,9,11,10,13,18,17,10,6,2,6,9,22,5,12,21,6,18,9,22,13,10,16,13,13,20,12,13,26,8,20,14,18,6,10,26,4,21,12,4,12,34,28,6,12,28,15,5,12,5,12,30,17,20,4,27,18,28,17,16,27,27,24,24,26,30,28,8,21,28,10,34,15,8,29,12,6,47,23,22,12,14,14,37,20,14,18,28,14,15,8,24,10,21,17,12,8,29,21,12,10,10,30,12,12,8,9,8,16,12,24,11,8,22,31,10,18,22,16,16,26,21,12,12,16,5,9,23,14,6,6,20,28,14,16,7,26,16,34,12,12,14,31,10,20,8,15,17,29,36,24,18,4,12,22,24,21,22,5,16,20,16,16,10,22,14,24,8,8,12,20
234946738#1,0,0,0,0,0,0,0,0,0,0,0,0,0,0,0,0,0,0,0,0,0,0,0,0,0,0,0,0,0,0,0,0,0,0,0,0,0,0,0,0,0,0,0,0,0,0,0,0,0,0,0,0,0,0,0,0,0,0,0,0,0,0,0,0,0,0,0,0,0,0,0,0,0,0,0,0,0,0,0,0,0,0,0,0,0,0,0,0,0,0,0,0,0,0,0,0,0,0,0,0,0,0,0,0,0,0,0,0,0,0,0,0,0,0,0,0,0,0,0,0,0,0,0,0,0,0,0,0,0,0,0,0,0,0,0,0,0,0,0,0,0,0,0,0,0,0,0,0,0,0,0,0,0,0,0,0,0,0,0,0,0,0,0,0,0,0,0,0,0,0,0,0,0,0,0,0,0,0,0,0,0,0,0,0,0,0,0,0,0,0,0,0,0,0,0,0,0,0,0,0,0,0,0,0,0,0,0,0,0,0,0,0,0,0,0,0,0,0,0,0,0,0,0,0,0,0,0,0,0,0,0,0,0,0,0,0,0,0,0,0
238459130-AddedOffRampEdge,19,16,13,12,17,18,24,15,11,17,16,11,17,19,15,19,14,22,22,30,24,20,22,20,19,33,22,21,24,19,24,19,16,17,17,22,24,26,17,20,27,22,19,23,23,25,25,31,16,16,23,24,19,27,22,26,26,25,19,30,27,20,20,26,34,28,27,27,28,29,30,22,27,24,27,32,26,30,19,36,42,28,30,23,22,31,30,41,37,34,35,24,41,26,29,37,26,45,33,30,32,45,36,35,29,63,38,30,45,39,38,24,30,38,12,27,41,33,30,56,46,24,27,45,33,30,35,34,44,33,25,30,38,28,26,31,45,16,41,49,22,6,13,18,54,40,27,44,47,18,24,57,32,41,45,37,24,36,23,30,31,26,23,33,28,24,24,31,29,26,31,20,27,22,27,29,31,28,33,31,21,15,20,28,26,17,24,28,35,20,26,27,25,28,31,21,43,27,25,22,35,24,29,25,24,23,19,24,30,24,41,18,25,35,17,48,37,27,43,14,42,47,26,20,5,37,33,19,37,22,38,22,14,25,23,33,26,46,26,28
239441161#0,82,76,68,130,74,70,80,32,96,102,58,102,86,113,71,70,116,76,38,83,66,74,154,49,96,66,76,105,40,63,85,84,60,98,94,62,52,58,56,138,88,50,78,143,64,72,128,61,60,152,84,68,136,78,43,116,78,61,44,151,89,68,62,143,80,74,81,138,69,58,108,127,85,52,106,138,64,50,164,94,104,61,50,42,56,188,48,43,50,154,70,51,45,54,133,101,47,102,101,52,48,102,172,98,45,37,114,115,72,38,50,110,172,54,44,92,125,64,32,104,90,48,50,80,139,62,82,116,62,38,66,108,124,40,42,112,96,88,100,70,60,61,50,151,82,24,30,78,128,46,46,146,102,28,42,46,52,160,89,45,74,102,44,116,74,52,35,99,89,60,65,58,78,72,50,38,56,112,50,40,34,118,63,54,32,36,125,70,47,34,35,38,44,121,148,109,58,103,62,48,39,57,93,128,63,26,48,98,96,62,30,34,115,39,44,83,116,40,32,38,113,93,52,37,142,68,58,101,34,19,58,88,71,34,80,88,58,58,30,50
239572010#0,101,126,77,132,72,94,76,98,119,83,96,103,111,115,76,92,90,78,39,90,60,130,102,66,60,97,77,64,79,84,102,70,114,83,71,43,106,46,60,85,83,73,96,80,99,71,115,45,98,91,86,74,107,80,76,103,58,58,79,97,112,78,85,106,73,64,90,112,75,63,107,74,94,62,84,102,64,77,126,82,119,83,87,52,67,130,68,95,72,111,80,61,89,73,129,63,90,92,130,55,116,90,142,76,107,74,114,101,103,119,60,128,98,97,94,104,79,72,98,112,72,52,76,102,117,65,113,97,68,70,109,74,113,68,79,117,83,126,86,71,61,85,78,100,70,76,36,75,105,102,43,119,89,92,83,53,77,127,99,61,74,64,51,93,95,68,56,92,82,63,83,54,78,79,68,63,57,93,73,71,59,100,78,37,79,63,110,76,83,95,60,55,73,112,137,104,63,120,87,105,88,50,87,105,66,94,54,74,83,117,90,58,127,71,102,78,128,71,65,68,121,90,105,87,113,94,88,88,66,77,83,77,69,83,57,101,86,66,49,106
26807972#0,59,42,27,45,69,33,16,69,65,26,45,81,70,50,35,52,47,34,55,77,42,40,22,55,74,46,34,47,5,39,31,63,83,28,45,69,59,68,39,44,76,47,28,38,51,88,42,61,71,62,68,47,53,65,37,49,79,72,38,62,64,55,74,59,106,44,69,51,40,68,72,96,69,40,56,103,69,41,52,58,94,45,52,82,51,76,43,73,77,36,52,39,50,74,78,47,53,63,90,67,41,69,29,64,45,83,42,26,50,69,76,73,39,38,76,53,56,72,19,47,37,102,58,42,55,88,63,38,56,47,66,86,73,21,50,51,64,80,62,50,69,52,42,58,71,47,86,95,57,69,40,36,80,85,54,71,93,81,63,83,70,97,62,67,37,27,70,69,71,30,39,70,60,74,62,34,47,52,69,65,57,73,38,49,73,84,65,42,23,44,52,48,89,35,34,34,80,70,61,40,59,84,51,27,66,77,47,72,27,6,29,76,46,52,67,60,41,50,71,53,38,29,79,68,47,59,34,8,62,60,42,54,30,45,63,51,35,33,31,28
26808007,12,5,8,5,16,11,11,10,9,10,10,9,11,6,9,8,8,17,12,11,7,10,15,9,10,12,9,18,6,5,3,3,2,7,5,3,7,4,2,4,3,4,2,12,15,17,14,12,10,12,14,10,16,10,16,12,11,17,5,13,15,9,21,11,15,13,13,23,17,21,16,12,13,13,15,20,10,19,10,18,19,17,21,17,19,17,15,23,21,19,20,15,19,14,12,12,8,32,17,21,33,27,21,24,38,27,31,18,24,16,16,13,16,22,14,27,19,16,33,28,22,20,20,21,17,12,29,20,16,23,19,21,19,21,20,24,20,15,20,19,16,14,19,23,25,18,20,28,22,16,23,23,17,15,25,18,16,18,18,17,20,16,16,20,22,20,16,24,15,17,11,13,14,13,11,25,16,13,21,15,14,21,13,17,23,11,19,17,16,19,19,18,17,15,17,19,23,16,20,25,23,12,18,14,14,28,14,15,13,10,16,13,25,17,14,18,13,13,17,15,17,17,23,17,17,25,18,20,15,14,21,18,19,19,15,19,12,15,11,16
27007398#0,47,24,38,39,54,52,45,35,44,42,40,36,56,34,50,65,36,52,63,30,43,54,34,79,59,25,67,57,30,42,66,45,33,50,32,49,46,39,59,79,52,64,46,36,76,53,43,52,81,42,77,49,46,80,80,51,57,48,57,86,79,38,49,52,37,64,100,82,46,51,53,73,65,48,73,44,46,70,83,49,40,49,64,86,76,40,45,36,50,90,62,52,47,45,62,62,66,44,50,51,78,90,41,55,63,50,42,59,49,52,33,58,85,66,46,53,45,67,86,97,63,56,63,53,61,80,65,33,50,41,63,59,36,56,71,54,57,57,82,63,57,70,64,72,89,64,51,57,70,86,38,73,59,71,52,49,42,45,49,52,65,51,42,23,35,40,60,51,63,54,50,62,61,54,32,34,47,64,53,36,38,57,55,44,58,67,43,58,62,53,67,63,44,64,71,89,59,38,34,38,49,70,52,49,56,66,54,50,51,62,48,69,80,62,42,33,48,66,48,60,33,55,52,34,65,43,65,61,82,60,71,64,78,68,51,47,62,50,64,58
27007398#1,47,44,44,48,53,58,67,41,41,61,36,46,60,25,65,63,35,73,72,49,47,57,53,77,53,50,67,59,56,46,60,42,39,53,51,49,47,57,64,90,60,50,56,61,68,42,47,47,73,61,73,48,48,73,94,57,47,47,68,90,113,39,63,59,46,80,86,88,52,50,67,67,83,57,73,53,41,76,72,51,56,42,72,98,71,43,63,32,41,100,71,47,57,45,74,77,58,61,43,44,78,84,71,55,50,49,40,53,83,61,34,59,81,78,59,49,36,75,81,106,56,49,55,57,85,87,52,31,50,52,96,64,62,56,67,77,58,62,95,54,52,62,74,99,86,81,62,49,59,77,65,85,73,63,50,48,46,60,53,53,63,39,47,49,37,58,55,41,71,64,77,56,58,55,36,38,44,86,46,59,40,60,63,55,63,89,56,86,63,54,81,60,59,73,64,88,54,29,31,44,50,79,59,47,62,66,61,48,54,60,46,54,80,70,32,45,57,71,53,51,40,70,53,42,75,53,73,53,72,78,72,75,99,60,40,30,61,65,56,64
28126584,81,103,75,56,97,79,98,72,82,64,95,78,77,108,62,102,59,83,83,64,101,60,95,84,104,94,65,119,73,68,83,73,99,92,79,95,94,90,104,69,90,82,94,110,80,105,102,86,67,102,88,100,99,92,123,104,80,86,95,90,112,104,83,124,85,77,126,90,111,89,79,114,101,86,108,83,72,130,94,88,108,80,122,98,94,106,71,99,112,78,131,83,105,96,104,94,103,92,115,89,82,115,73,83,85,131,93,88,97,94,86,104,88,84,88,82,83,75,120,77,112,104,72,86,103,74,91,97,63,116,64,68,65,98,78,116,89,77,96,114,74,85,55,87,77,69,94,85,74,72,91,67,67,57,57,104,81,72,108,95,58,105,72,75,74,85,57,101,79,59,58,54,88,99,68,75,46,81,85,64,70,110,68,75,82,85,62,57,54,89,80,52,72,93,59,36,76,91,68,50,91,70,97,71,78,70,77,94,60,89,70,81,55,31,64,89,54,89,66,64,99,66,72,68,55,84,65,88,71,69,75,86,75,65,41,79,88,90,81,64
28449770#1,6,12,15,9,20,14,15,25,16,13,18,16,27,10,15,27,12,31,45,23,28,17,25,40,24,29,35,18,29,40,19,23,28,16,25,30,16,20,27,9,16,21,9,15,22,7,12,21,20,17,20,12,18,16,11,19,6,11,16,12,12,12,20,21,8,23,6,7,23,13,16,8,11,22,24,10,18,13,28,15,20,24,21,19,22,17,23,7,12,15,27,9,21,37,14,23,16,26,32,13,20,22,13,25,26,20,38,16,25,26,14,20,30,18,23,33,17,29,21,22,28,17,27,27,18,28,18,22,38,27,22,32,27,31,12,16,20,11,25,25,12,8,10,16,18,14,22,14,19,20,22,32,12,22,12,23,25,16,24,17,14,27,13,20,18,18,21,11,18,13,21,17,14,14,9,19,23,17,20,24,32,11,13,26,28,11,10,17,24,8,10,9,16,30,21,22,32,10,19,17,16,17,22,10,10,20,12,15,21,22,25,27,9,19,21,18,16,17,15,19,13,21,23,17,25,22,23,25,17,18,18,12,13,17,16,19,19,15,20,21
28451729,33,41,24,43,22,50,28,51,33,37,34,40,34,32,22,36,30,48,47,35,51,32,42,16,50,32,47,18,42,46,31,31,22,39,29,46,22,38,32,46,38,28,51,36,44,32,46,30,53,24,43,33,32,45,57,52,45,48,51,48,63,48,55,34,54,43,48,26,40,40,54,38,46,42,46,36,36,41,46,40,23,48,38,48,21,44,35,53,47,26,24,34,42,36,36,38,38,46,30,45,33,52,53,36,43,51,36,15,35,48,65,52,38,40,30,44,49,53,56,36,53,60,27,42,51,43,23,39,45,38,46,53,33,14,22,50,58,48,38,27,59,27,21,47,38,55,47,15,19,49,49,23,53,48,28,57,46,48,47,28,20,30,42,27,46,38,36,37,44,28,47,29,28,54,26,31,31,42,41,40,24,28,31,13,34,26,33,27,32,43,41,24,33,48,33,54,28,26,46,47,42,32,36,36,35,37,49,28,43,19,37,36,34,41,28,18,24,29,27,28,42,31,36,28,26,27,40,28,48,44,38,38,32,42,28,46,35,34,27,35
30332639,0,0,0,0,0,0,0,0,0,0,0,0,0,0,0,0,0,0,0,0,0,0,0,0,0,0,0,0,0,0,0,0,0,0,0,0,0,0,0,0,0,0,0,0,0,0,0,0,0,0,0,0,0,0,0,0,0,0,0,0,0,0,0,0,0,0,0,0,0,0,0,0,0,0,0,0,0,0,0,0,0,0,0,0,0,0,0,0,0,0,0,0,0,0,0,0,0,0,0,0,0,0,0,0,0,0,0,0,0,0,0,0,0,0,0,0,0,0,0,0,0,0,0,0,0,0,0,0,0,0,0,0,0,0,0,0,0,0,0,0,0,0,0,0,0,0,0,0,0,0,0,0,0,0,0,0,0,0,0,0,0,0,0,0,0,0,0,0,0,0,0,0,0,0,0,0,0,0,0,0,0,0,0,0,0,0,0,0,0,0,0,0,0,0,0,0,0,0,0,0,0,0,0,0,0,0,0,0,0,0,0,0,0,0,0,0,0,0,0,0,0,0,0,0,0,0,0,0,0,0,0,0,0,0,0,0,0,0,0,0
323813903#1,0,0,0,0,0,0,0,0,0,0,0,0,0,0,0,0,0,0,0,0,0,0,0,0,0,0,0,0,0,0,0,0,0,0,0,0,0,0,0,0,0,0,0,0,0,0,0,0,0,0,0,0,0,0,0,0,0,0,0,0,0,0,0,0,0,0,0,0,0,0,0,0,0,0,0,0,0,0,0,0,0,0,0,0,0,0,0,0,0,0,0,0,0,0,0,0,0,0,0,0,0,0,0,0,0,0,0,0,0,0,0,0,0,0,0,0,0,0,0,0,0,0,0,0,0,0,0,0,0,0,0,0,0,0,0,0,0,0,0,0,0,0,0,0,0,0,0,0,0,0,0,0,0,0,0,0,0,0,0,0,0,0,0,0,0,0,0,0,0,0,0,0,0,0,0,0,0,0,0,0,0,0,0,0,0,0,0,0,0,0,0,0,0,0,0,0,0,0,0,0,0,0,0,0,0,0,0,0,0,0,0,0,0,0,0,0,0,0,0,0,0,0,0,0,0,0,0,0,0,0,0,0,0,0,0,0,0,0,0,0
323813903#3,47,56,68,36,54,62,37,52,61,28,54,70,67,64,66,61,52,52,35,63,60,38,60,72,50,57,72,46,56,82,40,64,68,58,60,66,60,75,68,39,69,58,51,58,82,43,67,68,71,63,72,71,66,60,56,76,75,63,67,68,44,77,80,62,63,75,68,70,85,71,66,71,62,80,67,66,67,59,62,75,73,76,65,74,58,62,92,60,73,84,65,77,74,56,70,80,66,64,85,74,67,69,68,65,74,67,70,80,67,50,71,72,61,68,88,72,74,88,76,66,69,48,77,64,66,63,68,60,75,70,80,84,80,68,74,83,66,70,92,76,68,34,72,61,72,82,52,79,61,70,73,61,74,77,52,64,59,62,55,74,64,56,74,65,60,60,65,56,68,74,66,66,58,76,64,66,61,63,71,82,90,67,62,68,80,60,58,68,54,54,61,52,60,62,54,66,64,79,67,55,64,56,61,32,35,72,75,88,60,72,59,49,57,68,58,66,54,74,68,78,60,70,66,67,69,51,76,69,72,58,62,67,54,64,68,46,68,69,44,76
325833350#0,11,16,16,13,13,11,11,12,17,9,14,9,16,14,15,18,9,14,6,11,6,10,14,14,13,12,8,10,12,16,10,18,8,16,8,14,20,13,12,8,20,20,19,10,26,18,15,12,12,16,14,15,7,12,12,8,11,14,16,12,8,8,12,12,14,15,6,10,14,8,9,10,7,10,8,8,9,13,11,12,7,18,17,20,12,11,14,8,12,15,14,10,12,5,4,8,10,10,20,14,8,8,15,8,18,16,16,8,11,4,9,8,10,12,10,9,12,11,14,10,5,12,7,16,10,10,4,9,12,10,16,12,8,6,5,8,8,8,13,12,6,8,9,9,12,12,16,10,15,12,11,7,10,16,14,16,11,7,8,7,10,7,8,10,6,12,10,14,14,10,13,9,14,10,14,8,15,11,12,6,15,6,10,17,10,4,16,13,7,12,16,9,13,10,7,14,10,6,12,15,22,20,19,14,19,19,22,14,10,11,11,8,14,8,16,6,8,12,10,12,10,19,14,12,4,8,10,13,14,10,16,17,11,10,15,13,15,12,16,14
327639080,59,21,76,46,51,92,52,48,61,74,44,96,58,28,92,68,43,90,82,56,74,58,45,82,59,42,69,58,48,104,71,42,82,54,58,100,81,57,103,75,60,105,68,38,116,80,60,102,106,57,101,78,42,88,78,38,130,81,43,99,98,41,130,82,33,103,76,42,116,98,33,105,90,40,120,66,34,104,96,41,146,78,34,120,113,36,108,86,36,121,97,39,134,90,38,122,86,31,129,64,37,140,98,40,123,72,116,78,44,88,126,48,92,117,60,57,144,76,38,107,115,32,120,72,46,144,136,36,94,85,50,118,112,32,107,110,35,118,134,34,123,122,47,122,101,44,123,108,28,134,126,34,128,144,46,153,162,46,114,126,49,123,117,56,112,170,42,119,136,60,130,98,46,125,123,30,116,69,126,134,58,93,114,58,69,110,106,50,122,70,46,122,107,42,104,106,36,126,107,50,111,88,49,135,81,37,110,106,36,129,126,54,124,131,30,74,106,52,120,60,48,126,116,42,110,118,32,105,136,78,110,102,42,98,102,36,109,85,52,114
328836685#1,0,0,0,0,0,0,0,0,0,0,0,0,0,0,0,0,0,0,0,0,0,0,0,0,0,0,0,0,0,0,0,0,0,0,0,0,0,0,0,0,0,0,0,0,0,0,0,0,0,0,0,0,0,0,0,0,0,0,0,0,0,0,0,0,0,0,0,0,0,0,0,0,0,0,0,0,0,0,0,0,0,0,0,0,0,0,0,0,0,0,0,0,0,0,0,0,0,0,0,0,0,0,0,0,0,0,0,0,0,0,0,0,0,0,0,0,0,0,0,0,0,0,0,0,0,0,0,0,0,0,0,0,0,0,0,0,0,0,0,0,0,0,0,0,0,0,0,0,0,0,0,0,0,0,0,0,0,0,0,0,0,0,0,0,0,0,0,0,0,0,0,0,0,0,0,0,0,0,0,0,0,0,0,0,0,0,0,0,0,0,0,0,0,0,0,0,0,0,0,0,0,0,0,0,0,0,0,0,0,0,0,0,0,0,0,0,0,0,0,0,0,0,0,0,0,0,0,0,0,0,0,0,0,0,0,0,0,0,0,0
328836685#3,11,2,2,8,8,2,4,12,1,8,8,4,2,7,2,7,12,8,2,8,10,3,2,8,14,3,2,5,12,9,3,1,1,0,0,0,0,0,0,0,0,0,0,0,0,0,0,2,1,2,15,15,3,4,4,14,7,2,10,17,14,3,3,11,15,9,2,3,14,14,4,4,13,6,1,5,12,13,2,3,8,15,15,5,2,7,17,12,4,2,2,13,10,8,3,2,12,17,16,2,8,8,17,13,6,8,12,13,7,9,10,14,14,2,8,12,10,10,4,12,8,6,3,12,12,8,5,2,10,11,10,10,6,2,12,10,7,3,12,15,4,4,2,15,12,10,3,4,1,9,15,11,6,6,6,10,15,5,2,1,5,12,13,7,0,2,7,12,13,5,3,6,14,5,3,2,6,13,8,2,1,1,3,2,11,12,3,2,7,14,8,2,3,3,12,12,13,3,1,2,8,13,10,5,2,1,11,12,4,2,6,12,2,3,2,11,12,7,3,2,8,1,3,2,4,13,11,6,2,4,14,6,2,1,10,12,2,3,2,12
35277207,17,20,24,18,23,15,22,18,18,20,14,28,20,24,11,14,22,21,20,32,20,18,31,24,22,23,24,20,21,32,26,20,23,34,27,25,27,18,28,28,26,28,20,28,25,24,30,26,24,40,22,26,16,26,16,17,32,35,36,38,22,31,27,32,27,28,28,26,26,32,27,28,29,26,26,23,24,22,30,36,22,28,37,23,36,25,22,30,18,29,32,30,16,29,28,36,40,38,26,30,31,30,36,36,23,28,34,32,32,33,34,24,29,31,28,24,19,29,28,27,44,39,45,41,43,46,42,45,36,54,54,52,41,44,32,30,34,27,30,45,37,30,15,22,20,29,34,36,32,42,47,38,29,19,27,41,42,37,33,36,42,38,45,52,37,28,26,29,46,54,39,28,36,23,28,38,30,24,31,43,28,34,40,32,35,41,50,34,26,44,38,46,31,28,32,41,37,42,30,33,46,34,37,34,47,43,44,31,33,35,18,26,38,44,22,50,28,38,33,28,22,26,27,45,19,44,39,32,31,24,36,37,36,38,27,34,50,50,59,32
358318632#0,25,37,29,33,30,13,23,27,23,15,26,38,21,21,23,21,22,28,24,23,26,19,28,20,16,15,29,18,26,33,29,22,40,21,20,34,30,15,29,25,27,31,38,36,33,29,39,31,36,37,24,23,36,46,35,37,22,41,46,30,33,52,38,21,36,49,52,19,32,45,37,22,16,35,46,42,16,29,48,59,30,23,51,61,56,38,31,43,56,58,42,28,36,48,48,52,14,21,38,48,27,15,25,44,30,36,27,40,55,57,56,59,36,52,28,36,53,50,38,28,17,23,55,68,56,33,42,60,30,34,43,44,65,44,43,19,48,49,48,65,51,38,39,50,43,74,49,27,30,45,34,65,48,47,56,67,29,51,42,39,47,63,45,30,24,58,41,47,38,37,62,41,17,27,45,55,52,58,51,35,22,41,45,35,52,51,60,49,29,34,34,38,31,28,22,36,44,40,15,27,46,33,61,46,27,49,56,17,24,49,43,48,52,46,41,71,20,24,61,31,22,39,36,50,64,32,24,42,35,30,32,41,51,33,21,40,34,71,35,26
359476587#0,42,31,18,29,57,26,12,66,27,21,43,51,36,29,60,29,46,36,24,23,42,42,43,29,40,33,37,19,24,61,32,51,59,25,20,46,50,75,47,62,64,44,38,23,38,34,46,48,22,47,54,50,52,48,60,38,48,35,32,39,48,44,43,17,43,62,52,73,52,84,61,48,46,43,69,40,40,43,44,23,39,54,53,42,37,37,49,51,26,26,36,47,34,57,46,51,57,71,83,46,42,53,38,36,46,35,20,32,46,52,48,66,83,49,38,21,22,68,82,104,99,42,35,92,76,63,87,48,41,49,36,44,40,72,22,51,63,38,53,71,105,71,81,38,51,50,76,68,89,37,88,76,56,62,92,55,26,21,24,63,55,57,54,31,62,30,41,29,48,58,46,33,53,37,13,31,42,43,37,68,50,50,54,59,29,29,40,38,22,60,46,48,48,30,60,29,27,42,40,35,52,45,42,31,35,48,45,46,18,40,46,40,51,25,56,45,40,66,46,16,19,45,56,41,45,60,45,55,45,54,53,46,43,90,78,27,18,22,25,62
360675529,106,64,76,93,69,89,90,84,74,86,106,97,83,103,82,100,100,86,104,109,97,104,95,117,74,88,72,64,86,81,65,97,75,91,66,89,65,76,73,77,87,92,73,92,70,110,96,81,70,61,79,85,89,77,78,112,109,102,103,80,109,76,87,49,100,77,62,76,100,80,72,102,83,97,76,94,85,73,81,108,98,70,86,76,61,94,82,86,96,108,64,96,78,66,81,94,92,105,76,109,94,122,63,113,81,115,96,94,85,83,102,111,92,117,100,104,95,90,115,104,101,94,102,67,97,103,79,95,85,76,87,68,64,94,90,73,66,71,88,48,93,104,127,113,103,89,63,83,96,63,79,125,103,89,64,117,131,110,108,122,105,103,92,91,105,126,89,76,67,121,102,71,94,82,83,96,83,89,56,78,108,70,61,104,65,95,89,79,84,77,78,82,95,98,94,99,98,118,100,96,123,96,98,94,131,119,110,106,95,115,120,96,94,101,101,114,99,95,73,81,94,70,76,67,83,100,80,101,111,94,111,77,62,122,103,87,92,116,120,92
360861358#0,0,0,0,0,0,0,0,0,0,0,0,0,0,0,0,0,0,0,0,0,0,0,0,0,0,0,0,0,0,0,0,0,0,0,0,0,0,0,0,0,0,0,0,0,0,0,0,0,0,0,0,0,0,0,0,0,0,0,0,0,0,0,0,0,0,0,0,0,0,0,0,0,0,0,0,0,0,0,0,0,0,0,0,0,0,0,0,0,0,0,0,0,0,0,0,0,0,0,0,0,0,0,0,0,0,0,0,0,0,0,0,0,0,0,0,0,0,0,0,0,0,0,0,0,0,0,0,0,0,0,0,0,0,0,0,0,0,0,0,0,0,0,0,0,0,0,0,0,0,0,0,0,0,0,0,0,0,0,0,0,0,0,0,0,0,0,0,0,0,0,0,0,0,0,0,0,0,0,0,0,0,0,0,0,0,0,0,0,0,0,0,0,0,0,0,0,0,0,0,0,0,0,0,0,0,0,0,0,0,0,0,0,0,0,0,0,0,0,0,0,0,0,0,0,0,0,0,0,0,0,0,0,0,0,0,0,0,0,0,0
362900184,0,0,0,0,0,0,0,0,0,0,0,0,0,0,0,0,0,0,0,0,0,0,0,0,0,0,0,0,0,0,0,0,0,0,0,0,0,0,0,0,0,0,0,0,0,0,0,0,0,0,0,0,0,0,0,0,0,0,0,0,0,0,0,0,0,0,0,0,0,0,0,0,0,0,0,0,0,0,0,0,0,0,0,0,0,0,0,0,0,0,0,0,0,0,0,0,0,0,0,0,0,0,0,0,0,0,0,0,0,0,0,0,0,0,0,0,0,0,0,0,0,0,0,0,0,0,0,0,0,0,0,0,0,0,0,0,0,0,0,0,0,0,0,0,0,0,0,0,0,0,0,0,0,0,0,0,0,0,0,0,0,0,0,0,0,0,0,0,0,0,0,0,0,0,0,0,0,0,0,0,0,0,0,0,0,0,0,0,0,0,0,0,0,0,0,0,0,0,0,0,0,0,0,0,0,0,0,0,0,0,0,0,0,0,0,0,0,0,0,0,0,0,0,0,0,0,0,0,0,0,0,0,0,0,0,0,0,0,0,0
363477538,24,37,41,28,64,68,26,61,58,27,57,54,19,45,73,42,70,24,37,56,20,45,58,42,42,77,37,40,74,56,41,69,28,47,98,38,44,68,19,73,91,29,66,40,53,55,88,35,43,85,66,42,100,70,28,92,76,40,85,60,62,105,23,41,134,47,44,70,61,44,73,74,51,52,75,75,72,90,86,63,84,88,58,61,74,78,76,70,71,29,123,63,86,68,59,61,107,85,71,61,95,67,53,97,86,114,76,60,40,86,86,53,81,105,54,64,71,45,76,39,52,101,71,41,72,62,114,78,60,51,103,58,30,59,73,86,90,22,34,90,89,70,79,94,82,25,79,41,20,98,48,38,85,94,30,13,20,55,70,11,25,66,139,98,89,92,51,104,67,64,114,52,60,33,105,97,75,116,87,43,59,76,86,44,29,66,92,101,112,39,79,65,72,43,39,86,66,65,83,85,62,72,75,117,55,68,91,82,57,25,50,68,57,124,23,54,93,85,54,60,94,33,28,37,58,98,61,59,62,43,49,65,84,55,86,70,58,76,60,89
36851745,46,76,50,68,43,59,70,56,73,76,50,68,44,75,54,79,57,42,60,76,44,77,53,48,81,94,57,86,63,60,98,54,75,79,59,81,86,49,82,59,65,68,85,81,84,66,69,55,90,76,88,109,73,89,86,56,105,94,58,101,86,85,94,97,69,107,76,105,102,87,107,97,64,103,96,98,100,96,99,67,100,91,70,106,97,79,106,102,89,107,85,109,134,132,100,86,78,97,95,87,80,123,115,129,92,79,92,107,93,84,71,98,91,103,107,93,99,109,97,114,124,118,109,80,89,84,80,102,108,73,106,82,108,102,94,132,116,83,90,71,145,95,76,102,115,89,94,79,85,117,104,93,93,114,105,78,84,132,107,101,92,100,92,88,122,87,102,118,103,70,106,102,86,82,105,76,107,88,73,83,106,48,87,80,82,76,98,57,92,85,78,100,63,84,111,95,97,76,92,103,80,82,104,63,85,84,99,100,109,97,89,85,98,73,66,92,79,67,97,85,78,92,80,92,80,84,80,129,114,79,102,70,94,103,83,85,88,102,63,78
36851759,56,40,41,57,43,53,58,43,38,60,57,69,53,64,57,63,61,56,56,73,70,78,66,62,45,43,46,29,43,43,27,52,52,39,30,46,30,39,38,43,56,39,41,55,30,49,55,35,42,33,34,47,43,41,48,66,60,67,58,45,35,49,50,19,41,53,19,45,56,35,41,59,38,50,48,66,52,44,37,61,57,27,36,39,30,44,48,39,55,63,24,47,38,31,42,60,52,55,40,62,40,72,36,76,59,59,48,60,55,35,60,74,54,73,51,65,47,46,59,57,53,61,74,36,54,54,45,53,36,33,44,45,29,67,45,24,46,34,43,8,48,51,76,66,62,56,27,45,58,16,36,65,74,53,19,61,71,65,65,73,69,68,51,58,57,69,50,39,37,64,66,34,59,45,43,55,44,55,27,38,56,30,39,57,27,54,53,47,48,35,46,46,56,64,47,55,54,68,58,52,77,57,62,65,90,60,64,64,56,76,70,51,53,46,55,67,64,60,38,47,55,29,41,33,50,43,36,53,67,63,62,38,19,63,61,57,46,68,57,57
36852353,73,34,44,72,66,58,55,69,40,60,62,38,48,49,39,58,81,64,26,64,68,62,52,73,92,47,42,52,81,78,36,54,34,0,0,0,0,0,0,0,0,0,0,0,0,0,0,13,34,44,89,90,32,52,66,81,78,58,76,92,81,75,64,77,81,79,62,68,86,92,42,69,88,68,68,70,92,88,30,88,77,93,84,81,62,91,94,81,44,54,42,81,67,65,55,44,80,100,95,53,118,64,98,80,70,71,76,98,41,71,93,98,75,31,75,98,71,68,90,82,46,53,60,74,84,52,70,45,72,77,96,64,74,50,71,76,66,44,81,81,46,58,50,93,83,70,38,58,34,74,96,80,64,58,55,68,86,50,15,36,60,75,80,71,28,26,55,78,90,50,33,56,82,68,32,33,52,82,62,36,36,55,44,38,80,80,40,32,70,86,66,36,54,35,70,74,87,30,30,42,58,87,59,52,46,38,74,72,30,40,44,74,42,48,36,66,81,62,36,36,66,24,33,32,34,71,65,71,36,42,93,72,50,30,76,75,46,34,61,88
36853150,0,0,0,0,0,0,0,0,0,0,0,0,0,0,0,0,0,0,0,0,0,0,0,0,0,0,0,0,0,0,0,0,0,0,0,0,0,0,0,0,0,0,0,0,0,0,0,0,0,0,0,0,0,0,0,0,0,0,0,0,0,0,0,0,0,0,0,0,0,0,0,0,0,0,0,0,0,0,0,0,0,0,0,0,0,0,0,0,0,0,0,0,0,0,0,0,0,0,0,0,0,0,0,0,0,0,0,0,0,0,0,0,0,0,0,0,0,0,0,0,0,0,0,0,0,0,0,0,0,0,0,0,0,0,0,0,0,0,0,0,0,0,0,0,0,0,0,0,0,0,0,0,0,0,0,0,0,0,0,0,0,0,0,0,0,0,0,0,0,0,0,0,0,0,0,0,0,0,0,0,0,0,0,0,0,0,0,0,0,0,0,0,0,0,0,0,0,0,0,0,0,0,0,0,0,0,0,0,0,0,0,0,0,0,0,0,0,0,0,0,0,0,0,0,0,0,0,0,0,0,0,0,0,0,0,0,0,0,0,0
36853150-AddedOnRampEdge,0,0,0,0,0,0,0,0,0,0,0,0,0,0,0,0,0,0,0,0,0,0,0,0,0,0,0,0,0,0,0,0,0,0,0,0,0,0,0,0,0,0,0,0,0,0,0,0,0,0,0,0,0,0,0,0,0,0,0,0,0,0,0,0,0,0,0,0,0,0,0,0,0,0,0,0,0,0,0,0,0,0,0,0,0,0,0,0,0,0,0,0,0,0,0,0,0,0,0,0,0,0,0,0,0,0,0,0,0,0,0,0,0,0,0,0,0,0,0,0,0,0,0,0,0,0,0,0,0,0,0,0,0,0,0,0,0,0,0,0,0,0,0,0,0,0,0,0,0,0,0,0,0,0,0,0,0,0,0,0,0,0,0,0,0,0,0,0,0,0,0,0,0,0,0,0,0,0,0,0,0,0,0,0,0,0,0,0,0,0,0,0,0,0,0,0,0,0,0,0,0,0,0,0,0,0,0,0,0,0,0,0,0,0,0,0,0,0,0,0,0,0,0,0,0,0,0,0,0,0,0,0,0,0,0,0,0,0,0,0
36853688#0,13,27,16,18,19,16,32,18,10,28,13,18,16,4,26,19,14,31,21,28,12,20,29,14,11,34,18,18,39,15,10,13,15,18,31,9,17,33,23,28,27,7,19,36,11,6,24,16,14,33,10,14,19,18,38,19,6,10,21,25,49,11,28,21,21,29,7,28,17,16,28,10,31,20,20,24,8,26,14,13,30,8,27,36,16,16,33,5,8,37,29,14,27,10,33,35,7,28,6,10,21,15,43,18,7,12,10,10,47,21,10,16,17,30,26,8,6,30,15,37,10,14,12,20,42,22,5,6,16,21,47,19,33,15,11,38,14,15,32,7,7,7,22,36,17,29,23,13,5,12,36,25,26,10,10,13,16,29,19,12,15,2,18,35,15,30,14,9,24,26,44,8,13,16,17,17,14,38,7,36,16,24,23,27,19,40,23,44,18,18,32,14,28,26,11,24,9,4,11,22,15,30,20,16,25,17,26,14,19,28,16,6,23,23,7,24,25,21,18,9,18,33,21,17,36,24,26,8,11,34,22,29,45,11,6,5,12,26,12,26
36897655,3,2,3,1,2,3,3,2,4,5,2,3,2,3,1,5,3,4,4,3,4,3,3,5,6,6,2,2,4,9,8,6,3,3,3,0,0,0,0,0,0,0,0,0,0,0,0,0,0,6,20,19,21,21,21,20,20,17,26,14,15,10,12,10,8,9,11,9,9,10,10,8,7,6,12,12,10,10,7,8,4,11,7,6,3,4,6,5,8,6,6,4,6,8,10,5,5,5,5,4,4,6,7,4,9,7,6,6,7,8,5,6,6,6,6,4,7,6,6,7,7,8,10,4,8,4,5,4,5,6,4,5,3,3,6,8,6,4,6,8,8,6,4,7,6,10,6,8,4,4,4,4,6,8,9,7,5,6,5,6,6,5,6,7,7,5,5,6,6,9,8,9,5,9,10,3,6,5,6,9,7,5,7,7,8,6,8,4,9,6,6,7,12,8,7,7,7,8,9,11,5,11,7,6,8,5,5,6,10,8,7,6,8,9,9,9,9,12,6,13,8,10,7,9,5,7,9,12,9,11,10,11,10,11,12,11,13,12,14,11
36897656#0,20,10,22,13,25,12,23,11,24,9,25,9,25,11,18,17,22,18,17,18,21,15,31,10,33,8,30,8,27,15,29,18,31,16,26,17,25,15,30,3,20,18,27,24,21,15,44,37,16,26,28,18,35,30,15,27,39,30,11,23,24,49,15,39,20,27,21,39,25,28,15,38,26,17,21,24,40,14,38,26,26,22,23,23,13,31,16,29,22,17,39,34,28,16,42,21,11,43,29,27,14,42,38,18,8,12,34,24,43,31,11,31,31,14,6,29,47,25,2,3,35,29,12,43,40,28,20,29,36,11,41,40,24,10,11,37,30,9,36,20,28,10,29,40,41,27,18,34,19,36,17,16,25,27,20,12,32,13,15,23,31,19,12,6,34,26,13,32,36,13,23,30,9,30,32,30,25,10,30,14,27,36,22,4,26,36,20,6,32,32,14,10,29,19,36,23,12,14,32,32,16,22,15,25,30,7,22,21,7,37,19,14,13,33,8,27,31,6,28,22,24,9,17,13,30,7,24,25,30,8,20,29,22,12,14,33,16,13,7,31
36897679#0,126,145,157,131,119,151,124,131,147,158,143,111,131,154,172,128,141,133,136,119,115,148,144,161,118,174,142,168,135,160,152,133,179,125,121,147,211,180,179,131,149,86,140,170,246,160,169,193,134,197,181,149,160,190,202,159,169,151,207,186,179,166,229,176,204,176,153,168,213,141,114,208,176,162,232,130,209,214,183,152,167,168,216,173,118,275,234,162,209,113,190,215,205,163,176,269,239,187,187,208,212,140,110,194,200,214,218,200,191,177,159,174,233,182,164,256,108,184,252,215,138,122,91,199,134,198,166,178,240,232,185,226,169,237,145,181,264,219,147,151,268,142,226,176,190,225,192,185,168,167,249,108,226,201,207,222,242,186,247,177,165,244,226,152,229,228,237,166,228,221,190,92,194,186,151,230,179,136,143,205,212,194,258,169,167,217,185,213,143,211,202,217,170,157,188,159,196,147,165,180,160,249,169,161,209,210,179,195,138,194,215,163,191,223,135,158,227,236,188,216,99,228,181,179,116,201,224,178,219,223,215,208,260,159,211,170,191,154,189,240
36897704#0,56,48,56,54,67,45,56,55,73,54,62,57,55,55,49,74,57,73,57,60,68,64,55,67,61,73,58,62,59,52,37,49,33,33,51,44,42,38,43,45,30,40,62,53,54,106,85,64,68,57,60,78,76,67,85,83,83,78,80,79,103,77,85,89,86,69,90,74,62,51,85,73,87,65,58,88,48,64,65,79,80,88,78,68,92,56,65,64,59,105,91,71,95,85,86,55,69,86,81,68,96,90,67,45,55,67,89,61,82,84,70,56,75,77,56,48,78,94,86,46,40,59,76,73,87,70,48,62,82,91,99,75,50,57,92,70,64,55,73,79,66,95,69,73,90,79,71,69,72,64,65,71,92,70,92,109,50,87,62,60,77,75,73,77,71,78,83,74,105,90,59,78,79,56,73,83,72,79,74,75,95,72,44,64,84,85,78,69,79,90,61,63,77,68,69,90,63,77,81,93,68,55,78,86,65,95,63,71,101,51,65,81,105,78,65,90,84,67,51,46,82,87,82,53,76,93,57,65,103,85,84,91,67,89,66,50,58,86,92,72
36912471#0,59,72,50,66,62,47,49,52,70,64,60,68,62,77,57,66,71,64,74,86,79,62,51,66,83,73,65,63,71,79,57,72,71,66,75,66,79,70,53,79,66,82,74,43,73,68,73,84,86,91,90,65,92,68,68,76,58,97,57,78,74,60,86,84,92,80,78,90,68,57,80,84,92,66,77,100,78,80,80,89,82,64,73,96,78,104,53,67,85,64,54,55,68,90,84,70,82,74,78,74,62,90,65,84,106,59,75,54,97,96,86,99,62,69,89,84,74,69,50,95,83,83,84,57,101,83,82,90,78,82,75,61,85,86,105,78,66,88,74,67,57,78,68,61,61,57,70,97,69,72,87,71,77,74,65,83,83,89,73,51,87,81,99,98,75,68,72,70,90,82,76,86,63,90,82,82,67,67,99,87,83,78,64,92,77,80,90,88,73,66,78,80,65,61,81,81,94,107,69,75,78,96,90,81,73,67,63,79,75,82,58,60,94,73,65,59,56,98,72,73,76,69,54,79,114,94,91,85,59,70,84,65,84,62,84,92,73,85,71,75
36913433#0,51,93,59,88,101,65,105,107,75,108,115,85,116,51,78,52,78,109,74,113,83,58,113,91,62,113,133,88,122,122,60,69,41,55,120,52,62,95,73,44,87,46,68,125,69,50,70,49,57,132,45,63,60,68,131,110,51,45,39,84,187,74,86,62,76,124,31,113,64,79,75,89,135,75,89,103,26,117,69,90,138,77,116,159,121,95,122,47,85,126,99,94,136,61,118,109,62,112,45,82,76,58,143,125,68,96,42,68,161,111,101,68,51,72,137,113,41,68,67,168,64,89,38,57,133,108,69,52,40,106,147,80,125,79,90,146,48,85,115,117,62,85,143,125,63,139,147,85,36,53,121,111,101,72,89,75,56,101,103,69,85,40,67,115,52,83,76,81,63,51,133,86,78,138,111,58,146,130,68,88,118,103,70,59,74,175,94,133,94,89,161,108,107,117,92,90,66,91,101,72,98,174,132,76,92,72,148,117,71,73,35,140,130,129,80,119,98,35,67,85,46,117,106,100,140,74,78,79,115,130,80,113,125,97,79,103,66,62,57,167
36913434#0,0,0,0,0,0,0,0,0,0,0,0,0,0,0,0,0,0,0,0,0,0,0,0,0,0,0,0,0,0,0,0,0,0,0,0,0,0,0,0,0,0,0,0,0,0,0,0,0,0,0,0,0,0,0,0,0,0,0,0,0,0,0,0,0,0,0,0,0,0,0,0,0,0,0,0,0,0,0,0,0,0,0,0,0,0,0,0,0,0,0,0,0,0,0,0,0,0,0,0,0,0,0,0,0,0,0,0,0,0,0,0,0,0,0,0,0,0,0,0,0,0,0,0,0,0,0,0,0,0,0,0,0,0,0,0,0,0,0,0,0,0,0,0,0,0,0,0,0,0,0,0,0,0,0,0,0,0,0,0,0,0,0,0,0,0,0,0,0,0,0,0,0,0,0,0,0,0,0,0,0,0,0,0,0,0,0,0,0,0,0,0,0,0,0,0,0,0,0,0,0,0,0,0,0,0,0,0,0,0,0,0,0,0,0,0,0,0,0,0,0,0,0,0,0,0,0,0,0,0,0,0,0,0,0,0,0,0,0,0,0
36965407#0,26,28,14,19,28,20,12,27,11,17,30,29,14,26,18,15,24,36,19,16,20,34,18,21,26,26,14,16,21,32,24,9,23,30,28,10,13,23,32,20,10,30,30,27,14,26,30,35,12,13,25,29,32,16,19,24,34,17,27,32,36,35,21,22,22,37,19,16,26,31,25,15,27,31,19,14,23,34,32,16,21,24,33,32,20,20,36,30,28,28,18,27,27,35,24,16,26,32,31,30,17,17,24,29,22,23,25,20,28,18,18,21,22,29,19,16,24,28,16,19,24,34,19,27,28,30,26,10,25,23,18,35,20,20,23,30,18,16,21,27,28,24,11,30,28,26,30,18,10,24,29,28,25,14,12,14,21,30,29,14,16,20,19,30,22,18,29,29,31,36,21,20,23,15,27,12,16,22,26,24,13,10,14,12,20,24,26,13,18,21,23,27,21,16,27,28,30,29,20,13,25,23,25,24,12,9,16,12,21,16,15,22,24,8,8,16,17,26,19,9,30,24,14,10,10,21,24,30,22,11,31,30,16,6,15,18,22,20,16,30
36965409,0,0,0,0,0,0,0,0,0,0,0,0,0,0,0,0,0,0,0,0,0,0,0,0,0,0,0,0,0,0,0,0,0,0,0,0,0,0,0,0,0,0,0,0,0,0,0,0,0,0,0,0,0,0,0,0,0,0,0,0,0,0,0,0,0,0,0,0,0,0,0,0,0,0,0,0,0,0,0,0,0,0,0,0,0,0,0,0,0,0,0,0,0,0,0,0,0,0,0,0,0,0,0,0,0,0,0,0,0,0,0,0,0,0,0,0,0,0,0,0,0,0,0,0,0,0,0,0,0,0,0,0,0,0,0,0,0,0,0,0,0,0,0,0,0,0,0,0,0,0,0,0,0,0,0,0,0,0,0,0,0,0,0,0,0,0,0,0,0,0,0,0,0,0,0,0,0,0,0,0,0,0,0,0,0,0,0,0,0,0,0,0,0,0,0,0,0,0,0,0,0,0,0,0,0,0,0,0,0,0,0,0,0,0,0,0,0,0,0,0,0,0,0,0,0,0,0,0,0,0,0,0,0,0,0,0,0,0,0,0
36967993#1,60,61,42,47,38,27,57,44,52,67,59,66,48,50,52,56,42,58,39,47,44,66,69,62,60,46,50,37,64,42,62,55,66,60,59,64,46,66,49,68,88,76,76,67,70,69,68,72,92,66,68,61,70,86,64,58,54,78,56,67,68,83,97,75,93,113,79,90,98,70,80,73,74,60,72,84,78,104,74,100,66,82,86,80,94,89,76,74,58,70,86,90,105,74,110,100,100,92,88,121,81,78,74,86,97,68,71,69,96,67,88,92,83,92,94,94,102,77,82,88,95,96,62,94,56,83,84,90,75,68,71,75,100,68,74,70,80,95,76,96,108,98,66,106,68,74,80,112,112,66,72,55,91,55,85,86,80,78,82,60,81,89,83,95,68,71,97,83,104,84,75,76,84,90,82,81,87,98,82,74,80,78,104,74,100,76,75,82,92,72,85,65,90,62,68,72,65,107,93,89,80,85,71,56,64,60,71,84,72,103,82,96,81,92,88,80,83,82,67,86,84,80,104,162,128,139,111,113,89,90,68,67,70,74,94,75,79,83,100,84
36967993#1-AddedOnRampEdge,26,29,21,24,13,14,26,26,23,34,28,35,22,26,28,23,22,21,21,22,22,26,29,32,27,24,22,19,26,22,27,28,36,30,26,29,24,26,25,27,40,32,38,34,30,32,28,38,36,34,27,30,32,48,30,25,25,36,29,27,36,41,46,30,46,64,36,50,48,38,38,32,34,33,30,47,42,55,36,44,36,40,48,36,45,41,41,43,28,32,38,53,52,38,53,52,46,46,50,66,36,37,32,50,48,34,35,36,45,39,39,51,40,48,51,50,58,37,45,38,54,49,35,46,28,41,44,50,41,36,31,44,48,40,41,42,40,48,34,48,61,46,33,52,32,34,40,64,60,32,32,30,46,28,41,46,42,38,38,29,46,44,47,45,34,39,40,46,44,46,40,40,46,43,39,40,46,48,44,38,44,44,60,38,54,41,38,42,43,36,39,38,41,36,30,36,31,59,42,53,46,48,36,30,25,33,40,48,36,66,30,46,43,48,52,36,46,42,37,49,48,46,60,98,80,86,72,66,56,44,36,30,34,44,47,34,37,44,54,50
36971492,35,59,48,63,55,64,64,52,75,41,76,54,84,43,54,53,52,72,60,55,86,59,54,78,41,62,48,68,42,56,52,69,38,75,44,85,60,66,70,54,76,47,80,59,87,54,78,64,89,52,68,55,59,92,74,88,85,76,87,84,98,53,81,64,84,76,78,78,51,86,68,86,62,100,60,91,62,75,70,80,52,81,59,77,76,77,69,74,58,71,81,60,87,64,84,68,88,64,70,92,88,90,66,56,44,59,74,67,90,104,81,67,66,68,82,95,98,60,63,87,86,65,92,78,60,88,70,110,98,76,91,73,64,70,68,92,86,53,68,70,80,77,67,84,76,90,72,58,57,74,62,52,90,74,60,99,75,58,78,78,81,53,82,76,93,64,68,79,87,83,62,58,69,73,67,52,61,56,67,49,56,25,34,65,68,82,69,42,67,81,49,53,58,81,68,90,86,70,88,60,61,52,72,56,82,66,72,55,61,66,65,93,81,90,63,74,42,44,49,51,86,72,58,63,36,79,48,68,48,54,57,66,70,60,72,58,70,66,68,63
375964868#1,132,77,102,97,92,106,96,114,99,79,130,87,95,116,70,110,105,86,127,117,85,84,93,153,93,125,84,103,123,111,120,120,72,141,107,125,104,98,104,100,93,148,102,100,115,167,118,128,79,85,126,104,128,105,92,135,125,113,125,106,192,83,104,89,162,78,122,92,119,131,90,126,128,137,83,94,98,89,125,129,121,120,124,105,102,139,98,125,118,131,113,132,120,98,108,95,116,127,105,136,145,134,75,105,76,152,122,96,96,128,109,106,112,114,124,97,129,130,159,127,135,103,85,98,124,139,104,125,134,121,114,72,104,82,123,143,72,112,126,108,137,153,129,124,126,103,105,103,109,133,124,157,77,101,130,140,167,135,125,130,109,100,119,96,141,161,100,112,91,159,104,113,105,104,114,126,115,95,78,116,153,110,66,123,107,122,107,95,109,129,104,118,115,99,135,134,127,132,118,128,127,117,106,78,122,165,140,125,117,98,151,136,126,148,126,137,115,99,98,88,128,117,109,109,106,157,109,141,125,97,130,111,126,158,110,81,122,140,174,98
37898955#0-AddedOnRampEdge,68,47,61,75,72,45,63,76,70,67,61,75,53,62,60,75,72,77,56,57,80,59,69,54,98,60,95,66,88,70,103,95,94,59,108,55,92,53,74,39,57,80,105,69,54,93,104,88,96,64,76,87,102,65,77,67,98,74,61,95,134,95,99,88,66,54,93,85,49,87,99,93,78,70,60,122,69,63,73,106,92,73,81,97,94,71,63,72,44,150,113,71,81,111,111,70,70,88,100,79,104,114,91,55,61,95,135,52,126,95,54,62,130,50,39,44,149,106,61,57,65,68,96,98,132,69,54,57,83,89,149,79,49,49,86,85,62,33,74,72,86,92,96,147,85,58,58,83,109,88,76,108,107,115,93,107,78,123,69,91,73,62,88,122,95,76,64,101,131,76,57,124,121,65,152,77,108,49,97,100,116,77,36,66,83,76,79,47,156,86,63,74,111,63,113,99,47,59,160,132,58,58,110,110,79,58,90,94,163,93,63,105,156,72,115,177,90,43,63,51,113,105,76,51,142,139,78,89,94,50,117,142,64,67,66,67,36,107,109,95
38540557#1,0,0,0,0,0,0,0,0,0,0,0,0,0,0,0,0,0,0,0,0,0,0,0,0,0,0,0,0,0,0,0,0,0,0,0,0,0,0,0,0,0,0,0,0,0,0,0,0,0,0,0,0,0,0,0,0,0,0,0,0,0,0,0,0,0,0,0,0,0,0,0,0,0,0,0,0,0,0,0,0,0,0,0,0,0,0,0,0,0,0,0,0,0,0,0,0,0,0,0,0,0,0,0,0,0,0,0,0,0,0,0,0,0,0,0,0,0,0,0,0,0,0,0,0,0,0,0,0,0,0,0,0,0,0,0,0,0,0,0,0,0,0,0,0,0,0,0,0,0,0,0,0,0,0,0,0,0,0,0,0,0,0,0,0,0,0,0,0,0,0,0,0,0,0,0,0,0,0,0,0,0,0,0,0,0,0,0,0,0,0,0,0,0,0,0,0,0,0,0,0,0,0,0,0,0,0,0,0,0,0,0,0,0,0,0,0,0,0,0,0,0,0,0,0,0,0,0,0,0,0,0,0,0,0,0,0,0,0,0,0
38540557#2,6,6,10,10,11,11,7,5,8,5,4,5,4,8,8,5,8,9,9,8,7,12,7,8,6,7,8,6,6,9,5,7,6,9,7,10,7,8,8,12,10,8,5,9,11,4,10,7,6,7,8,9,8,7,5,8,11,5,12,8,6,8,8,8,13,6,10,12,8,7,4,9,7,10,8,8,7,6,7,9,9,8,18,9,16,10,11,8,7,7,10,6,4,8,7,10,5,6,3,7,12,10,6,9,10,6,9,9,9,9,12,11,14,10,15,12,9,14,9,7,8,7,8,11,10,11,10,6,10,11,8,9,9,15,9,11,9,8,9,11,9,14,9,11,11,9,10,11,12,8,11,13,18,10,12,7,7,9,9,8,8,9,7,9,6,5,12,7,10,9,10,7,11,10,11,10,9,15,10,12,12,15,13,7,12,11,11,12,13,6,9,16,16,13,10,11,7,10,14,10,12,9,13,14,11,10,8,9,10,9,10,14,9,16,20,16,14,7,9,15,12,8,9,11,8,7,6,8,12,8,10,6,6,9,7,8,16,9,11,7
38540557#3,6,6,10,10,11,11,7,5,8,5,4,5,4,8,8,5,8,9,9,8,7,12,7,8,6,7,8,6,6,9,5,7,6,9,7,10,7,8,8,12,10,8,5,9,11,4,10,7,6,7,8,9,8,7,5,8,11,5,12,8,6,8,8,8,13,6,10,12,8,7,4,9,7,10,8,8,7,6,7,9,9,8,18,9,16,10,11,8,7,7,10,6,4,8,7,10,5,6,3,7,12,10,6,9,10,6,9,9,9,9,12,11,14,10,15,12,9,14,9,7,8,7,8,11,10,11,10,6,10,11,8,9,9,15,9,11,9,8,9,11,9,14,9,11,11,9,10,11,12,8,11,13,18,10,12,7,7,9,9,8,8,9,7,9,6,5,12,7,10,9,10,7,11,10,11,10,9,15,10,12,12,15,13,7,12,11,11,12,13,6,9,16,16,13,10,11,7,10,14,10,12,9,13,14,11,10,8,9,10,9,10,14,9,16,20,16,14,7,9,15,12,8,9,11,8,7,6,8,12,8,10,6,6,9,7,8,16,9,11,7
391160931#0,19,14,26,19,26,18,24,19,25,23,24,24,15,20,22,18,25,17,21,19,20,29,19,33,15,25,25,26,18,26,16,32,18,23,24,24,22,23,30,19,26,24,16,20,34,16,27,27,33,30,33,33,27,26,31,26,35,28,35,23,26,32,32,28,25,32,30,27,33,38,25,28,18,37,29,36,22,29,38,29,34,28,32,22,25,35,40,20,20,31,46,33,28,28,42,47,26,38,36,31,43,40,25,37,30,36,38,21,13,30,23,36,40,25,29,26,26,31,36,34,24,34,32,50,42,42,35,37,28,31,47,41,42,47,16,50,63,35,30,28,64,54,17,52,70,34,21,18,65,25,20,29,70,64,51,36,27,52,48,31,20,65,66,32,7,14,61,49,16,56,66,68,54,24,32,63,63,55,60,50,19,62,37,32,37,16,34,74,63,50,32,34,65,57,32,44,66,31,63,44,26,16,61,53,42,40,36,41,42,47,40,42,32,45,37,26,27,34,54,41,26,28,48,44,27,40,41,38,34,33,49,46,44,40,54,46,38,36,37,48
403473928#0,40,69,41,57,59,58,38,50,59,39,48,48,64,44,58,43,69,43,54,70,56,60,37,63,50,83,68,43,77,63,47,68,46,63,68,41,89,64,34,76,55,67,59,27,76,68,73,77,52,77,74,62,74,48,33,76,76,54,28,69,67,80,65,93,67,59,68,54,66,44,58,106,51,73,76,57,65,39,74,102,87,59,78,54,81,88,40,87,72,75,58,40,85,59,62,80,49,67,79,55,81,61,29,72,112,82,40,38,86,68,64,84,40,62,81,48,77,71,22,62,87,68,43,64,91,71,42,50,89,81,62,60,62,85,75,31,74,57,64,77,71,45,70,62,51,60,61,64,57,54,31,70,51,53,73,61,37,62,68,45,73,62,56,73,30,56,50,49,65,35,57,52,57,64,51,56,42,82,46,57,65,69,33,78,75,54,64,53,27,40,68,72,54,44,64,60,35,64,59,36,65,41,68,68,53,47,62,44,39,49,65,50,43,66,55,49,43,78,49,53,64,71,65,50,57,33,60,61,50,43,69,61,36,37,72,34,59,71,46,37
452860327#0,0,0,0,0,0,0,0,0,0,0,0,0,0,0,0,0,0,0,0,0,0,0,0,0,0,0,0,0,0,0,0,0,0,0,0,0,0,0,0,0,0,0,0,0,0,0,0,0,0,0,0,0,0,0,0,0,0,0,0,0,0,0,0,0,0,0,0,0,0,0,0,0,0,0,0,0,0,0,0,0,0,0,0,0,0,0,0,0,0,0,0,0,0,0,0,0,0,0,0,0,0,0,0,0,0,0,0,0,0,0,0,0,0,0,0,0,0,0,0,0,0,0,0,0,0,0,0,0,0,0,0,0,0,0,0,0,0,0,0,0,0,0,0,0,0,0,0,0,0,0,0,0,0,0,0,0,0,0,0,0,0,0,0,0,0,0,0,0,0,0,0,0,0,0,0,0,0,0,0,0,0,0,0,0,0,0,0,0,0,0,0,0,0,0,0,0,0,0,0,0,0,0,0,0,0,0,0,0,0,0,0,0,0,0,0,0,0,0,0,0,0,0,0,0,0,0,0,0,0,0,0,0,0,0,0,0,0,0,0,0
45444030#0,30,39,41,38,45,37,46,41,36,48,35,49,50,59,40,37,44,47,37,61,52,39,58,56,43,46,48,56,48,46,34,42,46,41,46,36,35,33,39,36,30,37,29,42,47,49,52,44,33,54,40,37,39,43,36,33,38,45,45,52,44,48,50,57,41,44,51,53,47,51,50,45,57,48,56,42,47,48,43,56,51,43,47,45,56,53,53,55,44,41,59,44,41,45,52,52,48,60,49,56,63,45,62,59,62,58,59,58,50,53,59,63,45,54,52,58,39,46,70,48,42,45,61,64,60,59,67,56,51,62,67,65,61,70,60,63,49,52,51,62,40,59,34,52,54,51,58,63,63,59,71,58,51,32,53,48,48,57,47,49,64,59,56,62,65,59,34,48,58,61,59,41,52,36,49,55,44,41,54,62,47,54,52,65,58,35,55,66,43,40,58,49,37,53,40,64,55,53,49,55,50,51,60,42,52,60,49,49,57,41,45,61,62,63,49,73,45,59,65,50,46,57,55,59,45,65,56,61,52,46,61,55,49,53,43,42,50,63,74,63
461556532,53,39,54,51,69,50,61,44,55,43,70,39,63,46,57,54,60,47,51,55,63,66,71,55,68,43,64,43,76,64,69,69,68,58,70,71,64,60,73,47,78,75,77,58,50,87,101,85,69,69,71,76,83,76,77,96,92,79,60,73,78,107,63,94,63,75,90,98,77,67,76,95,92,54,86,89,101,63,101,86,83,76,80,76,65,50,75,102,78,72,95,88,96,74,98,57,66,103,96,83,89,128,106,72,67,58,90,84,92,82,63,75,84,72,65,79,94,90,47,18,83,83,66,110,97,68,49,71,95,60,108,99,62,68,68,89,74,69,95,69,73,59,78,88,88,78,64,85,62,80,71,53,81,82,78,74,85,65,58,66,93,68,60,59,74,81,75,89,93,74,80,79,61,82,81,88,79,71,85,50,78,90,61,46,91,92,64,45,77,80,50,55,74,69,85,66,49,53,76,99,56,63,62,72,75,66,74,76,67,83,64,58,70,88,43,72,77,60,71,60,82,60,65,60,81,51,67,69,85,59,63,73,66,68,50,77,59,69,70,90
461556535#0,40,31,59,37,38,49,41,45,32,65,31,41,32,50,49,55,30,34,40,43,25,68,29,53,37,60,42,50,52,49,54,48,70,27,61,58,40,60,42,59,22,80,32,48,59,46,53,34,70,34,72,46,66,49,59,61,39,80,58,65,62,51,75,45,56,77,58,54,76,78,56,82,64,40,80,44,66,63,62,21,81,80,33,68,75,86,47,38,61,95,71,47,67,50,77,81,70,78,58,82,61,57,69,64,82,62,69,64,56,64,57,82,59,51,57,53,45,68,42,86,56,82,72,44,53,70,61,67,71,78,49,55,74,73,79,32,24,65,63,69,83,60,72,56,76,72,65,76,54,59,66,46,38,40,46,38,64,22,55,73,64,53,73,60,79,70,57,24,49,70,44,24,65,73,42,27,14,72,72,68,74,55,51,70,48,63,27,56,74,74,61,40,70,81,63,48,72,49,54,37,32,68,73,72,58,54,58,59,62,54,70,39,43,41,25,76,44,71,43,54,68,51,58,61,75,52,40,75,46,56,47,60,67,40,70,50,57,62,37,68
461556535#3,113,86,138,65,80,143,108,90,116,148,106,74,86,139,118,125,84,115,74,98,81,134,65,114,108,128,122,122,103,74,141,158,147,79,127,159,80,120,99,125,65,141,107,121,137,81,169,99,136,121,180,101,154,152,108,134,128,148,105,161,89,144,173,95,143,158,107,149,160,122,179,170,100,134,162,90,165,161,88,111,169,96,93,172,168,193,111,109,163,205,153,134,152,121,149,187,181,150,148,150,123,121,151,160,124,124,167,147,125,131,153,150,126,100,133,96,119,149,132,128,151,170,182,96,134,143,122,159,150,142,108,144,141,158,145,65,93,123,147,143,150,147,134,126,156,154,142,146,148,124,145,88,86,101,108,130,91,102,146,138,119,137,124,146,160,155,104,86,140,142,88,104,153,117,61,42,101,171,170,152,140,120,148,151,130,105,96,145,150,153,86,109,162,181,114,152,165,120,93,61,108,165,154,156,102,122,145,143,132,134,153,93,80,86,109,160,132,109,98,136,148,109,124,161,143,71,136,162,124,124,121,127,158,114,132,108,138,159,124,120
461556535#5,91,88,118,65,59,120,111,68,108,134,100,64,73,108,125,85,61,107,100,80,84,100,44,70,138,96,91,115,97,46,99,151,141,71,79,120,71,71,71,116,113,87,88,139,115,50,140,135,83,122,145,81,104,134,92,83,160,94,95,140,44,143,162,67,134,137,68,139,126,54,177,153,54,158,119,56,162,152,37,139,167,45,69,112,101,180,96,89,143,160,103,122,152,95,94,141,169,82,118,142,82,80,115,176,55,68,125,151,104,83,108,129,87,71,138,56,91,148,135,60,122,148,144,73,157,95,69,113,155,94,73,107,113,158,130,53,121,75,104,90,138,158,75,78,88,120,130,81,112,84,136,83,110,84,120,135,35,113,154,76,88,120,58,95,122,152,77,74,144,124,55,91,140,111,59,22,95,106,122,147,91,79,109,142,145,53,80,107,142,143,42,82,149,132,69,121,118,147,85,39,86,106,127,145,68,85,148,114,90,99,153,95,49,54,89,104,144,57,61,106,127,68,76,156,107,34,140,142,109,88,84,80,124,134,77,68,96,135,151,71
464465211#0,0,0,0,0,0,0,0,0,0,0,0,0,0,0,0,0,0,0,0,0,0,0,0,0,0,0,0,0,0,0,0,0,0,0,0,0,0,0,0,0,0,0,0,0,0,0,0,0,0,0,0,0,0,0,0,0,0,0,0,0,0,0,0,0,0,0,0,0,0,0,0,0,0,0,0,0,0,0,0,0,0,0,0,0,0,0,0,0,0,0,0,0,0,0,0,0,0,0,0,0,0,0,0,0,0,0,0,0,0,0,0,0,0,0,0,0,0,0,0,0,0,0,0,0,0,0,0,0,0,0,0,0,0,0,0,0,0,0,0,0,0,0,0,0,0,0,0,0,0,0,0,0,0,0,0,0,0,0,0,0,0,0,0,0,0,0,0,0,0,0,0,0,0,0,0,0,0,0,0,0,0,0,0,0,0,0,0,0,0,0,0,0,0,0,0,0,0,0,0,0,0,0,0,0,0,0,0,0,0,0,0,0,0,0,0,0,0,0,0,0,0,0,0,0,0,0,0,0,0,0,0,0,0,0,0,0,0,0,0,0
46704068,19,12,14,13,21,15,9,21,10,13,14,19,12,17,11,17,24,10,18,17,13,8,16,20,9,21,14,17,16,16,19,15,19,9,19,16,21,24,23,17,18,19,13,21,17,13,24,25,20,12,27,17,19,20,22,25,17,24,24,19,23,16,17,14,28,26,21,23,21,23,15,21,19,24,17,19,25,17,20,22,25,19,24,22,22,28,27,32,24,23,25,26,24,23,30,20,31,29,22,17,23,25,6,11,16,32,17,9,10,19,24,16,17,26,19,8,16,29,29,18,9,2,4,28,18,17,4,7,20,13,5,14,26,22,19,7,5,15,23,14,20,21,6,8,26,21,34,12,3,6,10,5,7,18,11,24,26,8,7,26,28,25,37,22,11,13,12,5,20,22,29,35,14,6,6,9,23,27,26,28,27,2,12,14,21,21,14,21,31,18,10,11,24,21,16,17,13,11,21,8,10,10,10,21,19,17,15,24,7,5,7,17,19,23,20,17,32,14,14,21,6,10,14,21,19,33,6,5,15,14,21,21,21,29,20,10,18,13,23,31
46704070,0,0,0,0,0,0,0,0,0,0,0,0,0,0,0,0,0,0,0,0,0,0,0,0,0,0,0,0,0,0,0,0,0,0,0,0,0,0,0,0,0,0,0,0,0,0,0,0,0,0,0,0,0,0,0,0,0,0,0,0,0,0,0,0,0,0,0,0,0,0,0,0,0,0,0,0,0,0,0,0,0,0,0,0,0,0,0,0,0,0,0,0,0,0,0,0,0,0,0,0,0,0,0,0,0,0,0,0,0,0,0,0,0,0,0,0,0,0,0,0,0,0,0,0,0,0,0,0,0,0,0,0,0,0,0,0,0,0,0,0,0,0,0,0,0,0,0,0,0,0,0,0,0,0,0,0,0,0,0,0,0,0,0,0,0,0,0,0,0,0,0,0,0,0,0,0,0,0,0,0,0,0,0,0,0,0,0,0,0,0,0,0,0,0,0,0,0,0,0,0,0,0,0,0,0,0,0,0,0,0,0,0,0,0,0,0,0,0,0,0,0,0,0,0,0,0,0,0,0,0,0,0,0,0,0,0,0,0,0,0
498553874#0,81,80,100,82,66,84,78,78,72,64,76,74,92,62,82,80,81,76,102,80,90,75,102,76,84,70,98,70,92,78,96,93,93,91,74,95,83,78,99,81,114,81,70,106,103,82,70,102,81,65,66,89,118,111,82,73,76,83,78,78,64,86,125,79,82,76,120,96,78,94,114,102,82,54,115,86,76,73,102,92,114,124,59,85,131,93,68,72,92,102,102,86,76,85,118,140,82,65,70,82,91,98,72,82,86,77,94,58,73,93,106,72,89,100,66,82,120,108,98,78,87,97,114,132,104,102,56,82,74,55,74,115,106,46,96,104,93,82,98,58,90,76,80,68,77,62,87,86,59,109,82,64,88,102,56,92,79,62,92,87,82,83,56,53,101,98,74,69,99,84,111,56,48,77,88,118,73,113,56,52,43,117,108,106,79,80,94,91,91,82,73,56,95,90,69,72,76,71,86,99,76,85,90,79,77,85,72,78,102,110,82,88,101,110,104,78,88,58,48,40,110,110,99,86,102,92,106,69,87,56,91,88,112,78,73,96,89,57,73,100
498553874#0-AddedOffRampEdge,130,109,126,102,102,128,118,120,114,91,138,106,129,113,104,118,121,104,146,131,120,103,143,147,122,129,132,118,135,118,154,143,121,153,120,146,126,114,142,118,144,149,115,140,154,165,121,162,104,101,120,134,180,151,116,132,131,123,129,122,157,118,158,100,141,99,166,117,117,148,141,159,131,122,134,124,108,110,143,143,154,170,115,123,173,150,101,119,128,156,154,140,124,112,150,165,127,116,122,150,155,157,84,106,112,149,150,108,115,138,129,110,130,142,124,108,153,148,174,136,127,123,138,169,134,148,111,140,124,116,121,124,150,85,165,171,105,121,149,110,138,160,148,121,141,103,116,125,112,157,126,149,108,142,125,138,148,126,154,134,130,122,109,97,167,174,110,123,136,171,145,115,110,119,149,171,128,139,83,101,123,153,125,162,128,140,136,139,151,145,122,129,156,131,127,128,140,144,144,152,143,129,134,104,140,160,139,136,162,153,156,161,158,190,160,154,137,109,102,88,173,168,143,140,143,175,140,146,141,105,160,134,172,148,122,114,139,118,167,134
503401204#0,0,0,0,0,0,0,0,0,0,0,0,0,0,0,0,0,0,0,0,0,0,0,0,0,0,0,0,0,0,0,0,0,0,0,0,0,0,0,0,0,0,0,0,0,0,0,0,0,0,0,0,0,0,0,0,0,0,0,0,0,0,0,0,0,0,0,0,0,0,0,0,0,0,0,0,0,0,0,0,0,0,0,0,0,0,0,0,0,0,0,0,0,0,0,0,0,0,0,0,0,0,0,0,0,0,0,0,0,0,0,0,0,0,0,0,0,0,0,0,0,0,0,0,0,0,0,0,0,0,0,0,0,0,0,0,0,0,0,0,0,0,0,0,0,0,0,0,0,0,0,0,0,0,0,0,0,0,0,0,0,0,0,0,0,0,0,0,0,0,0,0,0,0,0,0,0,0,0,0,0,0,0,0,0,0,0,0,0,0,0,0,0,0,0,0,0,0,0,0,0,0,0,0,0,0,0,0,0,0,0,0,0,0,0,0,0,0,0,0,0,0,0,0,0,0,0,0,0,0,0,0,0,0,0,0,0,0,0,0,0
503401205#0,0,0,0,0,0,0,0,0,0,0,0,0,0,0,0,0,0,0,0,0,0,0,0,0,0,0,0,0,0,0,0,0,0,0,0,0,0,0,0,0,0,0,0,0,0,0,0,0,0,0,0,0,0,0,0,0,0,0,0,0,0,0,0,0,0,0,0,0,0,0,0,0,0,0,0,0,0,0,0,0,0,0,0,0,0,0,0,0,0,0,0,0,0,0,0,0,0,0,0,0,0,0,0,0,0,0,0,0,0,0,0,0,0,0,0,0,0,0,0,0,0,0,0,0,0,0,0,0,0,0,0,0,0,0,0,0,0,0,0,0,0,0,0,0,0,0,0,0,0,0,0,0,0,0,0,0,0,0,0,0,0,0,0,0,0,0,0,0,0,0,0,0,0,0,0,0,0,0,0,0,0,0,0,0,0,0,0,0,0,0,0,0,0,0,0,0,0,0,0,0,0,0,0,0,0,0,0,0,0,0,0,0,0,0,0,0,0,0,0,0,0,0,0,0,0,0,0,0,0,0,0,0,0,0,0,0,0,0,0,0
503401206#0,4,2,1,1,4,3,4,3,3,2,1,4,3,1,3,2,3,4,3,3,2,3,4,3,2,6,4,5,3,5,3,3,2,7,5,3,7,4,2,4,3,4,2,7,4,2,7,3,4,2,3,4,3,2,9,5,2,2,2,2,3,3,6,3,6,4,5,11,10,11,7,3,5,5,3,7,3,8,4,9,7,9,8,11,8,8,7,10,15,5,8,9,7,5,6,6,4,10,9,9,18,13,15,16,13,13,18,12,11,8,8,4,8,15,9,12,10,9,16,13,12,16,10,13,8,8,10,10,10,11,11,11,8,13,12,7,11,9,9,8,10,9,11,10,13,10,11,13,12,9,6,9,12,11,11,7,7,11,12,8,11,10,9,12,11,8,8,11,4,6,4,6,5,6,4,8,8,4,5,4,7,8,7,5,13,7,8,11,7,8,8,11,10,8,9,8,6,9,10,9,11,6,4,8,9,8,8,5,5,4,5,5,10,10,5,6,4,4,5,5,6,10,6,12,9,8,11,5,7,8,7,13,10,10,7,7,5,2,5,7
508711055,42,31,18,29,57,26,12,66,27,21,43,51,36,29,60,29,46,36,24,23,42,42,43,29,40,33,37,19,24,61,32,51,59,25,20,46,50,75,47,62,64,44,38,23,38,34,46,48,22,47,54,50,52,48,60,38,48,35,32,39,48,44,43,17,43,62,52,73,52,84,61,48,46,43,69,40,40,43,44,23,39,54,53,42,37,37,49,51,26,26,36,47,34,57,46,51,57,71,83,46,42,53,38,36,46,35,20,32,46,52,48,66,83,49,38,21,22,68,82,104,99,42,35,92,76,63,87,48,41,49,36,44,40,72,22,51,63,38,53,71,105,71,81,38,51,50,76,68,89,37,88,76,56,62,92,55,26,21,24,63,55,57,54,31,62,30,41,29,48,58,46,33,53,37,13,31,42,43,37,68,50,50,54,59,29,29,40,38,22,60,46,48,48,30,60,29,27,42,40,35,52,45,42,31,35,48,45,46,18,40,46,40,51,25,56,45,40,66,46,16,19,45,56,41,45,60,45,55,45,54,53,46,43,90,78,27,18,22,25,62
52033011#3,81,103,99,71,120,49,120,99,110,84,88,94,104,94,108,110,101,112,84,105,112,97,122,72,146,91,126,60,131,117,154,86,124,102,130,86,138,95,80,97,117,83,136,103,84,146,118,135,118,88,134,87,134,150,119,118,127,141,101,124,109,149,80,159,96,132,101,138,124,110,99,146,143,102,100,116,127,71,130,148,123,128,106,108,151,103,83,98,168,158,117,132,158,130,120,139,76,135,97,164,159,164,156,109,93,98,103,91,187,167,88,146,145,88,64,85,195,167,132,67,142,134,100,132,182,128,63,148,151,110,196,126,110,107,134,159,140,97,126,98,163,151,109,110,172,125,111,115,74,175,146,161,122,140,162,173,161,120,147,79,145,98,106,67,181,142,106,116,182,132,93,163,105,115,110,186,162,131,137,113,194,164,80,105,99,188,145,100,88,206,91,84,90,103,163,160,138,136,101,184,117,94,114,126,150,165,150,151,118,101,149,137,158,146,94,183,145,103,90,91,162,114,102,90,147,118,92,122,182,125,134,104,152,137,76,102,107,167,150,103
52033011#4,140,93,149,123,170,112,127,118,139,120,136,119,119,124,96,163,102,175,104,144,129,196,109,156,121,164,118,163,153,175,140,186,123,128,175,148,154,134,152,124,122,154,233,176,102,228,216,162,146,186,82,172,181,172,181,176,216,185,142,154,245,138,170,212,162,114,228,174,125,86,257,175,199,160,96,280,136,157,147,122,222,189,153,134,239,103,182,175,82,266,230,162,198,227,215,121,144,230,246,140,249,240,191,144,183,132,276,171,191,210,163,80,205,202,111,79,201,277,172,78,94,82,203,147,223,168,108,139,187,124,301,223,112,105,201,180,152,144,198,183,104,240,126,220,217,194,169,117,176,169,117,142,213,158,224,230,116,242,164,124,222,186,122,193,181,196,164,198,234,201,94,193,230,95,215,182,155,206,126,167,173,196,104,115,225,195,156,80,266,196,110,123,226,161,123,227,142,92,200,268,129,83,220,230,142,206,115,130,319,149,76,151,312,108,139,264,193,170,101,69,224,238,148,88,162,254,104,174,226,184,154,257,169,211,155,97,83,187,230,131
52033011#4-AddedOnRampEdge,142,138,156,116,182,93,162,147,151,136,122,153,132,152,120,188,126,197,108,169,144,184,133,159,160,182,146,144,170,194,190,175,149,145,192,130,198,142,128,142,144,124,232,171,101,254,180,166,160,174,122,144,186,201,180,144,203,214,144,172,224,136,140,234,172,142,197,174,140,94,246,194,221,164,87,248,122,145,148,150,218,214,145,129,274,118,162,129,153,294,192,170,196,230,190,182,132,202,196,185,288,236,202,160,182,147,245,132,240,264,174,124,225,192,92,62,255,306,232,112,126,106,193,133,274,204,108,184,200,146,321,207,140,134,235,216,190,130,184,178,154,300,123,187,252,205,178,98,151,230,174,225,215,174,276,296,161,246,217,106,234,185,154,162,248,225,168,166,276,234,76,233,224,82,202,248,204,241,148,193,243,232,104,149,190,260,209,120,209,288,133,124,192,169,167,284,198,144,184,310,184,91,221,230,196,288,164,178,319,147,135,202,334,132,163,324,228,192,96,88,258,252,162,100,190,280,92,198,276,222,177,232,220,247,154,94,120,254,276,106
52063523#0,0,0,0,0,0,0,0,0,0,0,0,0,0,0,0,0,0,0,0,0,0,0,0,0,0,0,0,0,0,0,0,0,0,0,0,0,0,0,0,0,0,0,0,0,0,0,0,0,0,0,0,0,0,0,0,0,0,0,0,0,0,0,0,0,0,0,0,0,0,0,0,0,0,0,0,0,0,0,0,0,0,0,0,0,0,0,0,0,0,0,0,0,0,0,0,0,0,0,0,0,0,0,0,0,0,0,0,0,0,0,0,0,0,0,0,0,0,0,0,0,0,0,0,0,0,0,0,0,0,0,0,0,0,0,0,0,0,0,0,0,0,0,0,0,0,0,0,0,0,0,0,0,0,0,0,0,0,0,0,0,0,0,0,0,0,0,0,0,0,0,0,0,0,0,0,0,0,0,0,0,0,0,0,0,0,0,0,0,0,0,0,0,0,0,0,0,0,0,0,0,0,0,0,0,0,0,0,0,0,0,0,0,0,0,0,0,0,0,0,0,0,0,0,0,0,0,0,0,0,0,0,0,0,0,0,0,0,0,0,0
52063533,23,17,13,13,22,21,28,18,15,20,17,15,20,20,18,21,18,25,25,33,25,22,26,22,22,39,26,27,27,24,27,23,18,24,22,25,31,30,19,24,30,26,22,30,27,28,32,34,20,18,26,28,22,29,31,31,28,28,21,32,30,24,27,29,40,32,32,39,38,40,36,25,32,30,30,39,29,38,23,46,49,37,39,34,31,39,37,51,52,39,43,33,48,31,35,43,30,55,42,39,50,58,51,51,42,76,56,41,56,47,46,28,38,53,21,39,51,42,46,69,58,40,37,59,41,38,45,44,54,44,36,41,47,41,38,38,57,25,50,57,32,15,24,28,67,51,38,58,58,27,30,66,44,51,56,44,31,47,35,38,41,36,32,45,39,32,32,41,33,31,35,27,32,27,30,37,40,32,39,35,28,22,27,33,38,24,32,40,42,28,35,38,35,35,40,29,49,36,35,31,45,30,33,34,33,30,26,29,35,28,46,23,35,45,22,54,42,30,48,19,48,57,33,32,14,46,44,24,44,30,46,36,24,35,30,40,30,48,32,34
52244624#0,108,72,115,90,138,82,105,74,112,95,116,88,99,90,70,122,72,144,79,134,96,144,83,146,88,140,100,128,118,141,105,125,91,104,122,132,111,96,138,109,78,112,169,117,74,187,173,109,118,178,82,171,184,145,137,140,172,150,80,133,183,127,126,182,146,104,207,157,127,79,190,158,166,105,70,193,107,145,137,120,177,147,94,122,191,100,131,131,74,171,182,157,152,172,162,74,135,221,203,123,171,164,159,94,71,128,171,148,173,145,130,91,156,180,95,142,187,215,125,55,105,101,190,137,204,138,62,115,166,103,192,181,100,70,165,158,134,110,205,163,95,179,154,174,172,162,124,91,144,138,82,120,152,140,167,140,95,151,116,132,201,125,78,136,156,173,80,166,180,141,57,153,145,100,176,171,110,167,121,118,167,180,76,92,205,166,126,56,147,148,76,109,164,128,136,160,108,67,150,192,96,55,142,137,114,123,75,86,205,114,59,96,171,116,83,145,150,109,76,62,188,151,122,76,137,155,79,123,161,151,81,152,138,163,114,114,81,140,117,116
52246044#0,61,63,70,44,61,62,46,55,81,33,65,73,74,73,79,66,53,65,38,68,86,44,64,70,69,73,67,55,72,97,47,70,86,74,71,74,69,75,79,51,72,68,65,90,100,53,67,70,80,83,133,95,67,70,66,79,95,89,57,73,55,80,97,77,63,71,92,71,87,87,68,75,96,72,77,89,74,67,93,81,89,96,61,85,70,79,107,73,66,88,86,77,85,82,75,81,93,74,98,81,73,69,100,62,84,93,66,81,95,65,77,90,74,73,83,97,105,100,71,83,91,55,90,85,63,71,97,56,82,96,84,101,102,102,85,108,86,64,89,100,63,29,69,90,98,75,48,98,86,65,81,78,65,82,81,63,63,90,57,84,75,64,79,48,72,71,62,84,65,85,84,69,51,70,80,72,62,80,84,86,95,86,65,76,104,76,62,82,54,51,62,78,74,61,70,81,60,78,84,54,61,74,83,37,40,64,74,87,70,69,54,53,94,82,54,82,73,75,70,76,77,86,72,66,80,51,73,67,81,71,61,91,60,75,77,46,72,93,45,83
542070644#0,34,32,20,24,25,13,31,19,29,32,30,31,26,24,24,34,20,36,18,25,22,40,40,30,33,22,29,18,38,20,35,27,30,30,33,35,21,40,24,41,48,45,38,33,40,38,40,34,55,32,42,31,39,38,34,33,29,42,28,40,32,42,51,45,47,48,44,40,50,32,42,40,40,27,42,36,36,48,38,56,30,42,37,43,49,48,35,30,30,38,48,37,53,36,57,48,54,45,38,56,45,42,41,36,48,34,36,33,51,28,49,41,42,43,44,44,43,40,36,50,41,47,27,48,28,42,40,39,34,32,40,30,51,28,33,28,40,47,42,48,47,52,33,54,36,40,39,48,53,34,40,24,45,26,44,40,38,40,44,31,35,45,36,50,34,32,57,37,60,38,35,37,38,47,43,40,42,50,37,36,36,34,43,36,46,35,37,40,49,36,46,27,49,27,38,36,34,48,50,36,34,38,35,26,38,27,30,36,36,37,52,51,38,45,36,44,36,41,30,37,36,34,43,64,49,53,40,48,33,45,32,36,35,30,47,41,42,39,46,35
57885669#0,33,71,50,63,88,48,83,83,56,81,82,64,96,37,68,58,61,97,92,92,73,47,99,85,55,103,123,61,107,115,47,66,57,50,103,63,53,81,75,35,73,50,49,97,67,39,58,55,53,101,52,53,58,58,98,91,36,41,43,64,134,53,82,60,56,106,26,80,67,67,65,62,95,68,84,74,37,85,70,71,104,71,92,119,92,68,109,33,58,92,93,68,109,77,90,90,56,98,64,61,69,61,104,100,69,74,64,65,130,93,66,63,67,67,116,100,42,77,65,129,66,73,50,66,102,98,60,57,69,94,115,85,106,86,62,101,53,65,108,107,45,59,96,96,56,104,117,66,44,55,98,102,76,66,64,64,61,82,85,56,64,53,55,92,53,69,73,56,60,44,110,71,69,97,77,59,115,95,58,85,111,72,56,66,73,121,57,108,91,66,115,70,83,109,76,81,76,59,75,67,74,129,105,52,69,62,108,80,63,73,49,115,86,102,70,89,69,41,66,68,39,99,84,74,112,59,75,75,82,108,69,72,98,82,57,73,58,59,55,128
589685544,0,0,0,0,0,0,0,0,0,0,0,0,0,0,0,0,0,0,0,0,0,0,0,0,0,0,0,0,0,0,0,0,0,0,0,0,0,0,0,0,0,0,0,0,0,0,0,0,0,0,0,0,0,0,0,0,0,0,0,0,0,0,0,0,0,0,0,0,0,0,0,0,0,0,0,0,0,0,0,0,0,0,0,0,0,0,0,0,0,0,0,0,0,0,0,0,0,0,0,0,0,0,0,0,0,0,0,0,0,0,0,0,0,0,0,0,0,0,0,0,0,0,0,0,0,0,0,0,0,0,0,0,0,0,0,0,0,0,0,0,0,0,0,0,0,0,0,0,0,0,0,0,0,0,0,0,0,0,0,0,0,0,0,0,0,0,0,0,0,0,0,0,0,0,0,0,0,0,0,0,0,0,0,0,0,0,0,0,0,0,0,0,0,0,0,0,0,0,0,0,0,0,0,0,0,0,0,0,0,0,0,0,0,0,0,0,0,0,0,0,0,0,0,0,0,0,0,0,0,0,0,0,0,0,0,0,0,0,0,0
635340513,59,21,76,46,51,92,52,48,61,74,44,96,58,28,92,68,43,90,82,56,74,58,45,82,59,42,69,58,48,104,71,42,82,54,58,100,81,57,103,75,60,105,68,38,116,80,60,102,106,57,101,78,42,88,78,38,130,81,43,99,98,41,130,82,33,103,76,42,116,98,33,105,90,40,120,66,34,104,96,41,146,78,34,120,113,36,108,86,36,121,97,39,134,90,38,122,86,31,129,64,37,140,98,40,123,72,116,78,44,88,126,48,92,117,60,57,144,76,38,107,115,32,120,72,46,144,136,36,94,85,50,118,112,32,107,110,35,118,134,34,123,122,47,122,101,44,123,108,28,134,126,34,128,144,46,153,162,46,114,126,49,123,117,56,112,170,42,119,136,60,130,98,46,125,123,30,116,69,126,134,58,93,114,58,69,110,106,50,122,70,46,122,107,42,104,106,36,126,107,50,111,88,49,135,81,37,110,106,36,129,126,54,124,131,30,74,106,52,120,60,48,126,116,42,110,118,32,105,136,78,110,102,42,98,102,36,109,85,52,114
638541493#1,0,0,0,0,0,0,0,0,0,0,0,0,0,0,0,0,0,0,0,0,0,0,0,0,0,0,0,0,0,0,0,0,0,0,0,0,0,0,0,0,0,0,0,0,0,0,0,0,0,0,0,0,0,0,0,0,0,0,0,0,0,0,0,0,0,0,0,0,0,0,0,0,0,0,0,0,0,0,0,0,0,0,0,0,0,0,0,0,0,0,0,0,0,0,0,0,0,0,0,0,0,0,0,0,0,0,0,0,0,0,0,0,0,0,0,0,0,0,0,0,0,0,0,0,0,0,0,0,0,0,0,0,0,0,0,0,0,0,0,0,0,0,0,0,0,0,0,0,0,0,0,0,0,0,0,0,0,0,0,0,0,0,0,0,0,0,0,0,0,0,0,0,0,0,0,0,0,0,0,0,0,0,0,0,0,0,0,0,0,0,0,0,0,0,0,0,0,0,0,0,0,0,0,0,0,0,0,0,0,0,0,0,0,0,0,0,0,0,0,0,0,0,0,0,0,0,0,0,0,0,0,0,0,0,0,0,0,0,0,0
638541500#0,17,3,17,16,8,21,18,12,20,28,9,22,19,5,21,18,11,20,32,16,17,13,16,19,23,9,19,25,17,21,23,12,20,25,19,24,26,19,21,23,25,19,20,12,23,24,15,22,34,15,20,28,11,23,30,12,25,29,15,27,29,14,27,26,9,25,26,15,27,28,10,23,30,13,26,22,7,19,29,10,31,20,9,25,29,13,30,22,13,21,32,13,33,28,13,28,21,8,25,24,12,31,33,11,25,16,19,19,11,23,27,20,17,24,29,13,30,28,13,26,27,7,29,20,10,23,38,11,23,29,10,26,32,12,21,25,9,21,30,9,24,35,21,19,22,9,26,21,7,26,23,6,17,25,10,29,35,12,23,30,19,16,26,17,22,34,7,22,29,15,24,20,6,23,26,6,26,12,21,33,15,13,22,16,15,21,31,10,22,24,11,19,26,10,16,22,8,27,31,13,20,25,13,27,30,4,23,34,11,23,25,15,23,30,9,15,29,12,25,22,17,24,28,10,17,23,11,24,20,32,24,27,12,23,27,10,19,20,14,21
638541502#0,66,40,94,52,71,139,52,88,86,90,76,134,60,40,110,68,45,129,110,82,95,74,60,110,73,80,88,80,98,136,73,50,98,102,102,128,86,112,136,89,126,131,74,86,133,81,89,150,132,100,132,89,70,121,116,90,157,106,79,134,162,82,152,125,68,134,112,90,134,135,60,133,136,84,154,84,58,136,128,65,170,100,68,138,147,57,118,118,78,164,159,82,165,128,87,170,145,72,144,84,72,153,131,90,138,114,171,106,66,108,146,118,98,132,116,70,157,98,80,106,150,82,144,104,82,166,160,68,93,124,64,124,148,85,158,126,68,116,179,60,134,142,92,137,126,70,136,129,59,124,121,71,153,152,54,124,178,70,128,152,98,130,127,67,107,186,66,122,132,86,144,128,55,109,157,62,144,89,125,145,87,90,110,114,78,120,122,86,126,96,58,131,130,72,131,136,71,136,130,80,127,104,76,152,112,64,128,146,47,122,122,67,134,128,47,84,121,77,130,64,72,128,122,54,134,132,56,118,102,142,120,123,82,130,126,68,100,86,94,141
638928391,34,29,32,38,44,38,38,32,32,34,45,30,38,35,40,38,37,30,34,37,42,51,40,44,36,36,34,36,49,49,40,50,37,42,44,54,38,45,44,44,59,56,50,34,29,72,58,48,54,44,43,58,48,46,62,70,52,49,49,50,54,58,48,55,43,48,69,58,52,40,61,58,66,36,65,65,61,48,63,60,57,54,57,53,52,18,59,73,56,55,56,54,68,58,56,36,55,60,67,56,75,86,68,54,60,46,56,60,49,52,52,44,52,58,58,50,47,65,45,14,48,54,54,68,57,40,29,42,59,49,67,59,38,58,58,52,44,60,59,50,44,49,50,48,47,50,47,51,42,44,54,37,56,54,58,62,54,52,43,43,62,49,48,53,40,55,62,57,58,62,57,50,52,52,49,58,54,61,55,36,51,54,39,42,65,57,43,39,45,48,36,45,45,50,49,44,37,39,44,68,40,41,47,48,46,59,52,55,60,46,46,44,57,55,35,45,46,54,43,38,58,51,49,46,51,44,42,44,55,51,42,44,44,56,36,44,43,56,63,60
638928393#0,94,96,108,92,102,110,97,100,115,114,116,85,99,109,107,105,97,111,105,105,97,123,112,125,103,139,101,126,110,134,115,115,125,96,111,121,147,131,125,112,98,87,132,127,153,146,144,134,113,142,117,126,131,141,148,130,140,122,138,124,149,125,162,151,149,126,132,131,139,100,120,148,145,121,147,129,139,151,129,126,142,133,154,132,118,160,170,120,124,120,158,150,154,140,138,155,160,145,150,136,156,119,87,125,144,139,163,135,150,138,116,115,161,147,107,154,100,151,165,124,90,91,98,133,133,141,110,132,165,157,157,160,109,152,121,125,170,149,120,118,170,134,147,133,143,167,134,122,136,116,156,85,159,147,162,160,142,151,151,122,126,159,147,120,157,155,164,145,174,159,128,92,142,109,131,149,136,116,108,124,161,140,156,115,139,155,135,124,119,151,132,144,136,120,126,138,139,107,132,144,111,153,134,122,132,153,111,124,137,123,130,118,155,144,103,136,164,159,118,133,103,163,135,113,95,148,140,131,168,162,148,164,169,126,142,108,119,133,140,155
688824222#0,119,107,133,101,91,129,115,120,152,139,139,86,116,141,139,110,131,134,140,120,106,124,132,134,123,137,135,140,123,132,139,128,164,133,102,154,175,190,139,145,105,99,154,160,170,144,177,162,122,126,179,135,165,175,146,153,141,146,162,144,151,170,170,177,193,129,134,158,166,128,117,169,166,160,157,110,200,165,163,133,161,171,162,173,124,191,178,167,167,97,186,172,153,163,179,200,147,105,195,163,166,88,68,182,204,212,170,197,188,154,127,177,189,188,161,170,97,185,195,155,151,142,87,167,150,202,169,159,166,168,181,219,175,187,142,179,167,197,149,153,222,150,210,140,139,227,180,185,170,178,208,114,173,186,209,208,230,198,212,176,155,156,206,164,227,170,186,183,234,193,215,116,187,184,155,200,179,144,134,137,211,205,198,157,130,187,192,182,134,213,170,209,155,165,175,169,191,135,149,177,172,230,174,177,200,189,196,151,144,187,207,158,182,202,140,154,242,190,200,182,101,189,168,190,105,202,195,179,185,158,216,217,233,141,200,156,179,140,169,208
688824223#0,153,147,174,160,123,152,138,150,173,172,180,124,159,197,187,163,174,185,167,167,139,147,161,165,144,159,206,179,176,162,174,162,223,171,128,203,216,224,203,167,166,122,174,200,238,187,224,220,177,181,260,200,219,236,200,217,172,196,240,230,193,217,232,210,245,183,176,209,240,166,160,228,214,200,213,169,258,226,229,166,200,220,212,219,180,276,220,226,228,162,231,232,206,236,236,277,209,151,242,234,227,130,91,202,239,281,220,261,244,232,192,236,281,240,232,227,149,234,268,237,184,168,128,221,218,249,223,199,214,222,232,289,244,233,219,257,258,258,221,220,303,203,274,207,200,287,244,249,226,246,270,204,244,236,261,258,280,253,281,228,230,264,263,212,305,315,220,206,303,231,235,160,255,294,200,296,200,183,183,228,263,289,266,217,205,248,249,253,214,268,232,267,209,201,261,218,236,166,206,228,219,307,228,236,265,276,267,224,206,262,302,230,268,274,190,207,300,254,276,247,157,287,218,262,176,264,260,240,253,244,283,266,315,209,278,233,247,180,219,340
705023782#0,0,0,0,0,0,0,0,0,0,0,0,0,0,0,0,0,0,0,0,0,0,0,0,0,0,0,0,0,0,0,0,0,0,0,0,0,0,0,0,0,0,0,0,0,0,0,0,0,0,0,0,0,0,0,0,0,0,0,0,0,0,0,0,0,0,0,0,0,0,0,0,0,0,0,0,0,0,0,0,0,0,0,0,0,0,0,0,0,0,0,0,0,0,0,0,0,0,0,0,0,0,0,0,0,0,0,0,0,0,0,0,0,0,0,0,0,0,0,0,0,0,0,0,0,0,0,0,0,0,0,0,0,0,0,0,0,0,0,0,0,0,0,0,0,0,0,0,0,0,0,0,0,0,0,0,0,0,0,0,0,0,0,0,0,0,0,0,0,0,0,0,0,0,0,0,0,0,0,0,0,0,0,0,0,0,0,0,0,0,0,0,0,0,0,0,0,0,0,0,0,0,0,0,0,0,0,0,0,0,0,0,0,0,0,0,0,0,0,0,0,0,0,0,0,0,0,0,0,0,0,0,0,0,0,0,0,0,0,0,0
719664029,0,0,0,0,0,0,0,0,0,0,0,0,0,0,0,0,0,0,0,0,0,0,0,0,0,0,0,0,0,0,0,0,0,0,0,0,0,0,0,0,0,0,0,0,0,0,0,0,0,0,0,0,0,0,0,0,0,0,0,0,0,0,0,0,0,0,0,0,0,0,0,0,0,0,0,0,0,0,0,0,0,0,0,0,0,0,0,0,0,0,0,0,0,0,0,0,0,0,0,0,0,0,0,0,0,0,0,0,0,0,0,0,0,0,0,0,0,0,0,0,0,0,0,0,0,0,0,0,0,0,0,0,0,0,0,0,0,0,0,0,0,0,0,0,0,0,0,0,0,0,0,0,0,0,0,0,0,0,0,0,0,0,0,0,0,0,0,0,0,0,0,0,0,0,0,0,0,0,0,0,0,0,0,0,0,0,0,0,0,0,0,0,0,0,0,0,0,0,0,0,0,0,0,0,0,0,0,0,0,0,0,0,0,0,0,0,0,0,0,0,0,0,0,0,0,0,0,0,0,0,0,0,0,0,0,0,0,0,0,0
72099280#1,34,32,20,24,25,13,31,19,29,32,30,31,26,24,24,34,20,36,18,25,22,40,40,30,33,22,29,18,38,20,35,27,30,30,33,35,21,40,24,41,48,45,38,33,40,38,40,34,55,32,42,31,39,38,34,33,29,42,28,40,32,42,51,45,47,48,44,40,50,32,42,40,40,27,42,36,36,48,38,56,30,42,37,43,49,48,35,30,30,38,48,37,53,36,57,48,54,45,38,56,45,42,41,36,48,34,36,33,51,28,49,41,42,43,44,44,43,40,36,50,41,47,27,48,28,42,40,39,34,32,40,30,51,28,33,28,40,47,42,48,47,52,33,54,36,40,39,48,53,34,40,24,45,26,44,40,38,40,44,31,35,45,36,50,34,32,57,37,60,38,35,37,38,47,43,40,42,50,37,36,36,34,43,36,46,35,37,40,49,36,46,27,49,27,38,36,34,48,50,36,34,38,35,26,38,27,30,36,36,37,52,51,38,45,36,44,36,41,30,37,36,34,43,64,49,53,40,48,33,45,32,36,35,30,47,41,42,39,46,35
730432812#0,0,0,0,0,0,0,0,0,0,0,0,0,0,0,0,0,0,0,0,0,0,0,0,0,0,0,0,0,0,0,0,0,0,0,0,0,0,0,0,0,0,0,0,0,0,0,0,0,0,0,0,0,0,0,0,0,0,0,0,0,0,0,0,0,0,0,0,0,0,0,0,0,0,0,0,0,0,0,0,0,0,0,0,0,0,0,0,0,0,0,0,0,0,0,0,0,0,0,0,0,0,0,0,0,0,0,0,0,0,0,0,0,0,0,0,0,0,0,0,0,0,0,0,0,0,0,0,0,0,0,0,0,0,0,0,0,0,0,0,0,0,0,0,0,0,0,0,0,0,0,0,0,0,0,0,0,0,0,0,0,0,0,0,0,0,0,0,0,0,0,0,0,0,0,0,0,0,0,0,0,0,0,0,0,0,0,0,0,0,0,0,0,0,0,0,0,0,0,0,0,0,0,0,0,0,0,0,0,0,0,0,0,0,0,0,0,0,0,0,0,0,0,0,0,0,0,0,0,0,0,0,0,0,0,0,0,0,0,0,0
736430942,37,30,16,27,37,21,16,39,12,24,38,33,15,33,20,22,36,44,22,25,31,37,20,29,40,29,15,21,33,41,27,10,24,30,28,10,13,23,32,20,10,30,30,27,14,26,30,36,14,15,40,44,36,20,24,38,40,19,36,49,50,38,24,33,36,46,21,19,40,44,29,19,40,37,20,19,35,47,34,19,29,39,48,36,22,26,53,42,32,30,20,40,37,42,27,18,39,48,47,33,25,24,40,42,27,31,37,33,35,26,27,35,36,31,27,28,34,38,20,31,32,40,22,38,39,38,30,13,35,34,28,44,26,22,35,40,25,19,33,42,32,28,13,45,40,36,32,22,12,32,44,39,30,20,17,24,36,34,30,16,22,32,32,37,22,19,36,42,44,41,24,27,37,19,30,14,22,34,35,26,14,11,17,14,30,36,29,15,25,35,31,28,24,19,38,40,43,32,22,15,34,36,35,29,14,10,26,25,25,18,21,34,26,12,10,27,30,32,22,12,38,25,17,12,14,34,35,36,24,15,45,36,19,7,25,30,24,23,18,42
747182858,42,36,54,65,42,59,70,32,53,42,54,43,57,44,56,53,65,46,43,53,50,61,65,67,54,49,66,55,46,49,49,69,68,67,58,59,59,59,60,47,59,57,52,47,78,60,68,58,55,56,64,50,38,59,62,51,57,54,57,72,62,55,60,66,72,71,68,50,58,55,45,58,43,52,55,60,73,89,68,71,62,55,57,51,59,80,76,55,49,64,43,75,61,61,52,59,66,75,72,65,75,64,80,67,49,58,51,72,41,61,51,58,54,38,56,74,67,74,65,53,62,43,65,47,45,68,60,43,53,42,64,67,65,60,50,50,65,53,47,52,62,60,67,53,49,57,57,60,43,51,42,60,35,58,52,52,51,58,32,53,51,49,62,61,35,55,48,48,48,44,31,55,61,76,51,41,47,36,36,29,51,52,38,50,44,51,55,49,70,54,57,59,62,44,56,55,49,42,42,52,40,39,46,34,62,49,50,42,28,46,55,53,57,49,36,55,63,49,54,55,71,40,49,35,40,49,42,60,25,56,45,60,61,47,58,56,48,51,63,51
760700372,42,31,18,29,57,26,12,66,27,21,43,51,36,29,60,29,46,36,24,23,42,42,43,29,40,33,37,19,24,61,32,51,59,25,20,46,50,75,47,62,64,44,38,23,38,34,46,48,22,47,54,50,52,48,60,38,48,35,32,39,48,44,43,17,43,62,52,73,52,84,61,48,46,43,69,40,40,43,44,23,39,54,53,42,37,37,49,51,26,26,36,47,34,57,46,51,57,71,83,46,42,53,38,36,46,35,20,32,46,52,48,66,83,49,38,21,22,68,82,104,99,42,35,92,76,63,87,48,41,49,36,44,40,72,22,51,63,38,53,71,105,71,81,38,51,50,76,68,89,37,88,76,56,62,92,55,26,21,24,63,55,57,54,31,62,30,41,29,48,58,46,33,53,37,13,31,42,43,37,68,50,50,54,59,29,29,40,38,22,60,46,48,48,30,60,29,27,42,40,35,52,45,42,31,35,48,45,46,18,40,46,40,51,25,56,45,40,66,46,16,19,45,56,41,45,60,45,55,45,54,53,46,43,90,78,27,18,22,25,62
763175324#1,161,160,156,153,112,190,147,166,198,175,171,120,141,176,169,144,157,169,192,166,133,159,190,177,162,197,191,178,186,144,196,147,224,172,123,214,241,227,176,178,134,135,176,214,243,188,238,213,169,168,216,152,190,215,195,207,172,185,220,172,193,208,212,212,232,186,154,186,219,155,138,228,191,172,219,139,234,203,201,161,207,206,211,194,153,276,254,198,220,125,214,240,200,193,221,278,264,153,247,219,234,135,92,206,223,252,241,219,224,210,169,194,249,240,186,250,112,218,253,193,182,179,107,208,173,202,204,190,227,207,212,236,202,247,157,221,246,221,166,164,274,158,252,187,191,267,221,227,204,204,260,136,229,210,240,269,273,214,264,195,195,232,252,180,248,258,235,207,289,248,254,166,246,240,168,270,203,176,152,195,238,234,251,200,177,254,254,232,161,264,217,254,196,205,226,211,244,151,170,197,220,300,201,257,290,242,255,186,189,236,278,182,222,255,187,181,299,239,240,246,112,245,205,224,122,239,240,210,227,228,253,272,286,175,238,214,244,179,196,270
763175325#0,56,70,61,58,45,77,51,66,62,72,65,47,52,69,69,60,61,57,64,63,45,67,76,69,55,86,63,73,66,71,75,54,88,53,53,80,44,0,0,0,0,0,0,0,0,0,0,0,0,0,0,19,69,87,97,70,79,67,102,65,71,73,113,75,90,79,48,79,99,56,48,94,77,63,107,54,86,97,74,61,77,84,98,76,64,139,111,69,85,40,67,107,93,73,78,140,153,101,80,84,105,54,47,85,80,101,100,88,88,81,71,65,102,90,75,133,49,89,122,97,64,67,43,96,54,74,72,85,123,105,80,89,72,118,51,72,149,99,54,56,128,63,93,84,105,104,82,70,73,55,118,40,114,95,96,111,112,77,116,59,66,122,101,62,91,128,128,67,95,99,70,49,86,95,68,113,75,52,55,93,86,77,121,69,83,102,90,96,50,97,79,92,78,72,79,64,88,54,69,65,63,121,66,63,100,97,74,84,57,78,102,65,74,95,48,56,94,117,70,105,33,106,69,66,35,83,93,66,96,116,97,106,121,66,81,75,79,71,76,101
763175325#0-AddedOnRampEdge,0,0,0,0,0,0,0,0,0,0,0,0,0,0,0,0,0,0,0,0,0,0,0,0,0,0,0,0,0,0,0,0,0,0,0,0,0,0,0,0,0,0,0,0,0,0,0,0,0,0,0,0,0,0,0,0,0,0,0,0,0,0,0,0,0,0,0,0,0,0,0,0,0,0,0,0,0,0,0,0,0,0,0,0,0,0,0,0,0,0,0,0,0,0,0,0,0,0,0,0,0,0,0,0,0,0,0,0,0,0,0,0,0,0,0,0,0,0,0,0,0,0,0,0,0,0,0,0,0,0,0,0,0,0,0,0,0,0,0,0,0,0,0,0,0,0,0,0,0,0,0,0,0,0,0,0,0,0,0,0,0,0,0,0,0,0,0,0,0,0,0,0,0,0,0,0,0,0,0,0,0,0,0,0,0,0,0,0,0,0,0,0,0,0,0,0,0,0,0,0,0,0,0,0,0,0,0,0,0,0,0,0,0,0,0,0,0,0,0,0,0,0,0,0,0,0,0,0,0,0,0,0,0,0,0,0,0,0,0,0
763175328,0,0,0,0,0,0,0,0,0,0,0,0,0,0,0,0,0,0,0,0,0,0,0,0,0,0,0,0,0,0,0,0,0,0,0,0,0,0,0,0,0,0,0,0,0,0,0,0,0,0,0,0,0,0,0,0,0,0,0,0,0,0,0,0,0,0,0,0,0,0,0,0,0,0,0,0,0,0,0,0,0,0,0,0,0,0,0,0,0,0,0,0,0,0,0,0,0,0,0,0,0,0,0,0,0,0,0,0,0,0,0,0,0,0,0,0,0,0,0,0,0,0,0,0,0,0,0,0,0,0,0,0,0,0,0,0,0,0,0,0,0,0,0,0,0,0,0,0,0,0,0,0,0,0,0,0,0,0,0,0,0,0,0,0,0,0,0,0,0,0,0,0,0,0,0,0,0,0,0,0,0,0,0,0,0,0,0,0,0,0,0,0,0,0,0,0,0,0,0,0,0,0,0,0,0,0,0,0,0,0,0,0,0,0,0,0,0,0,0,0,0,0,0,0,0,0,0,0,0,0,0,0,0,0,0,0,0,0,0,0
763175329#0,50,54,46,57,40,56,41,54,55,47,53,40,50,55,51,56,57,61,69,43,66,38,51,38,65,37,47,45,57,47,30,54,41,53,45,51,43,45,35,66,66,49,73,57,67,52,57,45,82,50,65,42,28,63,52,63,54,71,59,58,80,65,67,44,70,48,61,47,61,55,55,52,63,63,68,70,57,64,37,62,52,59,43,47,40,69,39,69,63,49,48,46,58,46,57,45,66,57,47,65,46,59,72,55,64,71,57,32,37,63,90,65,72,55,23,64,56,61,77,64,63,38,56,67,39,72,37,56,80,43,34,74,57,36,42,54,62,53,53,35,82,41,19,81,43,63,62,38,29,75,61,29,60,60,31,50,52,59,62,58,49,28,62,53,41,61,77,54,60,54,49,49,35,48,50,62,53,54,39,56,46,58,54,42,51,47,36,23,39,65,48,39,57,58,50,70,46,31,45,59,64,34,61,57,52,48,55,56,47,43,59,58,54,70,44,56,19,12,18,66,52,36,66,55,42,46,53,33,34,37,54,36,40,57,46,48,39,49,44,56
763175329#3,73,75,73,77,70,76,74,71,86,63,98,48,89,63,92,69,95,79,76,78,90,71,76,82,76,74,63,72,80,66,47,82,70,72,75,74,75,59,53,93,93,71,114,90,96,86,78,80,96,84,90,86,59,80,83,89,79,110,83,88,106,101,84,86,88,93,81,88,76,98,76,96,90,104,92,108,81,87,60,101,91,89,77,75,89,91,78,89,86,109,85,80,84,74,90,89,95,96,103,96,74,81,91,69,84,126,116,88,67,73,107,77,120,108,67,87,74,77,129,109,84,58,114,93,54,133,90,90,116,92,47,79,102,94,88,64,69,60,107,69,103,90,52,112,100,84,94,81,53,84,112,59,79,98,65,70,63,90,97,95,76,53,86,94,68,107,101,102,84,92,84,93,59,71,82,80,82,85,64,83,71,72,83,90,71,87,58,46,81,86,83,79,96,77,92,95,91,52,62,76,113,62,92,90,83,76,92,99,63,86,77,104,77,103,70,87,37,39,46,112,71,75,84,93,62,89,86,61,49,69,94,61,76,74,87,62,80,81,81,71
763175330#0,115,81,63,116,43,85,89,52,112,50,69,84,59,118,77,61,120,52,58,81,63,80,118,63,80,85,66,102,78,62,106,74,57,107,72,41,65,48,73,112,88,62,87,91,47,72,73,43,76,89,63,80,79,66,62,63,73,67,69,87,73,78,81,63,81,60,87,71,70,95,89,70,51,62,117,81,68,87,116,82,92,80,72,68,105,135,86,77,81,128,79,53,74,75,150,56,63,105,98,61,60,69,148,65,53,59,99,140,66,75,77,115,124,70,78,114,99,54,53,92,83,53,53,97,77,77,86,99,64,54,75,85,65,62,74,95,72,66,77,56,66,75,46,101,59,52,40,84,57,55,75,132,65,52,56,46,53,140,64,52,63,63,53,76,56,55,45,75,57,35,75,49,46,64,41,47,64,86,43,45,39,80,60,36,61,49,119,54,49,59,44,33,70,78,119,62,48,88,66,57,43,41,68,104,38,57,44,71,64,60,67,48,100,65,52,80,92,51,46,49,98,79,56,47,103,49,66,66,33,71,61,70,59,56,92,68,56,75,65,64
763282652,37,30,16,27,37,21,16,39,12,24,38,33,15,33,20,22,36,44,22,25,31,37,20,29,40,29,15,21,33,41,27,10,24,30,28,10,13,23,32,20,10,30,30,27,14,26,30,36,14,15,40,44,36,20,24,38,40,19,36,49,50,38,24,33,36,46,21,19,40,44,29,19,40,37,20,19,35,47,34,19,29,39,48,36,22,26,53,42,32,30,20,40,37,42,27,18,39,48,47,33,25,24,40,42,27,31,37,33,35,26,27,35,36,31,27,28,34,38,20,31,32,40,22,38,39,38,30,13,35,34,28,44,26,22,35,40,25,19,33,42,32,28,13,45,40,36,32,22,12,32,44,39,30,20,17,24,36,34,30,16,22,32,32,37,22,19,36,42,44,41,24,27,37,19,30,14,22,34,35,26,14,11,17,14,30,36,29,15,25,35,31,28,24,19,38,40,43,32,22,15,34,36,35,29,14,10,26,25,25,18,21,34,26,12,10,27,30,32,22,12,38,25,17,12,14,34,35,36,24,15,45,36,19,7,25,30,24,23,18,42
763290544#0,108,120,137,79,116,124,83,107,142,61,119,142,141,137,145,128,105,118,73,131,146,82,124,142,119,130,139,100,128,178,86,134,153,132,132,140,129,149,148,90,141,126,116,147,182,96,134,138,151,146,205,166,133,130,123,155,170,152,124,141,98,157,178,138,126,146,159,141,172,158,134,147,158,152,144,155,141,125,155,156,163,171,125,159,128,141,199,133,139,172,151,153,159,137,144,161,159,138,183,155,140,138,168,127,158,160,136,160,162,116,148,162,135,141,172,170,179,188,147,149,160,104,168,149,129,134,165,116,157,166,164,185,183,170,159,192,152,135,181,177,132,63,141,151,170,157,100,177,147,135,154,139,139,159,133,127,122,152,112,158,140,120,154,114,132,131,127,140,132,158,149,135,109,146,144,138,123,143,155,168,185,153,127,144,184,136,120,150,108,104,123,130,134,123,124,147,124,157,151,109,125,130,144,68,74,135,149,176,130,141,113,102,151,150,113,147,128,149,138,154,137,156,138,133,149,103,148,136,154,129,123,158,115,140,146,92,140,162,89,159
763290544#1,61,63,70,44,61,62,46,55,81,33,65,73,74,73,79,66,53,65,38,68,86,44,64,70,69,73,67,55,72,97,47,70,86,74,71,74,69,75,79,51,72,68,65,90,100,53,67,70,80,83,133,95,67,70,66,79,95,89,57,73,55,80,97,77,63,71,92,71,87,87,68,75,96,72,77,89,74,67,93,81,89,96,61,85,70,79,107,73,66,88,86,77,85,82,75,81,93,74,98,81,73,69,100,62,84,93,66,81,95,65,77,90,74,73,83,97,105,100,71,83,91,55,90,85,63,71,97,56,82,96,84,101,102,102,85,108,86,64,89,100,63,29,69,90,98,75,48,98,86,65,81,78,65,82,81,63,63,90,57,84,75,64,79,48,72,71,62,84,65,85,84,69,51,70,80,72,62,80,84,86,95,86,65,76,104,76,62,82,54,51,62,78,74,61,70,81,60,78,84,54,61,74,83,37,40,64,74,87,70,69,54,53,94,82,54,82,73,75,70,76,77,86,72,66,80,51,73,67,81,71,61,91,60,75,77,46,72,93,45,83
763290547#0,32,16,14,48,27,42,17,31,24,0,0,0,0,28,19,42,23,37,15,37,17,42,7,0,0,0,0,0,0,0,0,0,0,0,0,0,0,0,0,0,0,0,0,18,25,35,35,23,48,28,11,14,0,0,0,0,0,0,18,37,21,31,20,29,26,47,19,33,0,0,0,0,0,21,51,27,30,27,13,60,22,37,9,0,0,0,0,0,22,31,10,42,32,56,18,50,16,0,0,0,0,0,0,7,37,12,45,12,38,42,24,11,0,0,0,0,0,0,45,16,31,14,46,28,35,15,15,0,0,0,0,0,0,13,17,33,58,9,10,77,25,33,0,0,0,0,0,0,38,36,25,33,14,38,15,37,12,59,31,0,0,0,0,35,22,9,30,11,32,14,8,12,31,0,0,0,0,0,16,13,52,20,11,37,20,22,42,19,0,0,0,0,0,40,26,10,9,40,14,39,13,25,0,0,0,0,0,0,23,21,23,29,8,24,18,34,13,0,0,0,0,0,0,14,33,16,26,38,16,17,43,15,11,0,0,0,0,0,15,35
763290548#0,66,120,82,104,70,92,90,92,89,103,100,83,100,86,105,87,43,88,93,82,70,126,50,65,103,88,60,65,109,72,65,67,150,52,62,41,106,36,58,80,132,68,67,95,110,51,95,100,83,63,98,68,73,82,93,74,111,61,100,92,84,105,103,80,88,104,66,109,90,47,106,103,86,101,68,72,106,105,77,100,159,72,70,36,42,139,78,75,84,96,74,73,125,66,86,76,114,54,111,105,111,69,91,120,88,50,80,119,104,112,41,126,61,88,120,56,53,119,108,76,81,87,85,78,141,54,76,76,112,74,80,53,119,107,112,75,108,104,69,63,98,108,73,47,56,86,72,44,89,93,72,92,116,89,111,78,60,78,128,43,69,77,47,59,106,112,59,64,102,103,57,49,104,113,90,47,30,59,78,114,64,66,59,89,115,50,56,69,123,124,54,49,111,88,81,90,66,145,101,89,71,38,93,117,76,86,92,64,69,100,124,76,79,52,81,45,132,73,48,71,101,65,80,116,100,78,100,103,82,73,57,56,80,124,31,78,67,70,71,96
763405053,17,3,17,16,8,21,18,12,20,28,9,22,19,5,21,18,11,20,32,16,17,13,16,19,23,9,19,25,17,21,23,12,20,25,19,24,26,19,21,23,25,19,20,12,23,24,15,22,34,15,20,28,11,23,30,12,25,29,15,27,29,14,27,26,9,25,26,15,27,28,10,23,30,13,26,22,7,19,29,10,31,20,9,25,29,13,30,22,13,21,32,13,33,28,13,28,21,8,25,24,12,31,33,11,25,16,19,19,11,23,27,20,17,24,29,13,30,28,13,26,27,7,29,20,10,23,38,11,23,29,10,26,32,12,21,25,9,21,30,9,24,35,21,19,22,9,26,21,7,26,23,6,17,25,10,29,35,12,23,30,19,16,26,17,22,34,7,22,29,15,24,20,6,23,26,6,26,12,21,33,15,13,22,16,15,21,31,10,22,24,11,19,26,10,16,22,8,27,31,13,20,25,13,27,30,4,23,34,11,23,25,15,23,30,9,15,29,12,25,22,17,24,28,10,17,23,11,24,20,32,24,27,12,23,27,10,19,20,14,21
764329018#0,91,101,65,106,93,89,126,80,98,88,112,81,98,96,104,72,116,102,94,117,90,71,132,97,87,121,126,102,140,104,86,74,59,89,130,53,72,89,105,83,124,60,84,121,67,68,74,62,78,110,69,89,69,80,124,96,85,74,69,89,150,96,97,59,97,128,63,95,88,123,82,89,110,83,124,105,67,134,98,106,139,88,116,146,142,121,151,64,98,140,118,90,131,85,162,103,69,130,83,84,84,69,156,103,65,82,64,139,137,119,99,95,102,88,134,119,81,82,61,144,104,83,50,90,108,116,83,92,64,95,124,99,105,82,94,117,78,80,121,112,65,78,113,120,75,114,118,93,47,63,122,133,94,70,79,69,64,124,91,61,74,66,83,105,61,83,70,81,67,54,128,85,75,113,91,64,122,123,61,87,98,93,72,67,79,135,102,120,91,83,126,74,118,100,99,89,70,88,90,76,73,131,111,97,82,73,117,97,73,76,55,112,117,121,73,97,93,58,74,77,58,122,82,77,139,56,86,77,83,136,76,97,121,101,92,89,61,84,58,142
764329020,20,22,20,14,20,12,14,17,12,10,10,7,10,10,12,14,10,10,9,14,5,8,14,13,12,12,18,9,2,6,13,11,19,18,10,18,18,24,16,12,10,13,22,16,13,16,18,16,17,18,18,24,22,22,32,22,36,38,38,26,24,26,32,26,21,26,26,20,38,26,29,36,26,26,15,16,10,24,32,26,32,36,20,12,14,24,30,17,28,22,15,16,13,13,22,27,13,13,14,34,22,24,26,24,22,20,18,27,29,18,17,28,16,22,28,30,30,30,25,28,34,22,23,24,14,6,12,20,19,11,12,20,15,22,16,22,21,16,14,14,10,14,21,26,24,22,21,16,18,20,13,16,22,17,26,25,22,12,19,22,24,20,21,32,27,16,40,24,20,15,14,22,26,23,18,29,24,18,23,18,16,22,26,18,10,14,14,28,22,16,17,26,18,12,14,23,22,21,26,19,18,22,22,25,18,20,18,20,22,28,26,24,23,18,13,17,20,16,26,18,20,23,27,16,18,21,20,24,20,24,18,18,14,14,22,18,22,18,16,18
764329022#0,121,85,118,113,138,99,96,109,111,97,94,108,94,105,84,129,82,145,86,106,105,160,101,124,113,131,106,132,119,141,117,150,108,98,143,122,128,104,122,94,103,135,202,139,83,172,167,132,124,150,67,138,145,132,144,152,168,141,116,123,211,118,151,161,126,96,173,145,98,66,182,140,153,135,91,222,114,124,108,112,180,149,132,111,197,91,140,135,76,215,187,128,162,183,178,99,114,172,189,127,208,199,141,111,170,112,231,145,158,160,120,71,164,149,103,72,162,208,134,75,91,80,161,112,171,140,87,110,145,105,257,172,100,96,158,145,127,123,137,142,96,194,101,186,158,152,137,110,154,136,104,130,173,133,186,188,103,197,130,111,154,152,99,160,171,166,130,164,188,178,97,151,215,99,166,148,141,156,117,155,156,157,86,89,172,143,140,66,221,163,106,104,186,137,109,184,112,79,158,215,126,74,182,198,120,160,100,108,264,140,78,130,276,102,120,221,162,128,75,60,188,188,124,85,138,210,98,144,172,141,122,216,140,170,119,88,69,158,193,119
764332432#0,19,14,26,19,26,18,24,19,25,23,24,24,15,20,22,18,25,17,21,19,20,29,19,33,15,25,25,26,18,26,16,32,18,23,24,24,22,23,30,19,26,24,16,20,34,16,27,27,33,30,33,33,27,26,31,26,35,28,35,23,26,32,32,28,25,32,30,27,33,38,25,28,18,37,29,36,22,29,38,29,34,28,32,22,25,35,40,20,20,31,46,33,28,28,42,47,26,38,36,31,43,40,25,37,30,36,38,21,13,30,23,36,40,25,29,26,26,31,36,34,24,34,32,50,42,42,35,37,28,31,47,41,42,47,16,50,63,35,30,28,64,54,17,52,70,34,21,18,65,25,20,29,70,64,51,36,27,52,48,31,20,65,66,32,7,14,61,49,16,56,66,68,54,24,32,63,63,55,60,50,19,62,37,32,37,16,34,74,63,50,32,34,65,57,32,44,66,31,63,44,26,16,61,53,42,40,36,41,42,47,40,42,32,45,37,26,27,34,54,41,26,28,48,44,27,40,41,38,34,33,49,46,44,40,54,46,38,36,37,48
764406991#0,22,43,27,25,16,11,25,23,24,15,32,15,19,21,22,25,14,9,8,21,36,16,8,7,21,18,14,11,25,24,7,20,21,11,7,26,17,8,25,12,19,26,8,21,19,21,10,22,19,14,13,25,15,29,27,21,20,25,16,25,9,22,14,22,12,30,17,19,14,16,12,22,17,17,22,6,24,22,15,15,26,17,18,10,18,10,22,10,14,17,5,16,23,11,20,8,22,14,21,21,8,28,13,24,14,11,25,19,24,35,14,18,20,19,22,15,21,18,25,11,24,13,26,11,27,12,25,12,12,18,16,26,12,14,15,18,17,20,15,11,23,18,5,11,21,20,12,25,25,10,15,24,17,25,12,23,19,24,21,7,17,14,30,22,24,15,12,28,11,20,11,10,24,18,15,15,13,24,17,10,22,14,14,21,26,12,10,16,19,12,25,26,17,36,18,26,20,23,37,14,8,27,16,12,21,25,15,11,36,28,21,27,33,22,36,27,24,16,30,25,22,35,33,23,32,28,22,27,18,14,16,26,26,22,11,17,27,19,13,12
764406992,55,60,41,73,43,53,42,55,48,15,32,15,19,49,40,67,37,46,23,58,53,58,15,7,21,18,14,11,25,24,7,20,21,11,7,26,17,8,25,12,19,26,8,39,44,56,45,45,67,42,25,39,15,29,27,21,20,25,34,62,30,53,34,51,37,77,36,52,14,16,12,22,17,38,73,32,53,48,27,75,47,54,27,10,18,10,22,10,36,48,15,59,55,67,39,58,38,14,21,21,8,28,13,31,50,24,70,31,62,78,38,29,20,19,22,15,21,18,70,27,55,27,72,39,62,27,41,12,12,18,16,26,12,27,32,51,76,29,25,88,47,51,5,11,21,20,12,25,63,46,40,58,30,64,27,60,31,83,52,7,17,14,30,57,46,24,42,39,43,34,19,22,55,18,15,15,13,24,33,22,73,34,26,58,46,35,53,35,19,12,25,26,17,76,45,36,29,63,51,53,21,52,16,12,21,25,15,11,58,49,44,56,41,47,54,62,37,16,30,25,22,35,33,37,65,44,48,65,34,31,59,41,37,22,11,17,27,19,29,47
766406224#0,0,0,0,0,0,0,0,0,0,0,0,0,0,0,0,0,0,0,0,0,0,0,0,0,0,0,0,0,0,0,0,0,0,0,0,0,0,0,0,0,0,0,0,0,0,0,0,0,0,0,0,0,0,0,0,0,0,0,0,0,0,0,0,0,0,0,0,0,0,0,0,0,0,0,0,0,0,0,0,0,0,0,0,0,0,0,0,0,0,0,0,0,0,0,0,0,0,0,0,0,0,0,0,0,0,0,0,0,0,0,0,0,0,0,0,0,0,0,0,0,0,0,0,0,0,0,0,0,0,0,0,0,0,0,0,0,0,0,0,0,0,0,0,0,0,0,0,0,0,0,0,0,0,0,0,0,0,0,0,0,0,0,0,0,0,0,0,0,0,0,0,0,0,0,0,0,0,0,0,0,0,0,0,0,0,0,0,0,0,0,0,0,0,0,0,0,0,0,0,0,0,0,0,0,0,0,0,0,0,0,0,0,0,0,0,0,0,0,0,0,0,0,0,0,0,0,0,0,0,0,0,0,0,0,0,0,0,0,0,0
766406229,0,0,0,0,0,0,0,0,0,0,0,0,0,0,0,0,0,0,0,0,0,0,0,0,0,0,0,0,0,0,0,0,0,0,0,0,0,0,0,0,0,0,0,0,0,0,0,0,0,0,0,0,0,0,0,0,0,0,0,0,0,0,0,0,0,0,0,0,0,0,0,0,0,0,0,0,0,0,0,0,0,0,0,0,0,0,0,0,0,0,0,0,0,0,0,0,0,0,0,0,0,0,0,0,0,0,0,0,0,0,0,0,0,0,0,0,0,0,0,0,0,0,0,0,0,0,0,0,0,0,0,0,0,0,0,0,0,0,0,0,0,0,0,0,0,0,0,0,0,0,0,0,0,0,0,0,0,0,0,0,0,0,0,0,0,0,0,0,0,0,0,0,0,0,0,0,0,0,0,0,0,0,0,0,0,0,0,0,0,0,0,0,0,0,0,0,0,0,0,0,0,0,0,0,0,0,0,0,0,0,0,0,0,0,0,0,0,0,0,0,0,0,0,0,0,0,0,0,0,0,0,0,0,0,0,0,0,0,0,0
766406230,69,60,105,113,59,105,122,67,86,90,78,92,103,74,112,97,94,85,69,90,76,111,120,129,94,76,127,93,73,82,78,131,133,116,88,133,120,90,100,81,124,113,89,80,158,144,111,104,106,119,108,85,68,104,147,96,87,132,134,109,91,78,138,113,105,101,112,141,110,92,82,123,103,77,122,128,108,131,103,160,148,96,84,78,136,156,131,83,75,126,103,122,118,93,108,130,115,115,111,86,154,125,110,106,87,123,94,116,78,120,108,108,92,62,118,138,106,109,144,115,104,95,132,94,78,107,108,95,93,89,110,113,125,110,76,82,129,104,94,87,92,120,124,107,99,105,85,126,92,94,85,103,86,112,102,100,100,101,75,118,101,85,93,98,75,118,92,118,89,82,71,121,102,130,87,88,106,63,60,66,102,108,85,96,93,81,107,119,128,112,94,87,114,87,108,86,84,71,92,100,81,80,69,65,121,116,90,80,64,99,111,104,92,107,90,91,117,90,116,112,111,66,103,87,91,96,90,112,74,122,88,99,113,94,106,88,88,107,132,106
766406977,80,116,89,122,126,104,140,160,101,134,152,104,131,72,109,72,117,121,108,136,116,91,134,126,90,130,168,121,142,138,89,103,58,94,144,83,100,105,81,79,134,70,105,145,111,83,105,54,90,158,76,94,66,114,161,149,82,63,62,125,190,102,120,99,96,135,61,146,90,99,94,132,156,79,136,153,41,148,86,129,152,120,146,171,158,143,163,62,121,132,120,134,146,96,139,112,104,153,72,127,86,102,176,139,106,137,51,116,162,126,151,103,83,82,160,152,65,84,111,182,96,144,61,90,153,134,128,81,60,136,147,129,162,98,128,158,80,136,139,167,114,123,190,130,100,162,159,137,56,88,145,134,157,103,130,93,96,122,115,119,140,62,102,115,74,87,100,109,90,95,155,130,108,161,173,102,225,152,106,116,138,129,110,125,105,234,146,165,136,122,204,159,131,135,149,118,119,134,164,149,172,200,163,118,112,111,230,153,113,110,84,205,173,153,134,158,113,65,115,118,77,142,130,160,140,107,94,110,148,202,116,151,161,114,130,183,100,88,76,179
91890603,50,54,46,57,40,56,41,54,55,47,53,40,50,55,51,56,57,61,69,43,66,38,51,38,65,37,47,45,57,47,30,54,41,53,45,51,43,45,35,66,66,49,73,57,67,52,57,45,82,50,65,42,28,63,52,63,54,71,59,58,80,65,67,44,70,48,61,47,61,55,55,52,63,63,68,70,57,64,37,62,52,59,43,47,40,69,39,69,63,49,48,46,58,46,57,45,66,57,47,65,46,59,72,55,64,71,57,32,37,63,90,65,72,55,23,64,56,61,77,64,63,38,56,67,39,72,37,56,80,43,34,74,57,36,42,54,62,53,53,35,82,41,19,81,43,63,62,38,29,75,61,29,60,60,31,50,52,59,62,58,49,28,62,53,41,61,77,54,60,54,49,49,35,48,50,62,53,54,39,56,46,58,54,42,51,47,36,23,39,65,48,39,57,58,50,70,46,31,45,59,64,34,61,57,52,48,55,56,47,43,59,58,54,70,44,56,19,12,18,66,52,36,66,55,42,46,53,33,34,37,54,36,40,57,46,48,39,49,44,56
91892803#0,0,0,0,0,0,0,0,0,0,0,0,0,0,0,0,0,0,0,0,0,0,0,0,0,0,0,0,0,0,0,0,0,0,0,0,0,0,0,0,0,0,0,0,0,0,0,0,0,0,0,0,0,0,0,0,0,0,0,0,0,0,0,0,0,0,0,0,0,0,0,0,0,0,0,0,0,0,0,0,0,0,0,0,0,0,0,0,0,0,0,0,0,0,0,0,0,0,0,0,0,0,0,0,0,0,0,0,0,0,0,0,0,0,0,0,0,0,0,0,0,0,0,0,0,0,0,0,0,0,0,0,0,0,0,0,0,0,0,0,0,0,0,0,0,0,0,0,0,0,0,0,0,0,0,0,0,0,0,0,0,0,0,0,0,0,0,0,0,0,0,0,0,0,0,0,0,0,0,0,0,0,0,0,0,0,0,0,0,0,0,0,0,0,0,0,0,0,0,0,0,0,0,0,0,0,0,0,0,0,0,0,0,0,0,0,0,0,0,0,0,0,0,0,0,0,0,0,0,0,0,0,0,0,0,0,0,0,0,0,0
91894181#0,35,59,48,63,55,64,64,52,75,41,76,54,84,43,54,53,52,72,60,55,86,59,54,78,41,62,48,68,42,56,52,69,38,75,44,85,60,66,70,54,76,47,80,59,87,54,78,64,89,52,68,55,59,92,74,88,85,76,87,84,98,53,81,64,84,76,78,78,51,86,68,86,62,100,60,91,62,75,70,80,52,81,59,77,76,77,69,74,58,71,81,60,87,64,84,68,88,64,70,92,88,90,66,56,44,59,74,67,90,104,81,67,66,68,82,95,98,60,63,87,86,65,92,78,60,88,70,110,98,76,91,73,64,70,68,92,86,53,68,70,80,77,67,84,76,90,72,58,57,74,62,52,90,74,60,99,75,58,78,78,81,53,82,76,93,64,68,79,87,83,62,58,69,73,67,52,61,56,67,49,56,25,34,65,68,82,69,42,67,81,49,53,58,81,68,90,86,70,88,60,61,52,72,56,82,66,72,55,61,66,65,93,81,90,63,74,42,44,49,51,86,72,58,63,36,79,48,68,48,54,57,66,70,60,72,58,70,66,68,63
